año,municipio,poblacion,pct_poverty,median_hh_income,pct_unemployment,pct_bachelors_plus,median_age,area_km2,densidad_pob_km2,fuente
1950,Adjuntas,22353.0,,,,,,68.0,328.7,estimado_poblacion
1951,Adjuntas,22079.0,,,,,,68.0,324.7,estimado_poblacion
1952,Adjuntas,21801.0,,,,,,68.0,320.6,estimado_poblacion
1953,Adjuntas,21527.0,,,,,,68.0,316.6,estimado_poblacion
1954,Adjuntas,21247.0,,,,,,68.0,312.5,estimado_poblacion
1955,Adjuntas,20971.0,,,,,,68.0,308.4,estimado_poblacion
1956,Adjuntas,20696.0,,,,,,68.0,304.4,estimado_poblacion
1957,Adjuntas,20419.0,,,,,,68.0,300.3,estimado_poblacion
1958,Adjuntas,20143.0,,,,,,68.0,296.2,estimado_poblacion
1959,Adjuntas,19866.0,,,,,,68.0,292.1,estimado_poblacion
1960,Adjuntas,19634.0,,,,,,68.0,288.7,estimado_poblacion
1961,Adjuntas,19539.0,,,,,,68.0,287.3,estimado_poblacion
1962,Adjuntas,19441.0,,,,,,68.0,285.9,estimado_poblacion
1963,Adjuntas,19344.0,,,,,,68.0,284.5,estimado_poblacion
1964,Adjuntas,19248.0,,,,,,68.0,283.1,estimado_poblacion
1965,Adjuntas,19149.0,,,,,,68.0,281.6,estimado_poblacion
1966,Adjuntas,19054.0,,,,,,68.0,280.2,estimado_poblacion
1967,Adjuntas,18956.0,,,,,,68.0,278.8,estimado_poblacion
1968,Adjuntas,18861.0,,,,,,68.0,277.4,estimado_poblacion
1969,Adjuntas,18766.0,,,,,,68.0,276.0,estimado_poblacion
1970,Adjuntas,18695.0,72.0,1800.0,22.0,3.0,31.0,68.0,274.9,censo_decenal
1971,Adjuntas,18704.0,71.6,2070.0,22.0,3.3,31.3,68.0,275.1,estimado_anual
1972,Adjuntas,18713.0,71.2,2340.0,22.0,3.6,31.6,68.0,275.2,estimado_anual
1973,Adjuntas,18719.0,70.8,2610.0,22.0,3.9,31.9,68.0,275.3,estimado_anual
1974,Adjuntas,18731.0,70.4,2880.0,22.0,4.2,32.2,68.0,275.5,estimado_anual
1975,Adjuntas,18740.0,70.0,3150.0,22.0,4.5,32.5,68.0,275.6,estimado_anual
1976,Adjuntas,18749.0,69.6,3420.0,22.0,4.8,32.8,68.0,275.7,estimado_anual
1977,Adjuntas,18761.0,69.2,3690.0,22.0,5.1,33.1,68.0,275.9,estimado_anual
1978,Adjuntas,18769.0,68.8,3960.0,22.0,5.4,33.4,68.0,276.0,estimado_anual
1979,Adjuntas,18778.0,68.4,4230.0,22.0,5.7,33.7,68.0,276.1,estimado_anual
1980,Adjuntas,18797.0,68.0,4500.0,22.0,6.0,34.0,68.0,276.4,censo_decenal
1981,Adjuntas,18842.0,67.7,4860.0,21.9,6.3,34.3,68.0,277.1,estimado_anual
1982,Adjuntas,18892.0,67.4,5220.0,21.8,6.6,34.6,68.0,277.8,estimado_anual
1983,Adjuntas,18944.0,67.1,5580.0,21.7,6.9,34.9,68.0,278.6,estimado_anual
1984,Adjuntas,19004.0,66.8,5940.0,21.6,7.2,35.2,68.0,279.5,estimado_anual
1985,Adjuntas,19069.0,66.5,6300.0,21.5,7.5,35.5,68.0,280.4,estimado_anual
1986,Adjuntas,19140.0,66.2,6660.0,21.4,7.8,35.8,68.0,281.5,estimado_anual
1987,Adjuntas,19216.0,65.9,7020.0,21.3,8.1,36.1,68.0,282.6,estimado_anual
1988,Adjuntas,19295.0,65.6,7380.0,21.2,8.4,36.4,68.0,283.8,estimado_anual
1989,Adjuntas,19384.0,65.3,7740.0,21.1,8.7,36.7,68.0,285.1,estimado_anual
1990,Adjuntas,19436.0,65.0,8100.0,21.0,9.0,37.0,68.0,285.8,censo_decenal
1991,Adjuntas,19382.0,64.8,8570.0,20.8,9.3,37.3,68.0,285.0,estimado_anual
1992,Adjuntas,19329.0,64.6,9040.0,20.6,9.6,37.6,68.0,284.2,estimado_anual
1993,Adjuntas,19288.0,64.4,9510.0,20.4,9.9,37.9,68.0,283.6,estimado_anual
1994,Adjuntas,19250.0,64.2,9980.0,20.2,10.2,38.2,68.0,283.1,estimado_anual
1995,Adjuntas,19217.0,64.0,10450.0,20.0,10.5,38.5,68.0,282.6,estimado_anual
1996,Adjuntas,19189.0,63.8,10920.0,19.8,10.8,38.8,68.0,282.2,estimado_anual
1997,Adjuntas,19172.0,63.6,11390.0,19.6,11.1,39.1,68.0,281.9,estimado_anual
1998,Adjuntas,19154.0,63.4,11860.0,19.4,11.4,39.4,68.0,281.7,estimado_anual
1999,Adjuntas,19147.0,63.2,12330.0,19.2,11.7,39.7,68.0,281.6,estimado_anual
2000,Adjuntas,19159.0,63.0,12800.0,19.0,12.0,40.0,68.0,281.8,censo_decenal
2001,Adjuntas,19284.0,62.8,12840.0,19.0,12.2,40.3,68.0,283.6,estimado_anual
2002,Adjuntas,19402.0,62.6,12880.0,19.0,12.4,40.6,68.0,285.3,estimado_anual
2003,Adjuntas,19484.0,62.4,12920.0,19.0,12.6,40.9,68.0,286.5,estimado_anual
2004,Adjuntas,19568.0,62.2,12960.0,19.0,12.8,41.2,68.0,287.8,estimado_anual
2005,Adjuntas,19630.0,62.0,13000.0,19.0,13.0,41.5,68.0,288.7,estimado_anual
2006,Adjuntas,19620.0,61.8,13040.0,19.0,13.2,41.8,68.0,288.5,estimado_anual
2007,Adjuntas,19584.0,61.6,13080.0,19.0,13.4,42.1,68.0,288.0,estimado_anual
2008,Adjuntas,19546.0,61.4,13120.0,19.0,13.6,42.4,68.0,287.4,estimado_anual
2009,Adjuntas,19501.0,61.2,13160.0,19.0,13.8,42.7,68.0,286.8,estimado_anual
2010,Adjuntas,19492.0,61.0,13200.0,19.0,14.0,43.0,68.0,286.6,censo_decenal
2011,Adjuntas,19394.0,60.8,13221.1,18.9,14.1,43.1,68.0,285.2,estimado_anual
2012,Adjuntas,19293.0,60.6,13242.2,18.8,14.2,43.2,68.0,283.7,estimado_anual
2013,Adjuntas,19275.0,60.4,13263.3,18.7,14.3,43.3,68.0,283.5,estimado_anual
2014,Adjuntas,19127.0,60.2,13284.4,18.6,14.4,43.4,68.0,281.3,estimado_anual
2015,Adjuntas,18979.0,60.0,13305.5,18.5,14.5,43.5,68.0,279.1,estimado_anual
2016,Adjuntas,18795.0,59.8,13326.6,18.4,14.6,43.6,68.0,276.4,estimado_anual
2017,Adjuntas,18503.0,59.6,13347.7,18.3,14.7,43.7,68.0,272.1,estimado_anual
2018,Adjuntas,17928.0,59.4,13368.8,18.2,14.8,43.8,68.0,263.6,estimado_anual
2019,Adjuntas,18056.0,59.2,13389.9,18.1,14.9,43.9,68.0,265.5,estimado_anual
2020,Adjuntas,18008.0,59.0,13411.0,18.0,15.0,44.0,68.0,264.8,censo_decenal
2021,Adjuntas,18012.0,58.8,13432.1,17.9,15.1,44.1,68.0,264.9,estimado_anual
2022,Adjuntas,17892.0,58.6,13453.2,17.8,15.2,44.2,68.0,263.1,estimado_anual
2023,Adjuntas,17879.0,58.4,13474.3,17.7,15.3,44.3,68.0,262.9,estimado_anual
2024,Adjuntas,17982.0,58.2,13495.4,17.6,15.4,44.4,68.0,264.4,estimado_anual
2025,Adjuntas,17994.0,58.0,13516.5,17.5,15.5,44.5,68.0,264.6,estimado_anual
1950,Aguada,20803.0,,,,,,79.3,262.3,estimado_poblacion
1951,Aguada,21055.0,,,,,,79.3,265.5,estimado_poblacion
1952,Aguada,21304.0,,,,,,79.3,268.7,estimado_poblacion
1953,Aguada,21551.0,,,,,,79.3,271.8,estimado_poblacion
1954,Aguada,21807.0,,,,,,79.3,275.0,estimado_poblacion
1955,Aguada,22045.0,,,,,,79.3,278.0,estimado_poblacion
1956,Aguada,22296.0,,,,,,79.3,281.2,estimado_poblacion
1957,Aguada,22548.0,,,,,,79.3,284.3,estimado_poblacion
1958,Aguada,22799.0,,,,,,79.3,287.5,estimado_poblacion
1959,Aguada,23049.0,,,,,,79.3,290.7,estimado_poblacion
1960,Aguada,23295.0,,,,,,79.3,293.8,estimado_poblacion
1961,Aguada,23535.0,,,,,,79.3,296.8,estimado_poblacion
1962,Aguada,23780.0,,,,,,79.3,299.9,estimado_poblacion
1963,Aguada,24022.0,,,,,,79.3,302.9,estimado_poblacion
1964,Aguada,24262.0,,,,,,79.3,306.0,estimado_poblacion
1965,Aguada,24510.0,,,,,,79.3,309.1,estimado_poblacion
1966,Aguada,24750.0,,,,,,79.3,312.1,estimado_poblacion
1967,Aguada,24990.0,,,,,,79.3,315.1,estimado_poblacion
1968,Aguada,25231.0,,,,,,79.3,318.2,estimado_poblacion
1969,Aguada,25478.0,,,,,,79.3,321.3,estimado_poblacion
1970,Aguada,25803.0,62.0,2100.0,17.0,5.0,27.0,79.3,325.4,censo_decenal
1971,Aguada,26397.0,61.5,2410.0,17.0,5.4,27.3,79.3,332.9,estimado_anual
1972,Aguada,26988.0,61.0,2720.0,17.0,5.8,27.6,79.3,340.3,estimado_anual
1973,Aguada,27578.0,60.5,3030.0,17.0,6.2,27.9,79.3,347.8,estimado_anual
1974,Aguada,28170.0,60.0,3340.0,17.0,6.6,28.2,79.3,355.2,estimado_anual
1975,Aguada,28759.0,59.5,3650.0,17.0,7.0,28.5,79.3,362.7,estimado_anual
1976,Aguada,29353.0,59.0,3960.0,17.0,7.4,28.8,79.3,370.2,estimado_anual
1977,Aguada,29941.0,58.5,4270.0,17.0,7.8,29.1,79.3,377.6,estimado_anual
1978,Aguada,30529.0,58.0,4580.0,17.0,8.2,29.4,79.3,385.0,estimado_anual
1979,Aguada,31122.0,57.5,4890.0,17.0,8.6,29.7,79.3,392.5,estimado_anual
1980,Aguada,31650.0,57.0,5200.0,17.0,9.0,30.0,79.3,399.1,censo_decenal
1981,Aguada,32001.0,56.6,5620.0,16.8,9.3,30.3,79.3,403.5,estimado_anual
1982,Aguada,32368.0,56.2,6040.0,16.6,9.6,30.6,79.3,408.2,estimado_anual
1983,Aguada,32755.0,55.8,6460.0,16.4,9.9,30.9,79.3,413.1,estimado_anual
1984,Aguada,33160.0,55.4,6880.0,16.2,10.2,31.2,79.3,418.2,estimado_anual
1985,Aguada,33586.0,55.0,7300.0,16.0,10.5,31.5,79.3,423.5,estimado_anual
1986,Aguada,34033.0,54.6,7720.0,15.8,10.8,31.8,79.3,429.2,estimado_anual
1987,Aguada,34503.0,54.2,8140.0,15.6,11.1,32.1,79.3,435.1,estimado_anual
1988,Aguada,34994.0,53.8,8560.0,15.4,11.4,32.4,79.3,441.3,estimado_anual
1989,Aguada,35508.0,53.4,8980.0,15.2,11.7,32.7,79.3,447.8,estimado_anual
1990,Aguada,36038.0,53.0,9400.0,15.0,12.0,33.0,79.3,454.5,censo_decenal
1991,Aguada,36554.0,52.6,10080.0,14.8,12.3,33.3,79.3,461.0,estimado_anual
1992,Aguada,37091.0,52.2,10760.0,14.6,12.6,33.6,79.3,467.7,estimado_anual
1993,Aguada,37652.0,51.8,11440.0,14.4,12.9,33.9,79.3,474.8,estimado_anual
1994,Aguada,38231.0,51.4,12120.0,14.2,13.2,34.2,79.3,482.1,estimado_anual
1995,Aguada,38835.0,51.0,12800.0,14.0,13.5,34.5,79.3,489.7,estimado_anual
1996,Aguada,39462.0,50.6,13480.0,13.8,13.8,34.8,79.3,497.6,estimado_anual
1997,Aguada,40112.0,50.2,14160.0,13.6,14.1,35.1,79.3,505.8,estimado_anual
1998,Aguada,40792.0,49.8,14840.0,13.4,14.4,35.4,79.3,514.4,estimado_anual
1999,Aguada,41497.0,49.4,15520.0,13.2,14.7,35.7,79.3,523.3,estimado_anual
2000,Aguada,42110.0,49.0,16200.0,13.0,15.0,36.0,79.3,531.0,censo_decenal
2001,Aguada,42313.0,48.9,16320.0,13.0,15.2,36.1,79.3,533.6,estimado_anual
2002,Aguada,42455.0,48.8,16440.0,13.0,15.4,36.2,79.3,535.4,estimado_anual
2003,Aguada,42564.0,48.7,16560.0,13.0,15.6,36.3,79.3,536.7,estimado_anual
2004,Aguada,42664.0,48.6,16680.0,13.0,15.8,36.4,79.3,538.0,estimado_anual
2005,Aguada,42672.0,48.5,16800.0,13.0,16.0,36.5,79.3,538.1,estimado_anual
2006,Aguada,42571.0,48.4,16920.0,13.0,16.2,36.6,79.3,536.8,estimado_anual
2007,Aguada,42389.0,48.3,17040.0,13.0,16.4,36.7,79.3,534.5,estimado_anual
2008,Aguada,42219.0,48.2,17160.0,13.0,16.6,36.8,79.3,532.4,estimado_anual
2009,Aguada,42070.0,48.1,17280.0,13.0,16.8,36.9,79.3,530.5,estimado_anual
2010,Aguada,41955.0,48.0,17400.0,13.0,17.0,37.0,79.3,529.1,censo_decenal
2011,Aguada,41745.0,47.8,17435.2,13.0,17.1,37.2,79.3,526.4,estimado_anual
2012,Aguada,41488.0,47.6,17470.4,13.0,17.2,37.4,79.3,523.2,estimado_anual
2013,Aguada,41263.0,47.4,17505.6,13.0,17.3,37.6,79.3,520.3,estimado_anual
2014,Aguada,40859.0,47.2,17540.8,13.0,17.4,37.8,79.3,515.2,estimado_anual
2015,Aguada,40445.0,47.0,17576.0,13.0,17.5,38.0,79.3,510.0,estimado_anual
2016,Aguada,39969.0,46.8,17611.2,13.0,17.6,38.2,79.3,504.0,estimado_anual
2017,Aguada,39260.0,46.6,17646.4,13.0,17.7,38.4,79.3,495.1,estimado_anual
2018,Aguada,38023.0,46.4,17681.6,13.0,17.8,38.6,79.3,479.5,estimado_anual
2019,Aguada,38248.0,46.2,17716.8,13.0,17.9,38.8,79.3,482.3,estimado_anual
2020,Aguada,38096.0,46.0,17752.0,13.0,18.0,39.0,79.3,480.4,censo_decenal
2021,Aguada,37982.0,45.8,17787.2,13.0,18.1,39.2,79.3,479.0,estimado_anual
2022,Aguada,37613.0,45.6,17822.4,13.0,18.2,39.4,79.3,474.3,estimado_anual
2023,Aguada,37470.0,45.4,17857.6,13.0,18.3,39.6,79.3,472.5,estimado_anual
2024,Aguada,37471.0,45.2,17892.8,13.0,18.4,39.8,79.3,472.5,estimado_anual
2025,Aguada,37319.0,45.0,17928.0,13.0,18.5,40.0,79.3,470.6,estimado_anual
1950,Aguadilla,44445.0,,,,,,101.5,437.9,estimado_poblacion
1951,Aguadilla,44793.0,,,,,,101.5,441.3,estimado_poblacion
1952,Aguadilla,45148.0,,,,,,101.5,444.8,estimado_poblacion
1953,Aguadilla,45496.0,,,,,,101.5,448.2,estimado_poblacion
1954,Aguadilla,45846.0,,,,,,101.5,451.7,estimado_poblacion
1955,Aguadilla,46197.0,,,,,,101.5,455.1,estimado_poblacion
1956,Aguadilla,46548.0,,,,,,101.5,458.6,estimado_poblacion
1957,Aguadilla,46901.0,,,,,,101.5,462.1,estimado_poblacion
1958,Aguadilla,47249.0,,,,,,101.5,465.5,estimado_poblacion
1959,Aguadilla,47599.0,,,,,,101.5,469.0,estimado_poblacion
1960,Aguadilla,47953.0,,,,,,101.5,472.4,estimado_poblacion
1961,Aguadilla,48300.0,,,,,,101.5,475.9,estimado_poblacion
1962,Aguadilla,48651.0,,,,,,101.5,479.3,estimado_poblacion
1963,Aguadilla,48996.0,,,,,,101.5,482.7,estimado_poblacion
1964,Aguadilla,49345.0,,,,,,101.5,486.2,estimado_poblacion
1965,Aguadilla,49697.0,,,,,,101.5,489.6,estimado_poblacion
1966,Aguadilla,50047.0,,,,,,101.5,493.1,estimado_poblacion
1967,Aguadilla,50397.0,,,,,,101.5,496.5,estimado_poblacion
1968,Aguadilla,50743.0,,,,,,101.5,499.9,estimado_poblacion
1969,Aguadilla,51094.0,,,,,,101.5,503.4,estimado_poblacion
1970,Aguadilla,51434.0,63.0,2200.0,18.0,6.0,27.0,101.5,506.7,censo_decenal
1971,Aguadilla,51761.0,62.4,2540.0,18.0,6.5,27.3,101.5,510.0,estimado_anual
1972,Aguadilla,52088.0,61.8,2880.0,18.0,7.0,27.6,101.5,513.2,estimado_anual
1973,Aguadilla,52411.0,61.2,3220.0,18.0,7.5,27.9,101.5,516.4,estimado_anual
1974,Aguadilla,52736.0,60.6,3560.0,18.0,8.0,28.2,101.5,519.6,estimado_anual
1975,Aguadilla,53061.0,60.0,3900.0,18.0,8.5,28.5,101.5,522.8,estimado_anual
1976,Aguadilla,53387.0,59.4,4240.0,18.0,9.0,28.8,101.5,526.0,estimado_anual
1977,Aguadilla,53715.0,58.8,4580.0,18.0,9.5,29.1,101.5,529.2,estimado_anual
1978,Aguadilla,54034.0,58.2,4920.0,18.0,10.0,29.4,101.5,532.4,estimado_anual
1979,Aguadilla,54360.0,57.6,5260.0,18.0,10.5,29.7,101.5,535.6,estimado_anual
1980,Aguadilla,54704.0,57.0,5600.0,18.0,11.0,30.0,101.5,539.0,censo_decenal
1981,Aguadilla,55101.0,56.6,6020.0,17.8,11.3,30.3,101.5,542.9,estimado_anual
1982,Aguadilla,55523.0,56.2,6440.0,17.6,11.6,30.6,101.5,547.0,estimado_anual
1983,Aguadilla,55954.0,55.8,6860.0,17.4,11.9,30.9,101.5,551.3,estimado_anual
1984,Aguadilla,56402.0,55.4,7280.0,17.2,12.2,31.2,101.5,555.7,estimado_anual
1985,Aguadilla,56870.0,55.0,7700.0,17.0,12.5,31.5,101.5,560.3,estimado_anual
1986,Aguadilla,57355.0,54.6,8120.0,16.8,12.8,31.8,101.5,565.1,estimado_anual
1987,Aguadilla,57856.0,54.2,8540.0,16.6,13.1,32.1,101.5,570.0,estimado_anual
1988,Aguadilla,58376.0,53.8,8960.0,16.4,13.4,32.4,101.5,575.1,estimado_anual
1989,Aguadilla,58916.0,53.4,9380.0,16.2,13.7,32.7,101.5,580.5,estimado_anual
1990,Aguadilla,59448.0,53.0,9800.0,16.0,14.0,33.0,101.5,585.7,censo_decenal
1991,Aguadilla,59906.0,52.7,10430.0,15.9,14.4,33.3,101.5,590.2,estimado_anual
1992,Aguadilla,60382.0,52.4,11060.0,15.8,14.8,33.6,101.5,594.9,estimado_anual
1993,Aguadilla,60872.0,52.1,11690.0,15.7,15.2,33.9,101.5,599.7,estimado_anual
1994,Aguadilla,61384.0,51.8,12320.0,15.6,15.6,34.2,101.5,604.8,estimado_anual
1995,Aguadilla,61912.0,51.5,12950.0,15.5,16.0,34.5,101.5,610.0,estimado_anual
1996,Aguadilla,62460.0,51.2,13580.0,15.4,16.4,34.8,101.5,615.4,estimado_anual
1997,Aguadilla,63025.0,50.9,14210.0,15.3,16.8,35.1,101.5,620.9,estimado_anual
1998,Aguadilla,63608.0,50.6,14840.0,15.2,17.2,35.4,101.5,626.7,estimado_anual
1999,Aguadilla,64219.0,50.3,15470.0,15.1,17.6,35.7,101.5,632.7,estimado_anual
2000,Aguadilla,64701.0,50.0,16100.0,15.0,18.0,36.0,101.5,637.4,censo_decenal
2001,Aguadilla,64564.0,49.9,16180.0,15.0,18.2,36.1,101.5,636.1,estimado_anual
2002,Aguadilla,64412.0,49.8,16260.0,15.0,18.4,36.2,101.5,634.6,estimado_anual
2003,Aguadilla,64206.0,49.7,16340.0,15.0,18.6,36.3,101.5,632.6,estimado_anual
2004,Aguadilla,63962.0,49.6,16420.0,15.0,18.8,36.4,101.5,630.2,estimado_anual
2005,Aguadilla,63629.0,49.5,16500.0,15.0,19.0,36.5,101.5,626.9,estimado_anual
2006,Aguadilla,63129.0,49.4,16580.0,15.0,19.2,36.6,101.5,622.0,estimado_anual
2007,Aguadilla,62532.0,49.3,16660.0,15.0,19.4,36.7,101.5,616.1,estimado_anual
2008,Aguadilla,61913.0,49.2,16740.0,15.0,19.6,36.8,101.5,610.0,estimado_anual
2009,Aguadilla,61353.0,49.1,16820.0,15.0,19.8,36.9,101.5,604.5,estimado_anual
2010,Aguadilla,60898.0,49.0,16900.0,15.0,20.0,37.0,101.5,600.0,censo_decenal
2011,Aguadilla,60640.0,48.8,16944.0,15.0,20.2,37.2,101.5,597.4,estimado_anual
2012,Aguadilla,60172.0,48.6,16988.0,15.0,20.4,37.4,101.5,592.8,estimado_anual
2013,Aguadilla,59766.0,48.4,17032.0,15.0,20.6,37.6,101.5,588.8,estimado_anual
2014,Aguadilla,59345.0,48.2,17076.0,15.0,20.8,37.8,101.5,584.7,estimado_anual
2015,Aguadilla,58608.0,48.0,17120.0,15.0,21.0,38.0,101.5,577.4,estimado_anual
2016,Aguadilla,57739.0,47.8,17164.0,15.0,21.2,38.2,101.5,568.9,estimado_anual
2017,Aguadilla,56765.0,47.6,17208.0,15.0,21.4,38.4,101.5,559.3,estimado_anual
2018,Aguadilla,54944.0,47.4,17252.0,15.0,21.6,38.6,101.5,541.3,estimado_anual
2019,Aguadilla,55162.0,47.2,17296.0,15.0,21.8,38.8,101.5,543.5,estimado_anual
2020,Aguadilla,55040.0,47.0,17340.0,15.0,22.0,39.0,101.5,542.3,censo_decenal
2021,Aguadilla,54599.0,46.8,17384.0,15.0,22.2,39.2,101.5,537.9,estimado_anual
2022,Aguadilla,53857.0,46.6,17428.0,15.0,22.4,39.4,101.5,530.6,estimado_anual
2023,Aguadilla,53569.0,46.4,17472.0,15.0,22.6,39.6,101.5,527.8,estimado_anual
2024,Aguadilla,53528.0,46.2,17516.0,15.0,22.8,39.8,101.5,527.4,estimado_anual
2025,Aguadilla,53219.0,46.0,17560.0,15.0,23.0,40.0,101.5,524.3,estimado_anual
1950,Aguas Buenas,15603.0,,,,,,74.0,210.9,estimado_poblacion
1951,Aguas Buenas,15749.0,,,,,,74.0,212.8,estimado_poblacion
1952,Aguas Buenas,15899.0,,,,,,74.0,214.9,estimado_poblacion
1953,Aguas Buenas,16038.0,,,,,,74.0,216.7,estimado_poblacion
1954,Aguas Buenas,16187.0,,,,,,74.0,218.7,estimado_poblacion
1955,Aguas Buenas,16335.0,,,,,,74.0,220.7,estimado_poblacion
1956,Aguas Buenas,16481.0,,,,,,74.0,222.7,estimado_poblacion
1957,Aguas Buenas,16631.0,,,,,,74.0,224.7,estimado_poblacion
1958,Aguas Buenas,16777.0,,,,,,74.0,226.7,estimado_poblacion
1959,Aguas Buenas,16921.0,,,,,,74.0,228.7,estimado_poblacion
1960,Aguas Buenas,17072.0,,,,,,74.0,230.7,estimado_poblacion
1961,Aguas Buenas,17227.0,,,,,,74.0,232.8,estimado_poblacion
1962,Aguas Buenas,17386.0,,,,,,74.0,234.9,estimado_poblacion
1963,Aguas Buenas,17540.0,,,,,,74.0,237.0,estimado_poblacion
1964,Aguas Buenas,17700.0,,,,,,74.0,239.2,estimado_poblacion
1965,Aguas Buenas,17857.0,,,,,,74.0,241.3,estimado_poblacion
1966,Aguas Buenas,18011.0,,,,,,74.0,243.4,estimado_poblacion
1967,Aguas Buenas,18169.0,,,,,,74.0,245.5,estimado_poblacion
1968,Aguas Buenas,18325.0,,,,,,74.0,247.6,estimado_poblacion
1969,Aguas Buenas,18480.0,,,,,,74.0,249.7,estimado_poblacion
1970,Aguas Buenas,18693.0,65.0,2000.0,17.0,4.0,28.0,74.0,252.6,censo_decenal
1971,Aguas Buenas,19078.0,64.4,2310.0,17.0,4.4,28.4,74.0,257.8,estimado_anual
1972,Aguas Buenas,19463.0,63.8,2620.0,17.0,4.8,28.8,74.0,263.0,estimado_anual
1973,Aguas Buenas,19846.0,63.2,2930.0,17.0,5.2,29.2,74.0,268.2,estimado_anual
1974,Aguas Buenas,20229.0,62.6,3240.0,17.0,5.6,29.6,74.0,273.4,estimado_anual
1975,Aguas Buenas,20608.0,62.0,3550.0,17.0,6.0,30.0,74.0,278.5,estimado_anual
1976,Aguas Buenas,20991.0,61.4,3860.0,17.0,6.4,30.4,74.0,283.7,estimado_anual
1977,Aguas Buenas,21372.0,60.8,4170.0,17.0,6.8,30.8,74.0,288.8,estimado_anual
1978,Aguas Buenas,21762.0,60.2,4480.0,17.0,7.2,31.2,74.0,294.1,estimado_anual
1979,Aguas Buenas,22144.0,59.6,4790.0,17.0,7.6,31.6,74.0,299.2,estimado_anual
1980,Aguas Buenas,22489.0,59.0,5100.0,17.0,8.0,32.0,74.0,303.9,censo_decenal
1981,Aguas Buenas,22739.0,58.6,5500.0,16.8,8.3,32.3,74.0,307.3,estimado_anual
1982,Aguas Buenas,23001.0,58.2,5900.0,16.6,8.6,32.6,74.0,310.8,estimado_anual
1983,Aguas Buenas,23271.0,57.8,6300.0,16.4,8.9,32.9,74.0,314.5,estimado_anual
1984,Aguas Buenas,23556.0,57.4,6700.0,16.2,9.2,33.2,74.0,318.3,estimado_anual
1985,Aguas Buenas,23850.0,57.0,7100.0,16.0,9.5,33.5,74.0,322.3,estimado_anual
1986,Aguas Buenas,24157.0,56.6,7500.0,15.8,9.8,33.8,74.0,326.4,estimado_anual
1987,Aguas Buenas,24477.0,56.2,7900.0,15.6,10.1,34.1,74.0,330.8,estimado_anual
1988,Aguas Buenas,24811.0,55.8,8300.0,15.4,10.4,34.4,74.0,335.3,estimado_anual
1989,Aguas Buenas,25157.0,55.4,8700.0,15.2,10.7,34.7,74.0,340.0,estimado_anual
1990,Aguas Buenas,25497.0,55.0,9100.0,15.0,11.0,35.0,74.0,344.6,censo_decenal
1991,Aguas Buenas,25800.0,54.6,9870.0,14.8,11.3,35.4,74.0,348.6,estimado_anual
1992,Aguas Buenas,26110.0,54.2,10640.0,14.6,11.6,35.8,74.0,352.8,estimado_anual
1993,Aguas Buenas,26438.0,53.8,11410.0,14.4,11.9,36.2,74.0,357.3,estimado_anual
1994,Aguas Buenas,26778.0,53.4,12180.0,14.2,12.2,36.6,74.0,361.9,estimado_anual
1995,Aguas Buenas,27133.0,53.0,12950.0,14.0,12.5,37.0,74.0,366.7,estimado_anual
1996,Aguas Buenas,27501.0,52.6,13720.0,13.8,12.8,37.4,74.0,371.6,estimado_anual
1997,Aguas Buenas,27889.0,52.2,14490.0,13.6,13.1,37.8,74.0,376.9,estimado_anual
1998,Aguas Buenas,28288.0,51.8,15260.0,13.4,13.4,38.2,74.0,382.3,estimado_anual
1999,Aguas Buenas,28707.0,51.4,16030.0,13.2,13.7,38.6,74.0,387.9,estimado_anual
2000,Aguas Buenas,28680.0,51.0,16800.0,13.0,14.0,39.0,74.0,387.6,censo_decenal
2001,Aguas Buenas,28822.0,50.8,16880.0,13.0,14.2,39.1,74.0,389.5,estimado_anual
2002,Aguas Buenas,28925.0,50.6,16960.0,13.0,14.4,39.2,74.0,390.9,estimado_anual
2003,Aguas Buenas,29009.0,50.4,17040.0,13.0,14.6,39.3,74.0,392.0,estimado_anual
2004,Aguas Buenas,29078.0,50.2,17120.0,13.0,14.8,39.4,74.0,392.9,estimado_anual
2005,Aguas Buenas,29100.0,50.0,17200.0,13.0,15.0,39.5,74.0,393.2,estimado_anual
2006,Aguas Buenas,29036.0,49.8,17280.0,13.0,15.2,39.6,74.0,392.4,estimado_anual
2007,Aguas Buenas,28934.0,49.6,17360.0,13.0,15.4,39.7,74.0,391.0,estimado_anual
2008,Aguas Buenas,28815.0,49.4,17440.0,13.0,15.6,39.8,74.0,389.4,estimado_anual
2009,Aguas Buenas,28724.0,49.2,17520.0,13.0,15.8,39.9,74.0,388.2,estimado_anual
2010,Aguas Buenas,28645.0,49.0,17600.0,13.0,16.0,40.0,74.0,387.1,censo_decenal
2011,Aguas Buenas,28283.0,48.9,17631.2,13.0,16.1,40.1,74.0,382.2,estimado_anual
2012,Aguas Buenas,27959.0,48.8,17662.4,13.0,16.2,40.2,74.0,377.8,estimado_anual
2013,Aguas Buenas,27647.0,48.7,17693.6,13.0,16.3,40.3,74.0,373.6,estimado_anual
2014,Aguas Buenas,27172.0,48.6,17724.8,13.0,16.4,40.4,74.0,367.2,estimado_anual
2015,Aguas Buenas,26700.0,48.5,17756.0,13.0,16.5,40.5,74.0,360.8,estimado_anual
2016,Aguas Buenas,26146.0,48.4,17787.2,13.0,16.6,40.6,74.0,353.3,estimado_anual
2017,Aguas Buenas,25515.0,48.3,17818.4,13.0,16.7,40.7,74.0,344.8,estimado_anual
2018,Aguas Buenas,24446.0,48.2,17849.6,13.0,16.8,40.8,74.0,330.4,estimado_anual
2019,Aguas Buenas,24444.0,48.1,17880.8,13.0,16.9,40.9,74.0,330.3,estimado_anual
2020,Aguas Buenas,24162.0,48.0,17912.0,13.0,17.0,41.0,74.0,326.5,censo_decenal
2021,Aguas Buenas,23939.0,47.9,17943.2,13.0,17.1,41.1,74.0,323.5,estimado_anual
2022,Aguas Buenas,23492.0,47.8,17974.4,13.0,17.2,41.2,74.0,317.5,estimado_anual
2023,Aguas Buenas,23220.0,47.7,18005.6,13.0,17.3,41.3,74.0,313.8,estimado_anual
2024,Aguas Buenas,23097.0,47.6,18036.8,13.0,17.4,41.4,74.0,312.1,estimado_anual
2025,Aguas Buenas,22838.0,47.5,18068.0,13.0,17.5,41.5,74.0,308.6,estimado_anual
1950,Aibonito,18194.0,,,,,,81.5,223.2,estimado_poblacion
1951,Aibonito,18211.0,,,,,,81.5,223.4,estimado_poblacion
1952,Aibonito,18227.0,,,,,,81.5,223.6,estimado_poblacion
1953,Aibonito,18245.0,,,,,,81.5,223.9,estimado_poblacion
1954,Aibonito,18263.0,,,,,,81.5,224.1,estimado_poblacion
1955,Aibonito,18280.0,,,,,,81.5,224.3,estimado_poblacion
1956,Aibonito,18300.0,,,,,,81.5,224.5,estimado_poblacion
1957,Aibonito,18312.0,,,,,,81.5,224.7,estimado_poblacion
1958,Aibonito,18331.0,,,,,,81.5,224.9,estimado_poblacion
1959,Aibonito,18349.0,,,,,,81.5,225.1,estimado_poblacion
1960,Aibonito,18402.0,,,,,,81.5,225.8,estimado_poblacion
1961,Aibonito,18572.0,,,,,,81.5,227.9,estimado_poblacion
1962,Aibonito,18740.0,,,,,,81.5,229.9,estimado_poblacion
1963,Aibonito,18908.0,,,,,,81.5,232.0,estimado_poblacion
1964,Aibonito,19076.0,,,,,,81.5,234.1,estimado_poblacion
1965,Aibonito,19246.0,,,,,,81.5,236.1,estimado_poblacion
1966,Aibonito,19412.0,,,,,,81.5,238.2,estimado_poblacion
1967,Aibonito,19585.0,,,,,,81.5,240.3,estimado_poblacion
1968,Aibonito,19749.0,,,,,,81.5,242.3,estimado_poblacion
1969,Aibonito,19917.0,,,,,,81.5,244.4,estimado_poblacion
1970,Aibonito,20095.0,63.0,2300.0,15.0,5.0,29.0,81.5,246.6,censo_decenal
1971,Aibonito,20309.0,62.4,2650.0,15.1,5.5,29.4,81.5,249.2,estimado_anual
1972,Aibonito,20521.0,61.8,3000.0,15.2,6.0,29.8,81.5,251.8,estimado_anual
1973,Aibonito,20733.0,61.2,3350.0,15.3,6.5,30.2,81.5,254.4,estimado_anual
1974,Aibonito,20944.0,60.6,3700.0,15.4,7.0,30.6,81.5,257.0,estimado_anual
1975,Aibonito,21155.0,60.0,4050.0,15.5,7.5,31.0,81.5,259.6,estimado_anual
1976,Aibonito,21369.0,59.4,4400.0,15.6,8.0,31.4,81.5,262.2,estimado_anual
1977,Aibonito,21583.0,58.8,4750.0,15.7,8.5,31.8,81.5,264.8,estimado_anual
1978,Aibonito,21796.0,58.2,5100.0,15.8,9.0,32.2,81.5,267.4,estimado_anual
1979,Aibonito,22009.0,57.6,5450.0,15.9,9.5,32.6,81.5,270.0,estimado_anual
1980,Aibonito,22225.0,57.0,5800.0,16.0,10.0,33.0,81.5,272.7,censo_decenal
1981,Aibonito,22463.0,56.5,6210.0,15.8,10.4,33.3,81.5,275.6,estimado_anual
1982,Aibonito,22711.0,56.0,6620.0,15.6,10.8,33.6,81.5,278.7,estimado_anual
1983,Aibonito,22968.0,55.5,7030.0,15.4,11.2,33.9,81.5,281.8,estimado_anual
1984,Aibonito,23234.0,55.0,7440.0,15.2,11.6,34.2,81.5,285.1,estimado_anual
1985,Aibonito,23512.0,54.5,7850.0,15.0,12.0,34.5,81.5,288.5,estimado_anual
1986,Aibonito,23797.0,54.0,8260.0,14.8,12.4,34.8,81.5,292.0,estimado_anual
1987,Aibonito,24095.0,53.5,8670.0,14.6,12.8,35.1,81.5,295.6,estimado_anual
1988,Aibonito,24404.0,53.0,9080.0,14.4,13.2,35.4,81.5,299.4,estimado_anual
1989,Aibonito,24723.0,52.5,9490.0,14.2,13.6,35.7,81.5,303.3,estimado_anual
1990,Aibonito,25000.0,52.0,9900.0,14.0,14.0,36.0,81.5,306.7,censo_decenal
1991,Aibonito,25116.0,51.7,10690.0,13.8,14.4,36.4,81.5,308.2,estimado_anual
1992,Aibonito,25239.0,51.4,11480.0,13.6,14.8,36.8,81.5,309.7,estimado_anual
1993,Aibonito,25376.0,51.1,12270.0,13.4,15.2,37.2,81.5,311.4,estimado_anual
1994,Aibonito,25515.0,50.8,13060.0,13.2,15.6,37.6,81.5,313.1,estimado_anual
1995,Aibonito,25666.0,50.5,13850.0,13.0,16.0,38.0,81.5,314.9,estimado_anual
1996,Aibonito,25819.0,50.2,14640.0,12.8,16.4,38.4,81.5,316.8,estimado_anual
1997,Aibonito,25989.0,49.9,15430.0,12.6,16.8,38.8,81.5,318.9,estimado_anual
1998,Aibonito,26165.0,49.6,16220.0,12.4,17.2,39.2,81.5,321.0,estimado_anual
1999,Aibonito,26349.0,49.3,17010.0,12.2,17.6,39.6,81.5,323.3,estimado_anual
2000,Aibonito,26504.0,49.0,17800.0,12.0,18.0,40.0,81.5,325.2,censo_decenal
2001,Aibonito,26574.0,48.8,17890.0,12.0,18.3,40.1,81.5,326.1,estimado_anual
2002,Aibonito,26609.0,48.6,17980.0,12.0,18.6,40.2,81.5,326.5,estimado_anual
2003,Aibonito,26617.0,48.4,18070.0,12.0,18.9,40.3,81.5,326.6,estimado_anual
2004,Aibonito,26638.0,48.2,18160.0,12.0,19.2,40.4,81.5,326.8,estimado_anual
2005,Aibonito,26570.0,48.0,18250.0,12.0,19.5,40.5,81.5,326.0,estimado_anual
2006,Aibonito,26466.0,47.8,18340.0,12.0,19.8,40.6,81.5,324.7,estimado_anual
2007,Aibonito,26312.0,47.6,18430.0,12.0,20.1,40.7,81.5,322.8,estimado_anual
2008,Aibonito,26141.0,47.4,18520.0,12.0,20.4,40.8,81.5,320.7,estimado_anual
2009,Aibonito,26007.0,47.2,18610.0,12.0,20.7,40.9,81.5,319.1,estimado_anual
2010,Aibonito,25942.0,47.0,18700.0,12.0,21.0,41.0,81.5,318.3,censo_decenal
2011,Aibonito,25877.0,46.9,18730.3,12.0,21.2,41.2,81.5,317.5,estimado_anual
2012,Aibonito,25816.0,46.8,18760.6,12.0,21.4,41.4,81.5,316.8,estimado_anual
2013,Aibonito,25767.0,46.7,18790.9,12.0,21.6,41.6,81.5,316.2,estimado_anual
2014,Aibonito,25613.0,46.6,18821.2,12.0,21.8,41.8,81.5,314.3,estimado_anual
2015,Aibonito,25470.0,46.5,18851.5,12.0,22.0,42.0,81.5,312.5,estimado_anual
2016,Aibonito,25297.0,46.4,18881.8,12.0,22.2,42.2,81.5,310.4,estimado_anual
2017,Aibonito,25030.0,46.3,18912.1,12.0,22.4,42.4,81.5,307.1,estimado_anual
2018,Aibonito,24372.0,46.2,18942.4,12.0,22.6,42.6,81.5,299.0,estimado_anual
2019,Aibonito,24626.0,46.1,18972.7,12.0,22.8,42.8,81.5,302.2,estimado_anual
2020,Aibonito,24628.0,46.0,19003.0,12.0,23.0,43.0,81.5,302.2,censo_decenal
2021,Aibonito,24665.0,45.9,19033.3,12.0,23.2,43.2,81.5,302.6,estimado_anual
2022,Aibonito,24521.0,45.8,19063.6,12.0,23.4,43.4,81.5,300.9,estimado_anual
2023,Aibonito,24573.0,45.7,19093.9,12.0,23.6,43.6,81.5,301.5,estimado_anual
2024,Aibonito,24723.0,45.6,19124.2,12.0,23.8,43.8,81.5,303.3,estimado_anual
2025,Aibonito,24746.0,45.5,19154.5,12.0,24.0,44.0,81.5,303.6,estimado_anual
1950,Añasco,17236.0,,,,,,71.5,241.1,estimado_poblacion
1951,Añasco,17229.0,,,,,,71.5,241.0,estimado_poblacion
1952,Añasco,17226.0,,,,,,71.5,240.9,estimado_poblacion
1953,Añasco,17225.0,,,,,,71.5,240.9,estimado_poblacion
1954,Añasco,17221.0,,,,,,71.5,240.9,estimado_poblacion
1955,Añasco,17217.0,,,,,,71.5,240.8,estimado_poblacion
1956,Añasco,17215.0,,,,,,71.5,240.8,estimado_poblacion
1957,Añasco,17209.0,,,,,,71.5,240.7,estimado_poblacion
1958,Añasco,17207.0,,,,,,71.5,240.7,estimado_poblacion
1959,Añasco,17200.0,,,,,,71.5,240.6,estimado_poblacion
1960,Añasco,17255.0,,,,,,71.5,241.3,estimado_poblacion
1961,Añasco,17477.0,,,,,,71.5,244.4,estimado_poblacion
1962,Añasco,17698.0,,,,,,71.5,247.5,estimado_poblacion
1963,Añasco,17917.0,,,,,,71.5,250.6,estimado_poblacion
1964,Añasco,18141.0,,,,,,71.5,253.7,estimado_poblacion
1965,Añasco,18367.0,,,,,,71.5,256.9,estimado_poblacion
1966,Añasco,18584.0,,,,,,71.5,259.9,estimado_poblacion
1967,Añasco,18807.0,,,,,,71.5,263.0,estimado_poblacion
1968,Añasco,19028.0,,,,,,71.5,266.1,estimado_poblacion
1969,Añasco,19250.0,,,,,,71.5,269.2,estimado_poblacion
1970,Añasco,19510.0,68.0,2000.0,19.0,4.0,27.0,71.5,272.9,censo_decenal
1971,Añasco,19893.0,67.5,2300.0,19.0,4.3,27.3,71.5,278.2,estimado_anual
1972,Añasco,20284.0,67.0,2600.0,19.0,4.6,27.6,71.5,283.7,estimado_anual
1973,Añasco,20670.0,66.5,2900.0,19.0,4.9,27.9,71.5,289.1,estimado_anual
1974,Añasco,21055.0,66.0,3200.0,19.0,5.2,28.2,71.5,294.5,estimado_anual
1975,Añasco,21439.0,65.5,3500.0,19.0,5.5,28.5,71.5,299.8,estimado_anual
1976,Añasco,21826.0,65.0,3800.0,19.0,5.8,28.8,71.5,305.3,estimado_anual
1977,Añasco,22213.0,64.5,4100.0,19.0,6.1,29.1,71.5,310.7,estimado_anual
1978,Añasco,22597.0,64.0,4400.0,19.0,6.4,29.4,71.5,316.0,estimado_anual
1979,Añasco,22983.0,63.5,4700.0,19.0,6.7,29.7,71.5,321.4,estimado_anual
1980,Añasco,23314.0,63.0,5000.0,19.0,7.0,30.0,71.5,326.1,censo_decenal
1981,Añasco,23476.0,62.6,5380.0,18.8,7.3,30.3,71.5,328.3,estimado_anual
1982,Añasco,23650.0,62.2,5760.0,18.6,7.6,30.6,71.5,330.8,estimado_anual
1983,Añasco,23826.0,61.8,6140.0,18.4,7.9,30.9,71.5,333.2,estimado_anual
1984,Añasco,24012.0,61.4,6520.0,18.2,8.2,31.2,71.5,335.8,estimado_anual
1985,Añasco,24204.0,61.0,6900.0,18.0,8.5,31.5,71.5,338.5,estimado_anual
1986,Añasco,24405.0,60.6,7280.0,17.8,8.8,31.8,71.5,341.3,estimado_anual
1987,Añasco,24617.0,60.2,7660.0,17.6,9.1,32.1,71.5,344.3,estimado_anual
1988,Añasco,24832.0,59.8,8040.0,17.4,9.4,32.4,71.5,347.3,estimado_anual
1989,Añasco,25056.0,59.4,8420.0,17.2,9.7,32.7,71.5,350.4,estimado_anual
1990,Añasco,25300.0,59.0,8800.0,17.0,10.0,33.0,71.5,353.8,censo_decenal
1991,Añasco,25566.0,58.6,9420.0,16.8,10.3,33.4,71.5,357.6,estimado_anual
1992,Añasco,25845.0,58.2,10040.0,16.6,10.6,33.8,71.5,361.5,estimado_anual
1993,Añasco,26134.0,57.8,10660.0,16.4,10.9,34.2,71.5,365.5,estimado_anual
1994,Añasco,26428.0,57.4,11280.0,16.2,11.2,34.6,71.5,369.6,estimado_anual
1995,Añasco,26738.0,57.0,11900.0,16.0,11.5,35.0,71.5,374.0,estimado_anual
1996,Añasco,27054.0,56.6,12520.0,15.8,11.8,35.4,71.5,378.4,estimado_anual
1997,Añasco,27383.0,56.2,13140.0,15.6,12.1,35.8,71.5,383.0,estimado_anual
1998,Añasco,27723.0,55.8,13760.0,15.4,12.4,36.2,71.5,387.7,estimado_anual
1999,Añasco,28076.0,55.4,14380.0,15.2,12.7,36.6,71.5,392.7,estimado_anual
2000,Añasco,28338.0,55.0,15000.0,15.0,13.0,37.0,71.5,396.3,censo_decenal
2001,Añasco,28551.0,54.7,15060.0,15.0,13.2,37.1,71.5,399.3,estimado_anual
2002,Añasco,28755.0,54.4,15120.0,15.0,13.4,37.2,71.5,402.2,estimado_anual
2003,Añasco,28931.0,54.1,15180.0,15.0,13.6,37.3,71.5,404.6,estimado_anual
2004,Añasco,29097.0,53.8,15240.0,15.0,13.8,37.4,71.5,407.0,estimado_anual
2005,Añasco,29231.0,53.5,15300.0,15.0,14.0,37.5,71.5,408.8,estimado_anual
2006,Añasco,29266.0,53.2,15360.0,15.0,14.2,37.6,71.5,409.3,estimado_anual
2007,Añasco,29253.0,52.9,15420.0,15.0,14.4,37.7,71.5,409.1,estimado_anual
2008,Añasco,29263.0,52.6,15480.0,15.0,14.6,37.8,71.5,409.3,estimado_anual
2009,Añasco,29259.0,52.3,15540.0,15.0,14.8,37.9,71.5,409.2,estimado_anual
2010,Añasco,29253.0,52.0,15600.0,15.0,15.0,38.0,71.5,409.1,censo_decenal
2011,Añasco,29038.0,52.0,15629.6,15.0,15.1,38.2,71.5,406.1,estimado_anual
2012,Añasco,28747.0,52.0,15659.2,15.0,15.2,38.4,71.5,402.1,estimado_anual
2013,Añasco,28470.0,52.0,15688.8,15.0,15.3,38.6,71.5,398.2,estimado_anual
2014,Añasco,28122.0,52.0,15718.4,15.0,15.4,38.8,71.5,393.3,estimado_anual
2015,Añasco,27704.0,52.0,15748.0,15.0,15.5,39.0,71.5,387.5,estimado_anual
2016,Añasco,27271.0,52.0,15777.6,15.0,15.6,39.2,71.5,381.4,estimado_anual
2017,Añasco,26645.0,52.0,15807.2,15.0,15.7,39.4,71.5,372.7,estimado_anual
2018,Añasco,25655.0,52.0,15836.8,15.0,15.8,39.6,71.5,358.8,estimado_anual
2019,Añasco,25748.0,52.0,15866.4,15.0,15.9,39.8,71.5,360.1,estimado_anual
2020,Añasco,25565.0,52.0,15896.0,15.0,16.0,40.0,71.5,357.6,censo_decenal
2021,Añasco,25397.0,52.0,15925.6,15.0,16.1,40.2,71.5,355.2,estimado_anual
2022,Añasco,24975.0,52.0,15955.2,15.0,16.2,40.4,71.5,349.3,estimado_anual
2023,Añasco,24766.0,52.0,15984.8,15.0,16.3,40.6,71.5,346.4,estimado_anual
2024,Añasco,24646.0,52.0,16014.4,15.0,16.4,40.8,71.5,344.7,estimado_anual
2025,Añasco,24449.0,52.0,16044.0,15.0,16.5,41.0,71.5,341.9,estimado_anual
1950,Arecibo,75223.0,,,,,,325.8,230.9,estimado_poblacion
1951,Arecibo,74678.0,,,,,,325.8,229.2,estimado_poblacion
1952,Arecibo,74125.0,,,,,,325.8,227.5,estimado_poblacion
1953,Arecibo,73581.0,,,,,,325.8,225.8,estimado_poblacion
1954,Arecibo,73034.0,,,,,,325.8,224.2,estimado_poblacion
1955,Arecibo,72486.0,,,,,,325.8,222.5,estimado_poblacion
1956,Arecibo,71935.0,,,,,,325.8,220.8,estimado_poblacion
1957,Arecibo,71387.0,,,,,,325.8,219.1,estimado_poblacion
1958,Arecibo,70839.0,,,,,,325.8,217.4,estimado_poblacion
1959,Arecibo,70290.0,,,,,,325.8,215.7,estimado_poblacion
1960,Arecibo,69972.0,,,,,,325.8,214.8,estimado_poblacion
1961,Arecibo,70326.0,,,,,,325.8,215.9,estimado_poblacion
1962,Arecibo,70686.0,,,,,,325.8,217.0,estimado_poblacion
1963,Arecibo,71042.0,,,,,,325.8,218.1,estimado_poblacion
1964,Arecibo,71401.0,,,,,,325.8,219.2,estimado_poblacion
1965,Arecibo,71763.0,,,,,,325.8,220.3,estimado_poblacion
1966,Arecibo,72123.0,,,,,,325.8,221.4,estimado_poblacion
1967,Arecibo,72481.0,,,,,,325.8,222.5,estimado_poblacion
1968,Arecibo,72838.0,,,,,,325.8,223.6,estimado_poblacion
1969,Arecibo,73200.0,,,,,,325.8,224.7,estimado_poblacion
1970,Arecibo,73801.0,64.0,2300.0,18.0,6.0,28.0,325.8,226.5,censo_decenal
1971,Arecibo,75130.0,63.5,2640.0,18.0,6.5,28.3,325.8,230.6,estimado_anual
1972,Arecibo,76460.0,63.0,2980.0,18.0,7.0,28.6,325.8,234.7,estimado_anual
1973,Arecibo,77790.0,62.5,3320.0,18.0,7.5,28.9,325.8,238.8,estimado_anual
1974,Arecibo,79119.0,62.0,3660.0,18.0,8.0,29.2,325.8,242.8,estimado_anual
1975,Arecibo,80449.0,61.5,4000.0,18.0,8.5,29.5,325.8,246.9,estimado_anual
1976,Arecibo,81780.0,61.0,4340.0,18.0,9.0,29.8,325.8,251.0,estimado_anual
1977,Arecibo,83107.0,60.5,4680.0,18.0,9.5,30.1,325.8,255.1,estimado_anual
1978,Arecibo,84434.0,60.0,5020.0,18.0,10.0,30.4,325.8,259.2,estimado_anual
1979,Arecibo,85765.0,59.5,5360.0,18.0,10.5,30.7,325.8,263.2,estimado_anual
1980,Arecibo,86897.0,59.0,5700.0,18.0,11.0,31.0,325.8,266.7,censo_decenal
1981,Arecibo,87438.0,58.5,6120.0,17.8,11.3,31.3,325.8,268.4,estimado_anual
1982,Arecibo,88005.0,58.0,6540.0,17.6,11.6,31.6,325.8,270.1,estimado_anual
1983,Arecibo,88601.0,57.5,6960.0,17.4,11.9,31.9,325.8,271.9,estimado_anual
1984,Arecibo,89222.0,57.0,7380.0,17.2,12.2,32.2,325.8,273.9,estimado_anual
1985,Arecibo,89877.0,56.5,7800.0,17.0,12.5,32.5,325.8,275.9,estimado_anual
1986,Arecibo,90556.0,56.0,8220.0,16.8,12.8,32.8,325.8,277.9,estimado_anual
1987,Arecibo,91269.0,55.5,8640.0,16.6,13.1,33.1,325.8,280.1,estimado_anual
1988,Arecibo,92008.0,55.0,9060.0,16.4,13.4,33.4,325.8,282.4,estimado_anual
1989,Arecibo,92783.0,54.5,9480.0,16.2,13.7,33.7,325.8,284.8,estimado_anual
1990,Arecibo,93531.0,54.0,9900.0,16.0,14.0,34.0,325.8,287.1,censo_decenal
1991,Arecibo,94114.0,53.8,10490.0,15.9,14.3,34.4,325.8,288.9,estimado_anual
1992,Arecibo,94724.0,53.6,11080.0,15.8,14.6,34.8,325.8,290.7,estimado_anual
1993,Arecibo,95349.0,53.4,11670.0,15.7,14.9,35.2,325.8,292.7,estimado_anual
1994,Arecibo,95995.0,53.2,12260.0,15.6,15.2,35.6,325.8,294.6,estimado_anual
1995,Arecibo,96663.0,53.0,12850.0,15.5,15.5,36.0,325.8,296.7,estimado_anual
1996,Arecibo,97352.0,52.8,13440.0,15.4,15.8,36.4,325.8,298.8,estimado_anual
1997,Arecibo,98063.0,52.6,14030.0,15.3,16.1,36.8,325.8,301.0,estimado_anual
1998,Arecibo,98794.0,52.4,14620.0,15.2,16.4,37.2,325.8,303.2,estimado_anual
1999,Arecibo,99551.0,52.2,15210.0,15.1,16.7,37.6,325.8,305.6,estimado_anual
2000,Arecibo,100142.0,52.0,15800.0,15.0,17.0,38.0,325.8,307.4,censo_decenal
2001,Arecibo,100164.0,50.8,15840.0,15.1,17.2,38.2,325.8,307.4,estimado_anual
2002,Arecibo,100116.0,49.6,15880.0,15.2,17.4,38.4,325.8,307.3,estimado_anual
2003,Arecibo,100016.0,48.4,15920.0,15.3,17.6,38.6,325.8,307.0,estimado_anual
2004,Arecibo,99879.0,47.2,15960.0,15.4,17.8,38.8,325.8,306.6,estimado_anual
2005,Arecibo,99570.0,46.0,16000.0,15.5,18.0,39.0,325.8,305.6,estimado_anual
2006,Arecibo,98999.0,44.8,16040.0,15.6,18.2,39.2,325.8,303.9,estimado_anual
2007,Arecibo,98306.0,43.6,16080.0,15.7,18.4,39.4,325.8,301.7,estimado_anual
2008,Arecibo,97576.0,42.4,16120.0,15.8,18.6,39.6,325.8,299.5,estimado_anual
2009,Arecibo,96912.0,41.2,16160.0,15.9,18.8,39.8,325.8,297.5,estimado_anual
2010,Arecibo,96382.0,40.0,16200.0,16.0,19.0,40.0,325.8,295.8,censo_decenal
2011,Arecibo,95815.0,40.1,16222.3,16.0,19.1,40.2,325.8,294.1,estimado_anual
2012,Arecibo,95286.0,40.2,16244.6,16.0,19.2,40.4,325.8,292.5,estimado_anual
2013,Arecibo,95047.0,40.3,16266.9,16.0,19.3,40.6,325.8,291.7,estimado_anual
2014,Arecibo,93972.0,40.4,16289.2,16.0,19.4,40.8,325.8,288.4,estimado_anual
2015,Arecibo,93002.0,40.5,16311.5,16.0,19.5,41.0,325.8,285.5,estimado_anual
2016,Arecibo,91825.0,40.6,16333.8,16.0,19.6,41.2,325.8,281.8,estimado_anual
2017,Arecibo,90083.0,40.7,16356.1,16.0,19.7,41.4,325.8,276.5,estimado_anual
2018,Arecibo,87399.0,40.8,16378.4,16.0,19.8,41.6,325.8,268.3,estimado_anual
2019,Arecibo,87946.0,40.9,16400.7,16.0,19.9,41.8,325.8,269.9,estimado_anual
2020,Arecibo,87652.0,41.0,16423.0,16.0,20.0,42.0,325.8,269.0,censo_decenal
2021,Arecibo,87160.0,41.1,16445.3,16.0,20.1,42.2,325.8,267.5,estimado_anual
2022,Arecibo,86094.0,41.2,16467.6,16.0,20.2,42.4,325.8,264.3,estimado_anual
2023,Arecibo,85682.0,41.3,16489.9,16.0,20.3,42.6,325.8,263.0,estimado_anual
2024,Arecibo,85828.0,41.4,16512.2,16.0,20.4,42.8,325.8,263.4,estimado_anual
2025,Arecibo,85539.0,41.5,16534.5,16.0,20.5,43.0,325.8,262.6,estimado_anual
1950,Arroyo,12945.0,,,,,,38.7,334.5,estimado_poblacion
1951,Arroyo,12982.0,,,,,,38.7,335.5,estimado_poblacion
1952,Arroyo,13021.0,,,,,,38.7,336.5,estimado_poblacion
1953,Arroyo,13058.0,,,,,,38.7,337.4,estimado_poblacion
1954,Arroyo,13096.0,,,,,,38.7,338.4,estimado_poblacion
1955,Arroyo,13132.0,,,,,,38.7,339.3,estimado_poblacion
1956,Arroyo,13169.0,,,,,,38.7,340.3,estimado_poblacion
1957,Arroyo,13209.0,,,,,,38.7,341.3,estimado_poblacion
1958,Arroyo,13247.0,,,,,,38.7,342.3,estimado_poblacion
1959,Arroyo,13287.0,,,,,,38.7,343.3,estimado_poblacion
1960,Arroyo,13311.0,,,,,,38.7,344.0,estimado_poblacion
1961,Arroyo,13281.0,,,,,,38.7,343.2,estimado_poblacion
1962,Arroyo,13252.0,,,,,,38.7,342.4,estimado_poblacion
1963,Arroyo,13222.0,,,,,,38.7,341.7,estimado_poblacion
1964,Arroyo,13195.0,,,,,,38.7,341.0,estimado_poblacion
1965,Arroyo,13169.0,,,,,,38.7,340.3,estimado_poblacion
1966,Arroyo,13139.0,,,,,,38.7,339.5,estimado_poblacion
1967,Arroyo,13110.0,,,,,,38.7,338.8,estimado_poblacion
1968,Arroyo,13080.0,,,,,,38.7,338.0,estimado_poblacion
1969,Arroyo,13054.0,,,,,,38.7,337.3,estimado_poblacion
1970,Arroyo,13134.0,68.0,1900.0,20.0,4.0,29.0,38.7,339.4,censo_decenal
1971,Arroyo,13525.0,67.5,2180.0,20.0,4.3,29.3,38.7,349.5,estimado_anual
1972,Arroyo,13930.0,67.0,2460.0,20.0,4.6,29.6,38.7,359.9,estimado_anual
1973,Arroyo,14323.0,66.5,2740.0,20.0,4.9,29.9,38.7,370.1,estimado_anual
1974,Arroyo,14723.0,66.0,3020.0,20.0,5.2,30.2,38.7,380.4,estimado_anual
1975,Arroyo,15118.0,65.5,3300.0,20.0,5.5,30.5,38.7,390.6,estimado_anual
1976,Arroyo,15519.0,65.0,3580.0,20.0,5.8,30.8,38.7,401.0,estimado_anual
1977,Arroyo,15915.0,64.5,3860.0,20.0,6.1,31.1,38.7,411.2,estimado_anual
1978,Arroyo,16315.0,64.0,4140.0,20.0,6.4,31.4,38.7,421.6,estimado_anual
1979,Arroyo,16714.0,63.5,4420.0,20.0,6.7,31.7,38.7,431.9,estimado_anual
1980,Arroyo,17052.0,63.0,4700.0,20.0,7.0,32.0,38.7,440.6,censo_decenal
1981,Arroyo,17209.0,62.6,5060.0,19.8,7.3,32.4,38.7,444.7,estimado_anual
1982,Arroyo,17373.0,62.2,5420.0,19.6,7.6,32.8,38.7,448.9,estimado_anual
1983,Arroyo,17544.0,61.8,5780.0,19.4,7.9,33.2,38.7,453.3,estimado_anual
1984,Arroyo,17719.0,61.4,6140.0,19.2,8.2,33.6,38.7,457.9,estimado_anual
1985,Arroyo,17907.0,61.0,6500.0,19.0,8.5,34.0,38.7,462.7,estimado_anual
1986,Arroyo,18103.0,60.6,6860.0,18.8,8.8,34.4,38.7,467.8,estimado_anual
1987,Arroyo,18306.0,60.2,7220.0,18.6,9.1,34.8,38.7,473.0,estimado_anual
1988,Arroyo,18516.0,59.8,7580.0,18.4,9.4,35.2,38.7,478.4,estimado_anual
1989,Arroyo,18739.0,59.4,7940.0,18.2,9.7,35.6,38.7,484.2,estimado_anual
1990,Arroyo,18904.0,59.0,8300.0,18.0,10.0,36.0,38.7,488.5,censo_decenal
1991,Arroyo,18894.0,58.7,8850.0,17.8,10.3,36.3,38.7,488.2,estimado_anual
1992,Arroyo,18890.0,58.4,9400.0,17.6,10.6,36.6,38.7,488.1,estimado_anual
1993,Arroyo,18892.0,58.1,9950.0,17.4,10.9,36.9,38.7,488.2,estimado_anual
1994,Arroyo,18902.0,57.8,10500.0,17.2,11.2,37.2,38.7,488.4,estimado_anual
1995,Arroyo,18921.0,57.5,11050.0,17.0,11.5,37.5,38.7,488.9,estimado_anual
1996,Arroyo,18948.0,57.2,11600.0,16.8,11.8,37.8,38.7,489.6,estimado_anual
1997,Arroyo,18980.0,56.9,12150.0,16.6,12.1,38.1,38.7,490.4,estimado_anual
1998,Arroyo,19023.0,56.6,12700.0,16.4,12.4,38.4,38.7,491.6,estimado_anual
1999,Arroyo,19073.0,56.3,13250.0,16.2,12.7,38.7,38.7,492.8,estimado_anual
2000,Arroyo,19141.0,56.0,13800.0,16.0,13.0,39.0,38.7,494.6,censo_decenal
2001,Arroyo,19278.0,55.8,13850.0,16.1,13.1,39.2,38.7,498.1,estimado_anual
2002,Arroyo,19393.0,55.6,13900.0,16.2,13.2,39.4,38.7,501.1,estimado_anual
2003,Arroyo,19513.0,55.4,13950.0,16.3,13.3,39.6,38.7,504.2,estimado_anual
2004,Arroyo,19594.0,55.2,14000.0,16.4,13.4,39.8,38.7,506.3,estimado_anual
2005,Arroyo,19663.0,55.0,14050.0,16.5,13.5,40.0,38.7,508.1,estimado_anual
2006,Arroyo,19661.0,54.8,14100.0,16.6,13.6,40.2,38.7,508.0,estimado_anual
2007,Arroyo,19630.0,54.6,14150.0,16.7,13.7,40.4,38.7,507.2,estimado_anual
2008,Arroyo,19609.0,54.4,14200.0,16.8,13.8,40.6,38.7,506.7,estimado_anual
2009,Arroyo,19588.0,54.2,14250.0,16.9,13.9,40.8,38.7,506.1,estimado_anual
2010,Arroyo,19541.0,54.0,14300.0,17.0,14.0,41.0,38.7,504.9,censo_decenal
2011,Arroyo,19272.0,52.9,14322.8,17.1,14.1,41.2,38.7,498.0,estimado_anual
2012,Arroyo,18955.0,51.8,14345.6,17.2,14.2,41.4,38.7,489.8,estimado_anual
2013,Arroyo,18653.0,50.7,14368.4,17.3,14.3,41.6,38.7,482.0,estimado_anual
2014,Arroyo,18274.0,49.6,14391.2,17.4,14.4,41.8,38.7,472.2,estimado_anual
2015,Arroyo,17858.0,48.5,14414.0,17.5,14.5,42.0,38.7,461.4,estimado_anual
2016,Arroyo,17420.0,47.4,14436.8,17.6,14.6,42.2,38.7,450.1,estimado_anual
2017,Arroyo,16888.0,46.3,14459.6,17.7,14.7,42.4,38.7,436.4,estimado_anual
2018,Arroyo,16103.0,45.2,14482.4,17.8,14.8,42.6,38.7,416.1,estimado_anual
2019,Arroyo,16040.0,44.1,14505.2,17.9,14.9,42.8,38.7,414.5,estimado_anual
2020,Arroyo,15812.0,43.0,14528.0,18.0,15.0,43.0,38.7,408.6,censo_decenal
2021,Arroyo,15593.0,41.9,14550.8,18.1,15.1,43.2,38.7,402.9,estimado_anual
2022,Arroyo,15265.0,40.8,14573.6,18.2,15.2,43.4,38.7,394.4,estimado_anual
2023,Arroyo,15059.0,39.7,14596.4,18.3,15.3,43.6,38.7,389.1,estimado_anual
2024,Arroyo,14938.0,38.6,14619.2,18.4,15.4,43.8,38.7,386.0,estimado_anual
2025,Arroyo,14744.0,37.5,14642.0,18.5,15.5,44.0,38.7,381.0,estimado_anual
1950,Barceloneta,19885.0,,,,,,40.0,497.1,estimado_poblacion
1951,Barceloneta,19827.0,,,,,,40.0,495.7,estimado_poblacion
1952,Barceloneta,19772.0,,,,,,40.0,494.3,estimado_poblacion
1953,Barceloneta,19712.0,,,,,,40.0,492.8,estimado_poblacion
1954,Barceloneta,19658.0,,,,,,40.0,491.4,estimado_poblacion
1955,Barceloneta,19603.0,,,,,,40.0,490.1,estimado_poblacion
1956,Barceloneta,19547.0,,,,,,40.0,488.7,estimado_poblacion
1957,Barceloneta,19490.0,,,,,,40.0,487.2,estimado_poblacion
1958,Barceloneta,19429.0,,,,,,40.0,485.7,estimado_poblacion
1959,Barceloneta,19375.0,,,,,,40.0,484.4,estimado_poblacion
1960,Barceloneta,19367.0,,,,,,40.0,484.2,estimado_poblacion
1961,Barceloneta,19513.0,,,,,,40.0,487.8,estimado_poblacion
1962,Barceloneta,19660.0,,,,,,40.0,491.5,estimado_poblacion
1963,Barceloneta,19808.0,,,,,,40.0,495.2,estimado_poblacion
1964,Barceloneta,19951.0,,,,,,40.0,498.8,estimado_poblacion
1965,Barceloneta,20101.0,,,,,,40.0,502.5,estimado_poblacion
1966,Barceloneta,20245.0,,,,,,40.0,506.1,estimado_poblacion
1967,Barceloneta,20390.0,,,,,,40.0,509.8,estimado_poblacion
1968,Barceloneta,20536.0,,,,,,40.0,513.4,estimado_poblacion
1969,Barceloneta,20681.0,,,,,,40.0,517.0,estimado_poblacion
1970,Barceloneta,20926.0,62.0,2400.0,16.0,5.0,28.0,40.0,523.2,censo_decenal
1971,Barceloneta,21462.0,61.5,2760.0,15.9,5.4,28.3,40.0,536.6,estimado_anual
1972,Barceloneta,22002.0,61.0,3120.0,15.8,5.8,28.6,40.0,550.0,estimado_anual
1973,Barceloneta,22539.0,60.5,3480.0,15.7,6.2,28.9,40.0,563.5,estimado_anual
1974,Barceloneta,23080.0,60.0,3840.0,15.6,6.6,29.2,40.0,577.0,estimado_anual
1975,Barceloneta,23617.0,59.5,4200.0,15.5,7.0,29.5,40.0,590.4,estimado_anual
1976,Barceloneta,24156.0,59.0,4560.0,15.4,7.4,29.8,40.0,603.9,estimado_anual
1977,Barceloneta,24692.0,58.5,4920.0,15.3,7.8,30.1,40.0,617.3,estimado_anual
1978,Barceloneta,25230.0,58.0,5280.0,15.2,8.2,30.4,40.0,630.8,estimado_anual
1979,Barceloneta,25771.0,57.5,5640.0,15.1,8.6,30.7,40.0,644.3,estimado_anual
1980,Barceloneta,18984.0,57.0,6000.0,15.0,9.0,31.0,40.0,474.6,censo_decenal
1981,Barceloneta,19156.0,56.5,6440.0,14.9,9.3,31.3,40.0,478.9,estimado_anual
1982,Barceloneta,19329.0,56.0,6880.0,14.8,9.6,31.6,40.0,483.2,estimado_anual
1983,Barceloneta,19513.0,55.5,7320.0,14.7,9.9,31.9,40.0,487.8,estimado_anual
1984,Barceloneta,19705.0,55.0,7760.0,14.6,10.2,32.2,40.0,492.6,estimado_anual
1985,Barceloneta,19903.0,54.5,8200.0,14.5,10.5,32.5,40.0,497.6,estimado_anual
1986,Barceloneta,20107.0,54.0,8640.0,14.4,10.8,32.8,40.0,502.7,estimado_anual
1987,Barceloneta,20320.0,53.5,9080.0,14.3,11.1,33.1,40.0,508.0,estimado_anual
1988,Barceloneta,20541.0,53.0,9520.0,14.2,11.4,33.4,40.0,513.5,estimado_anual
1989,Barceloneta,20768.0,52.5,9960.0,14.1,11.7,33.7,40.0,519.2,estimado_anual
1990,Barceloneta,20976.0,52.0,10400.0,14.0,12.0,34.0,40.0,524.4,censo_decenal
1991,Barceloneta,21090.0,51.6,11270.0,13.7,12.3,34.4,40.0,527.2,estimado_anual
1992,Barceloneta,21210.0,51.2,12140.0,13.4,12.6,34.8,40.0,530.2,estimado_anual
1993,Barceloneta,21331.0,50.8,13010.0,13.1,12.9,35.2,40.0,533.3,estimado_anual
1994,Barceloneta,21461.0,50.4,13880.0,12.8,13.2,35.6,40.0,536.5,estimado_anual
1995,Barceloneta,21596.0,50.0,14750.0,12.5,13.5,36.0,40.0,539.9,estimado_anual
1996,Barceloneta,21739.0,49.6,15620.0,12.2,13.8,36.4,40.0,543.5,estimado_anual
1997,Barceloneta,21886.0,49.2,16490.0,11.9,14.1,36.8,40.0,547.2,estimado_anual
1998,Barceloneta,22039.0,48.8,17360.0,11.6,14.4,37.2,40.0,551.0,estimado_anual
1999,Barceloneta,22198.0,48.4,18230.0,11.3,14.7,37.6,40.0,555.0,estimado_anual
2000,Barceloneta,22406.0,48.0,19100.0,11.0,15.0,38.0,40.0,560.2,censo_decenal
2001,Barceloneta,22758.0,47.2,19180.0,11.0,15.1,38.1,40.0,569.0,estimado_anual
2002,Barceloneta,23090.0,46.4,19260.0,11.0,15.2,38.2,40.0,577.2,estimado_anual
2003,Barceloneta,23413.0,45.6,19340.0,11.0,15.3,38.3,40.0,585.3,estimado_anual
2004,Barceloneta,23717.0,44.8,19420.0,11.0,15.4,38.4,40.0,592.9,estimado_anual
2005,Barceloneta,23989.0,44.0,19500.0,11.0,15.5,38.5,40.0,599.7,estimado_anual
2006,Barceloneta,24192.0,43.2,19580.0,11.0,15.6,38.6,40.0,604.8,estimado_anual
2007,Barceloneta,24339.0,42.4,19660.0,11.0,15.7,38.7,40.0,608.5,estimado_anual
2008,Barceloneta,24517.0,41.6,19740.0,11.0,15.8,38.8,40.0,612.9,estimado_anual
2009,Barceloneta,24693.0,40.8,19820.0,11.0,15.9,38.9,40.0,617.3,estimado_anual
2010,Barceloneta,24800.0,40.0,19900.0,11.0,16.0,39.0,40.0,620.0,censo_decenal
2011,Barceloneta,24683.0,40.0,19925.4,11.0,16.2,39.1,40.0,617.1,estimado_anual
2012,Barceloneta,24559.0,40.0,19950.8,11.0,16.4,39.2,40.0,614.0,estimado_anual
2013,Barceloneta,24475.0,40.0,19976.2,11.0,16.6,39.3,40.0,611.9,estimado_anual
2014,Barceloneta,24303.0,40.0,20001.6,11.0,16.8,39.4,40.0,607.6,estimado_anual
2015,Barceloneta,24037.0,40.0,20027.0,11.0,17.0,39.5,40.0,600.9,estimado_anual
2016,Barceloneta,23763.0,40.0,20052.4,11.0,17.2,39.6,40.0,594.1,estimado_anual
2017,Barceloneta,23364.0,40.0,20077.8,11.0,17.4,39.7,40.0,584.1,estimado_anual
2018,Barceloneta,22555.0,40.0,20103.2,11.0,17.6,39.8,40.0,563.9,estimado_anual
2019,Barceloneta,22721.0,40.0,20128.6,11.0,17.8,39.9,40.0,568.0,estimado_anual
2020,Barceloneta,22666.0,40.0,20154.0,11.0,18.0,40.0,40.0,566.6,censo_decenal
2021,Barceloneta,22621.0,40.0,20179.4,11.0,18.2,40.1,40.0,565.5,estimado_anual
2022,Barceloneta,22387.0,40.0,20204.8,11.0,18.4,40.2,40.0,559.7,estimado_anual
2023,Barceloneta,22324.0,40.0,20230.2,11.0,18.6,40.3,40.0,558.1,estimado_anual
2024,Barceloneta,22372.0,40.0,20255.6,11.0,18.8,40.4,40.0,559.3,estimado_anual
2025,Barceloneta,22316.0,40.0,20281.0,11.0,19.0,40.5,40.0,557.9,estimado_anual
1950,Barranquitas,17640.0,,,,,,88.0,200.5,estimado_poblacion
1951,Barranquitas,17777.0,,,,,,88.0,202.0,estimado_poblacion
1952,Barranquitas,17913.0,,,,,,88.0,203.6,estimado_poblacion
1953,Barranquitas,18052.0,,,,,,88.0,205.1,estimado_poblacion
1954,Barranquitas,18186.0,,,,,,88.0,206.7,estimado_poblacion
1955,Barranquitas,18326.0,,,,,,88.0,208.2,estimado_poblacion
1956,Barranquitas,18464.0,,,,,,88.0,209.8,estimado_poblacion
1957,Barranquitas,18599.0,,,,,,88.0,211.4,estimado_poblacion
1958,Barranquitas,18737.0,,,,,,88.0,212.9,estimado_poblacion
1959,Barranquitas,18875.0,,,,,,88.0,214.5,estimado_poblacion
1960,Barranquitas,19008.0,,,,,,88.0,216.0,estimado_poblacion
1961,Barranquitas,19116.0,,,,,,88.0,217.2,estimado_poblacion
1962,Barranquitas,19235.0,,,,,,88.0,218.6,estimado_poblacion
1963,Barranquitas,19346.0,,,,,,88.0,219.8,estimado_poblacion
1964,Barranquitas,19462.0,,,,,,88.0,221.2,estimado_poblacion
1965,Barranquitas,19574.0,,,,,,88.0,222.4,estimado_poblacion
1966,Barranquitas,19690.0,,,,,,88.0,223.8,estimado_poblacion
1967,Barranquitas,19806.0,,,,,,88.0,225.1,estimado_poblacion
1968,Barranquitas,19920.0,,,,,,88.0,226.4,estimado_poblacion
1969,Barranquitas,20030.0,,,,,,88.0,227.6,estimado_poblacion
1970,Barranquitas,20155.0,68.0,1900.0,18.0,4.0,27.0,88.0,229.0,censo_decenal
1971,Barranquitas,20307.0,67.5,2180.0,18.0,4.4,27.3,88.0,230.8,estimado_anual
1972,Barranquitas,20461.0,67.0,2460.0,18.0,4.8,27.6,88.0,232.5,estimado_anual
1973,Barranquitas,20612.0,66.5,2740.0,18.0,5.2,27.9,88.0,234.2,estimado_anual
1974,Barranquitas,20763.0,66.0,3020.0,18.0,5.6,28.2,88.0,235.9,estimado_anual
1975,Barranquitas,20919.0,65.5,3300.0,18.0,6.0,28.5,88.0,237.7,estimado_anual
1976,Barranquitas,21067.0,65.0,3580.0,18.0,6.4,28.8,88.0,239.4,estimado_anual
1977,Barranquitas,21223.0,64.5,3860.0,18.0,6.8,29.1,88.0,241.2,estimado_anual
1978,Barranquitas,21373.0,64.0,4140.0,18.0,7.2,29.4,88.0,242.9,estimado_anual
1979,Barranquitas,21523.0,63.5,4420.0,18.0,7.6,29.7,88.0,244.6,estimado_anual
1980,Barranquitas,21717.0,63.0,4700.0,18.0,8.0,30.0,88.0,246.8,censo_decenal
1981,Barranquitas,22044.0,62.6,5070.0,17.8,8.3,30.3,88.0,250.5,estimado_anual
1982,Barranquitas,22384.0,62.2,5440.0,17.6,8.6,30.6,88.0,254.4,estimado_anual
1983,Barranquitas,22746.0,61.8,5810.0,17.4,8.9,30.9,88.0,258.5,estimado_anual
1984,Barranquitas,23119.0,61.4,6180.0,17.2,9.2,31.2,88.0,262.7,estimado_anual
1985,Barranquitas,23508.0,61.0,6550.0,17.0,9.5,31.5,88.0,267.1,estimado_anual
1986,Barranquitas,23914.0,60.6,6920.0,16.8,9.8,31.8,88.0,271.8,estimado_anual
1987,Barranquitas,24340.0,60.2,7290.0,16.6,10.1,32.1,88.0,276.6,estimado_anual
1988,Barranquitas,24784.0,59.8,7660.0,16.4,10.4,32.4,88.0,281.6,estimado_anual
1989,Barranquitas,25246.0,59.4,8030.0,16.2,10.7,32.7,88.0,286.9,estimado_anual
1990,Barranquitas,25672.0,59.0,8400.0,16.0,11.0,33.0,88.0,291.7,censo_decenal
1991,Barranquitas,25942.0,58.7,9020.0,15.8,11.3,33.4,88.0,294.8,estimado_anual
1992,Barranquitas,26225.0,58.4,9640.0,15.6,11.6,33.8,88.0,298.0,estimado_anual
1993,Barranquitas,26519.0,58.1,10260.0,15.4,11.9,34.2,88.0,301.4,estimado_anual
1994,Barranquitas,26833.0,57.8,10880.0,15.2,12.2,34.6,88.0,304.9,estimado_anual
1995,Barranquitas,27156.0,57.5,11500.0,15.0,12.5,35.0,88.0,308.6,estimado_anual
1996,Barranquitas,27495.0,57.2,12120.0,14.8,12.8,35.4,88.0,312.4,estimado_anual
1997,Barranquitas,27852.0,56.9,12740.0,14.6,13.1,35.8,88.0,316.5,estimado_anual
1998,Barranquitas,28220.0,56.6,13360.0,14.4,13.4,36.2,88.0,320.7,estimado_anual
1999,Barranquitas,28608.0,56.3,13980.0,14.2,13.7,36.6,88.0,325.1,estimado_anual
2000,Barranquitas,29057.0,56.0,14600.0,14.0,14.0,37.0,88.0,330.2,censo_decenal
2001,Barranquitas,29337.0,54.2,14650.0,14.0,14.2,37.1,88.0,333.4,estimado_anual
2002,Barranquitas,29581.0,52.4,14700.0,14.0,14.4,37.2,88.0,336.1,estimado_anual
2003,Barranquitas,29805.0,50.6,14750.0,14.0,14.6,37.3,88.0,338.7,estimado_anual
2004,Barranquitas,30009.0,48.8,14800.0,14.0,14.8,37.4,88.0,341.0,estimado_anual
2005,Barranquitas,30185.0,47.0,14850.0,14.0,15.0,37.5,88.0,343.0,estimado_anual
2006,Barranquitas,30253.0,45.2,14900.0,14.0,15.2,37.6,88.0,343.8,estimado_anual
2007,Barranquitas,30262.0,43.4,14950.0,14.0,15.4,37.7,88.0,343.9,estimado_anual
2008,Barranquitas,30276.0,41.6,15000.0,14.0,15.6,37.8,88.0,344.0,estimado_anual
2009,Barranquitas,30303.0,39.8,15050.0,14.0,15.8,37.9,88.0,344.4,estimado_anual
2010,Barranquitas,30359.0,38.0,15100.0,14.0,16.0,38.0,88.0,345.0,censo_decenal
2011,Barranquitas,30364.0,38.1,15121.2,14.0,16.1,38.1,88.0,345.0,estimado_anual
2012,Barranquitas,30328.0,38.2,15142.4,14.0,16.2,38.2,88.0,344.6,estimado_anual
2013,Barranquitas,30322.0,38.3,15163.6,14.0,16.3,38.3,88.0,344.6,estimado_anual
2014,Barranquitas,30186.0,38.4,15184.8,14.0,16.4,38.4,88.0,343.0,estimado_anual
2015,Barranquitas,30028.0,38.5,15206.0,14.0,16.5,38.5,88.0,341.2,estimado_anual
2016,Barranquitas,29808.0,38.6,15227.2,14.0,16.6,38.6,88.0,338.7,estimado_anual
2017,Barranquitas,29466.0,38.7,15248.4,14.0,16.7,38.7,88.0,334.8,estimado_anual
2018,Barranquitas,28625.0,38.8,15269.6,14.0,16.8,38.8,88.0,325.3,estimado_anual
2019,Barranquitas,28967.0,38.9,15290.8,14.0,16.9,38.9,88.0,329.2,estimado_anual
2020,Barranquitas,28999.0,39.0,15312.0,14.0,17.0,39.0,88.0,329.5,censo_decenal
2021,Barranquitas,29120.0,39.1,15333.2,14.0,17.1,39.1,88.0,330.9,estimado_anual
2022,Barranquitas,28998.0,39.2,15354.4,14.0,17.2,39.2,88.0,329.5,estimado_anual
2023,Barranquitas,29107.0,39.3,15375.6,14.0,17.3,39.3,88.0,330.8,estimado_anual
2024,Barranquitas,29413.0,39.4,15396.8,14.0,17.4,39.4,88.0,334.2,estimado_anual
2025,Barranquitas,29509.0,39.5,15418.0,14.0,17.5,39.5,88.0,335.3,estimado_anual
1950,Bayamón,48603.0,,,,,,114.1,426.0,estimado_poblacion
1951,Bayamón,51025.0,,,,,,114.1,447.2,estimado_poblacion
1952,Bayamón,53450.0,,,,,,114.1,468.4,estimado_poblacion
1953,Bayamón,55872.0,,,,,,114.1,489.7,estimado_poblacion
1954,Bayamón,58287.0,,,,,,114.1,510.8,estimado_poblacion
1955,Bayamón,60712.0,,,,,,114.1,532.1,estimado_poblacion
1956,Bayamón,63135.0,,,,,,114.1,553.3,estimado_poblacion
1957,Bayamón,65560.0,,,,,,114.1,574.6,estimado_poblacion
1958,Bayamón,67977.0,,,,,,114.1,595.8,estimado_poblacion
1959,Bayamón,70397.0,,,,,,114.1,617.0,estimado_poblacion
1960,Bayamón,74314.0,,,,,,114.1,651.3,estimado_poblacion
1961,Bayamón,82706.0,,,,,,114.1,724.9,estimado_poblacion
1962,Bayamón,91100.0,,,,,,114.1,798.4,estimado_poblacion
1963,Bayamón,99491.0,,,,,,114.1,872.0,estimado_poblacion
1964,Bayamón,107904.0,,,,,,114.1,945.7,estimado_poblacion
1965,Bayamón,116300.0,,,,,,114.1,1019.3,estimado_poblacion
1966,Bayamón,124690.0,,,,,,114.1,1092.8,estimado_poblacion
1967,Bayamón,133088.0,,,,,,114.1,1166.4,estimado_poblacion
1968,Bayamón,141500.0,,,,,,114.1,1240.1,estimado_poblacion
1969,Bayamón,149891.0,,,,,,114.1,1313.7,estimado_poblacion
1970,Bayamón,157188.0,55.0,2900.0,14.0,9.0,26.0,114.1,1377.6,censo_decenal
1971,Bayamón,161187.0,54.4,3330.0,13.9,9.7,26.3,114.1,1412.7,estimado_anual
1972,Bayamón,165195.0,53.8,3760.0,13.8,10.4,26.6,114.1,1447.8,estimado_anual
1973,Bayamón,169195.0,53.2,4190.0,13.7,11.1,26.9,114.1,1482.9,estimado_anual
1974,Bayamón,173193.0,52.6,4620.0,13.6,11.8,27.2,114.1,1517.9,estimado_anual
1975,Bayamón,177192.0,52.0,5050.0,13.5,12.5,27.5,114.1,1553.0,estimado_anual
1976,Bayamón,181200.0,51.4,5480.0,13.4,13.2,27.8,114.1,1588.1,estimado_anual
1977,Bayamón,185198.0,50.8,5910.0,13.3,13.9,28.1,114.1,1623.1,estimado_anual
1978,Bayamón,189193.0,50.2,6340.0,13.2,14.6,28.4,114.1,1658.1,estimado_anual
1979,Bayamón,193195.0,49.6,6770.0,13.1,15.3,28.7,114.1,1693.2,estimado_anual
1980,Bayamón,196700.0,49.0,7200.0,13.0,16.0,29.0,114.1,1723.9,censo_decenal
1981,Bayamón,198723.0,48.5,7690.0,12.8,16.4,29.3,114.1,1741.7,estimado_anual
1982,Bayamón,200825.0,48.0,8180.0,12.6,16.8,29.6,114.1,1760.1,estimado_anual
1983,Bayamón,203017.0,47.5,8670.0,12.4,17.2,29.9,114.1,1779.3,estimado_anual
1984,Bayamón,205295.0,47.0,9160.0,12.2,17.6,30.2,114.1,1799.3,estimado_anual
1985,Bayamón,207663.0,46.5,9650.0,12.0,18.0,30.5,114.1,1820.0,estimado_anual
1986,Bayamón,210125.0,46.0,10140.0,11.8,18.4,30.8,114.1,1841.6,estimado_anual
1987,Bayamón,212683.0,45.5,10630.0,11.6,18.8,31.1,114.1,1864.0,estimado_anual
1988,Bayamón,215348.0,45.0,11120.0,11.4,19.2,31.4,114.1,1887.4,estimado_anual
1989,Bayamón,218116.0,44.5,11610.0,11.2,19.6,31.7,114.1,1911.6,estimado_anual
1990,Bayamón,220295.0,44.0,12100.0,11.0,20.0,32.0,114.1,1930.7,censo_decenal
1991,Bayamón,220465.0,43.8,13190.0,10.9,20.5,32.6,114.1,1932.2,estimado_anual
1992,Bayamón,220677.0,43.6,14280.0,10.8,21.0,33.2,114.1,1934.1,estimado_anual
1993,Bayamón,220942.0,43.4,15370.0,10.7,21.5,33.8,114.1,1936.4,estimado_anual
1994,Bayamón,221254.0,43.2,16460.0,10.6,22.0,34.4,114.1,1939.1,estimado_anual
1995,Bayamón,221614.0,43.0,17550.0,10.5,22.5,35.0,114.1,1942.3,estimado_anual
1996,Bayamón,222027.0,42.8,18640.0,10.4,23.0,35.6,114.1,1945.9,estimado_anual
1997,Bayamón,222490.0,42.6,19730.0,10.3,23.5,36.2,114.1,1950.0,estimado_anual
1998,Bayamón,223008.0,42.4,20820.0,10.2,24.0,36.8,114.1,1954.5,estimado_anual
1999,Bayamón,223580.0,42.2,21910.0,10.1,24.5,37.4,114.1,1959.5,estimado_anual
2000,Bayamón,224001.0,42.0,23000.0,10.0,25.0,38.0,114.1,1963.2,censo_decenal
2001,Bayamón,223241.0,41.8,23080.0,10.1,25.3,38.2,114.1,1956.5,estimado_anual
2002,Bayamón,222385.0,41.6,23160.0,10.2,25.6,38.4,114.1,1949.0,estimado_anual
2003,Bayamón,221402.0,41.4,23240.0,10.3,25.9,38.6,114.1,1940.4,estimado_anual
2004,Bayamón,220293.0,41.2,23320.0,10.4,26.2,38.8,114.1,1930.7,estimado_anual
2005,Bayamón,218795.0,41.0,23400.0,10.5,26.5,39.0,114.1,1917.6,estimado_anual
2006,Bayamón,216776.0,40.8,23480.0,10.6,26.8,39.2,114.1,1899.9,estimado_anual
2007,Bayamón,214422.0,40.6,23560.0,10.7,27.1,39.4,114.1,1879.2,estimado_anual
2008,Bayamón,212006.0,40.4,23640.0,10.8,27.4,39.6,114.1,1858.1,estimado_anual
2009,Bayamón,209750.0,40.2,23720.0,10.9,27.7,39.8,114.1,1838.3,estimado_anual
2010,Bayamón,208097.0,40.0,23800.0,11.0,28.0,40.0,114.1,1823.8,censo_decenal
2011,Bayamón,206718.0,40.1,23834.3,11.0,28.2,40.1,114.1,1811.7,estimado_anual
2012,Bayamón,205051.0,40.2,23868.6,11.0,28.4,40.2,114.1,1797.1,estimado_anual
2013,Bayamón,203345.0,40.3,23902.9,11.0,28.6,40.3,114.1,1782.2,estimado_anual
2014,Bayamón,200735.0,40.4,23937.2,11.0,28.8,40.4,114.1,1759.3,estimado_anual
2015,Bayamón,198224.0,40.5,23971.5,11.0,29.0,40.5,114.1,1737.3,estimado_anual
2016,Bayamón,195227.0,40.6,24005.8,11.0,29.2,40.6,114.1,1711.0,estimado_anual
2017,Bayamón,191556.0,40.7,24040.1,11.0,29.4,40.7,114.1,1678.8,estimado_anual
2018,Bayamón,185187.0,40.8,24074.4,11.0,29.6,40.8,114.1,1623.0,estimado_anual
2019,Bayamón,185846.0,40.9,24108.7,11.0,29.8,40.9,114.1,1628.8,estimado_anual
2020,Bayamón,184957.0,41.0,24143.0,11.0,30.0,41.0,114.1,1621.0,censo_decenal
2021,Bayamón,184016.0,41.1,24177.3,11.0,30.2,41.1,114.1,1612.8,estimado_anual
2022,Bayamón,181555.0,41.2,24211.6,11.0,30.4,41.2,114.1,1591.2,estimado_anual
2023,Bayamón,180842.0,41.3,24245.9,11.0,30.6,41.3,114.1,1584.9,estimado_anual
2024,Bayamón,181292.0,41.4,24280.2,11.0,30.8,41.4,114.1,1588.9,estimado_anual
2025,Bayamón,180562.0,41.5,24314.5,11.0,31.0,41.5,114.1,1582.5,estimado_anual
1950,Cabo Rojo,29429.0,,,,,,172.9,170.2,estimado_poblacion
1951,Cabo Rojo,28960.0,,,,,,172.9,167.5,estimado_poblacion
1952,Cabo Rojo,28493.0,,,,,,172.9,164.8,estimado_poblacion
1953,Cabo Rojo,28024.0,,,,,,172.9,162.1,estimado_poblacion
1954,Cabo Rojo,27560.0,,,,,,172.9,159.4,estimado_poblacion
1955,Cabo Rojo,27091.0,,,,,,172.9,156.7,estimado_poblacion
1956,Cabo Rojo,26622.0,,,,,,172.9,154.0,estimado_poblacion
1957,Cabo Rojo,26155.0,,,,,,172.9,151.3,estimado_poblacion
1958,Cabo Rojo,25686.0,,,,,,172.9,148.6,estimado_poblacion
1959,Cabo Rojo,25222.0,,,,,,172.9,145.9,estimado_poblacion
1960,Cabo Rojo,24896.0,,,,,,172.9,144.0,estimado_poblacion
1961,Cabo Rojo,25015.0,,,,,,172.9,144.7,estimado_poblacion
1962,Cabo Rojo,25133.0,,,,,,172.9,145.4,estimado_poblacion
1963,Cabo Rojo,25255.0,,,,,,172.9,146.1,estimado_poblacion
1964,Cabo Rojo,25372.0,,,,,,172.9,146.7,estimado_poblacion
1965,Cabo Rojo,25494.0,,,,,,172.9,147.4,estimado_poblacion
1966,Cabo Rojo,25613.0,,,,,,172.9,148.1,estimado_poblacion
1967,Cabo Rojo,25731.0,,,,,,172.9,148.8,estimado_poblacion
1968,Cabo Rojo,25853.0,,,,,,172.9,149.5,estimado_poblacion
1969,Cabo Rojo,25971.0,,,,,,172.9,150.2,estimado_poblacion
1970,Cabo Rojo,26257.0,63.0,2300.0,17.0,6.0,29.0,172.9,151.9,censo_decenal
1971,Cabo Rojo,27056.0,62.4,2640.0,17.0,6.5,29.3,172.9,156.5,estimado_anual
1972,Cabo Rojo,27856.0,61.8,2980.0,17.0,7.0,29.6,172.9,161.1,estimado_anual
1973,Cabo Rojo,28657.0,61.2,3320.0,17.0,7.5,29.9,172.9,165.7,estimado_anual
1974,Cabo Rojo,29450.0,60.6,3660.0,17.0,8.0,30.2,172.9,170.3,estimado_anual
1975,Cabo Rojo,30252.0,60.0,4000.0,17.0,8.5,30.5,172.9,175.0,estimado_anual
1976,Cabo Rojo,31048.0,59.4,4340.0,17.0,9.0,30.8,172.9,179.6,estimado_anual
1977,Cabo Rojo,31847.0,58.8,4680.0,17.0,9.5,31.1,172.9,184.2,estimado_anual
1978,Cabo Rojo,32645.0,58.2,5020.0,17.0,10.0,31.4,172.9,188.8,estimado_anual
1979,Cabo Rojo,33447.0,57.6,5360.0,17.0,10.5,31.7,172.9,193.4,estimado_anual
1980,Cabo Rojo,34136.0,57.0,5700.0,17.0,11.0,32.0,172.9,197.4,censo_decenal
1981,Cabo Rojo,34508.0,56.7,6120.0,16.8,11.4,32.4,172.9,199.6,estimado_anual
1982,Cabo Rojo,34890.0,56.4,6540.0,16.6,11.8,32.8,172.9,201.8,estimado_anual
1983,Cabo Rojo,35297.0,56.1,6960.0,16.4,12.2,33.2,172.9,204.1,estimado_anual
1984,Cabo Rojo,35714.0,55.8,7380.0,16.2,12.6,33.6,172.9,206.6,estimado_anual
1985,Cabo Rojo,36158.0,55.5,7800.0,16.0,13.0,34.0,172.9,209.1,estimado_anual
1986,Cabo Rojo,36618.0,55.2,8220.0,15.8,13.4,34.4,172.9,211.8,estimado_anual
1987,Cabo Rojo,37095.0,54.9,8640.0,15.6,13.8,34.8,172.9,214.5,estimado_anual
1988,Cabo Rojo,37595.0,54.6,9060.0,15.4,14.2,35.2,172.9,217.4,estimado_anual
1989,Cabo Rojo,38116.0,54.3,9480.0,15.2,14.6,35.6,172.9,220.5,estimado_anual
1990,Cabo Rojo,38700.0,54.0,9900.0,15.0,15.0,36.0,172.9,223.8,censo_decenal
1991,Cabo Rojo,39431.0,53.7,10850.0,14.7,15.4,36.4,172.9,228.1,estimado_anual
1992,Cabo Rojo,40185.0,53.4,11800.0,14.4,15.8,36.8,172.9,232.4,estimado_anual
1993,Cabo Rojo,40964.0,53.1,12750.0,14.1,16.2,37.2,172.9,236.9,estimado_anual
1994,Cabo Rojo,41766.0,52.8,13700.0,13.8,16.6,37.6,172.9,241.6,estimado_anual
1995,Cabo Rojo,42593.0,52.5,14650.0,13.5,17.0,38.0,172.9,246.3,estimado_anual
1996,Cabo Rojo,43452.0,52.2,15600.0,13.2,17.4,38.4,172.9,251.3,estimado_anual
1997,Cabo Rojo,44334.0,51.9,16550.0,12.9,17.8,38.8,172.9,256.4,estimado_anual
1998,Cabo Rojo,45245.0,51.6,17500.0,12.6,18.2,39.2,172.9,261.7,estimado_anual
1999,Cabo Rojo,46185.0,51.3,18450.0,12.3,18.6,39.6,172.9,267.1,estimado_anual
2000,Cabo Rojo,47050.0,51.0,19400.0,12.0,19.0,40.0,172.9,272.1,censo_decenal
2001,Cabo Rojo,47635.0,50.0,19480.0,12.1,19.2,40.2,172.9,275.5,estimado_anual
2002,Cabo Rojo,48188.0,49.0,19560.0,12.2,19.4,40.4,172.9,278.7,estimado_anual
2003,Cabo Rojo,48724.0,48.0,19640.0,12.3,19.6,40.6,172.9,281.8,estimado_anual
2004,Cabo Rojo,49238.0,47.0,19720.0,12.4,19.8,40.8,172.9,284.8,estimado_anual
2005,Cabo Rojo,49706.0,46.0,19800.0,12.5,20.0,41.0,172.9,287.5,estimado_anual
2006,Cabo Rojo,50005.0,45.0,19880.0,12.6,20.2,41.2,172.9,289.2,estimado_anual
2007,Cabo Rojo,50229.0,44.0,19960.0,12.7,20.4,41.4,172.9,290.5,estimado_anual
2008,Cabo Rojo,50482.0,43.0,20040.0,12.8,20.6,41.6,172.9,292.0,estimado_anual
2009,Cabo Rojo,50738.0,42.0,20120.0,12.9,20.8,41.8,172.9,293.5,estimado_anual
2010,Cabo Rojo,50965.0,41.0,20200.0,13.0,21.0,42.0,172.9,294.8,censo_decenal
2011,Cabo Rojo,50776.0,41.2,20225.6,13.0,21.2,42.1,172.9,293.7,estimado_anual
2012,Cabo Rojo,50600.0,41.4,20251.2,13.0,21.4,42.2,172.9,292.7,estimado_anual
2013,Cabo Rojo,50475.0,41.6,20276.8,13.0,21.6,42.3,172.9,291.9,estimado_anual
2014,Cabo Rojo,50074.0,41.8,20302.4,13.0,21.8,42.4,172.9,289.6,estimado_anual
2015,Cabo Rojo,49665.0,42.0,20328.0,13.0,22.0,42.5,172.9,287.2,estimado_anual
2016,Cabo Rojo,49214.0,42.2,20353.6,13.0,22.2,42.6,172.9,284.6,estimado_anual
2017,Cabo Rojo,48455.0,42.4,20379.2,13.0,22.4,42.7,172.9,280.2,estimado_anual
2018,Cabo Rojo,46936.0,42.6,20404.8,13.0,22.6,42.8,172.9,271.5,estimado_anual
2019,Cabo Rojo,47266.0,42.8,20430.4,13.0,22.8,42.9,172.9,273.4,estimado_anual
2020,Cabo Rojo,47117.0,43.0,20456.0,13.0,23.0,43.0,172.9,272.5,censo_decenal
2021,Cabo Rojo,47052.0,43.2,20481.6,13.0,23.2,43.1,172.9,272.1,estimado_anual
2022,Cabo Rojo,46616.0,43.4,20507.2,13.0,23.4,43.2,172.9,269.6,estimado_anual
2023,Cabo Rojo,46522.0,43.6,20532.8,13.0,23.6,43.3,172.9,269.1,estimado_anual
2024,Cabo Rojo,46656.0,43.8,20558.4,13.0,23.8,43.4,172.9,269.8,estimado_anual
2025,Cabo Rojo,46580.0,44.0,20584.0,13.0,24.0,43.5,172.9,269.4,estimado_anual
1950,Caguas,60257.0,,,,,,151.5,397.7,estimado_poblacion
1951,Caguas,60753.0,,,,,,151.5,401.0,estimado_poblacion
1952,Caguas,61247.0,,,,,,151.5,404.3,estimado_poblacion
1953,Caguas,61745.0,,,,,,151.5,407.6,estimado_poblacion
1954,Caguas,62241.0,,,,,,151.5,410.8,estimado_poblacion
1955,Caguas,62740.0,,,,,,151.5,414.1,estimado_poblacion
1956,Caguas,63232.0,,,,,,151.5,417.4,estimado_poblacion
1957,Caguas,63733.0,,,,,,151.5,420.7,estimado_poblacion
1958,Caguas,64228.0,,,,,,151.5,423.9,estimado_poblacion
1959,Caguas,64724.0,,,,,,151.5,427.2,estimado_poblacion
1960,Caguas,65859.0,,,,,,151.5,434.7,estimado_poblacion
1961,Caguas,68917.0,,,,,,151.5,454.9,estimado_poblacion
1962,Caguas,71970.0,,,,,,151.5,475.0,estimado_poblacion
1963,Caguas,75026.0,,,,,,151.5,495.2,estimado_poblacion
1964,Caguas,78088.0,,,,,,151.5,515.4,estimado_poblacion
1965,Caguas,81142.0,,,,,,151.5,535.6,estimado_poblacion
1966,Caguas,84197.0,,,,,,151.5,555.8,estimado_poblacion
1967,Caguas,87251.0,,,,,,151.5,575.9,estimado_poblacion
1968,Caguas,90314.0,,,,,,151.5,596.1,estimado_poblacion
1969,Caguas,93364.0,,,,,,151.5,616.3,estimado_poblacion
1970,Caguas,96216.0,57.0,2700.0,15.0,8.0,27.0,151.5,635.1,censo_decenal
1971,Caguas,98446.0,56.5,3100.0,14.9,8.7,27.3,151.5,649.8,estimado_anual
1972,Caguas,100679.0,56.0,3500.0,14.8,9.4,27.6,151.5,664.5,estimado_anual
1973,Caguas,102905.0,55.5,3900.0,14.7,10.1,27.9,151.5,679.2,estimado_anual
1974,Caguas,105136.0,55.0,4300.0,14.6,10.8,28.2,151.5,694.0,estimado_anual
1975,Caguas,107360.0,54.5,4700.0,14.5,11.5,28.5,151.5,708.6,estimado_anual
1976,Caguas,109595.0,54.0,5100.0,14.4,12.2,28.8,151.5,723.4,estimado_anual
1977,Caguas,111827.0,53.5,5500.0,14.3,12.9,29.1,151.5,738.1,estimado_anual
1978,Caguas,114055.0,53.0,5900.0,14.2,13.6,29.4,151.5,752.8,estimado_anual
1979,Caguas,116281.0,52.5,6300.0,14.1,14.3,29.7,151.5,767.5,estimado_anual
1980,Caguas,118292.0,52.0,6700.0,14.0,15.0,30.0,151.5,780.8,censo_decenal
1981,Caguas,119641.0,51.5,7160.0,13.8,15.4,30.3,151.5,789.7,estimado_anual
1982,Caguas,121036.0,51.0,7620.0,13.6,15.8,30.6,151.5,798.9,estimado_anual
1983,Caguas,122475.0,50.5,8080.0,13.4,16.2,30.9,151.5,808.4,estimado_anual
1984,Caguas,123961.0,50.0,8540.0,13.2,16.6,31.2,151.5,818.2,estimado_anual
1985,Caguas,125491.0,49.5,9000.0,13.0,17.0,31.5,151.5,828.3,estimado_anual
1986,Caguas,127068.0,49.0,9460.0,12.8,17.4,31.8,151.5,838.7,estimado_anual
1987,Caguas,128699.0,48.5,9920.0,12.6,17.8,32.1,151.5,849.5,estimado_anual
1988,Caguas,130381.0,48.0,10380.0,12.4,18.2,32.4,151.5,860.6,estimado_anual
1989,Caguas,132112.0,47.5,10840.0,12.2,18.6,32.7,151.5,872.0,estimado_anual
1990,Caguas,133581.0,47.0,11300.0,12.0,19.0,33.0,151.5,881.7,censo_decenal
1991,Caguas,134140.0,46.8,12330.0,11.9,19.5,33.6,151.5,885.4,estimado_anual
1992,Caguas,134731.0,46.6,13360.0,11.8,20.0,34.2,151.5,889.3,estimado_anual
1993,Caguas,135352.0,46.4,14390.0,11.7,20.5,34.8,151.5,893.4,estimado_anual
1994,Caguas,136015.0,46.2,15420.0,11.6,21.0,35.4,151.5,897.8,estimado_anual
1995,Caguas,136704.0,46.0,16450.0,11.5,21.5,36.0,151.5,902.3,estimado_anual
1996,Caguas,137435.0,45.8,17480.0,11.4,22.0,36.6,151.5,907.2,estimado_anual
1997,Caguas,138203.0,45.6,18510.0,11.3,22.5,37.2,151.5,912.2,estimado_anual
1998,Caguas,139004.0,45.4,19540.0,11.2,23.0,37.8,151.5,917.5,estimado_anual
1999,Caguas,139847.0,45.2,20570.0,11.1,23.5,38.4,151.5,923.1,estimado_anual
2000,Caguas,140732.0,45.0,21600.0,11.0,24.0,39.0,151.5,928.9,censo_decenal
2001,Caguas,141569.0,44.5,21680.0,11.0,24.3,39.2,151.5,934.4,estimado_anual
2002,Caguas,142305.0,44.0,21760.0,11.0,24.6,39.4,151.5,939.3,estimado_anual
2003,Caguas,142942.0,43.5,21840.0,11.0,24.9,39.6,151.5,943.5,estimado_anual
2004,Caguas,143533.0,43.0,21920.0,11.0,25.2,39.8,151.5,947.4,estimado_anual
2005,Caguas,143885.0,42.5,22000.0,11.0,25.5,40.0,151.5,949.7,estimado_anual
2006,Caguas,143848.0,42.0,22080.0,11.0,25.8,40.2,151.5,949.5,estimado_anual
2007,Caguas,143554.0,41.5,22160.0,11.0,26.1,40.4,151.5,947.6,estimado_anual
2008,Caguas,143299.0,41.0,22240.0,11.0,26.4,40.6,151.5,945.9,estimado_anual
2009,Caguas,143053.0,40.5,22320.0,11.0,26.7,40.8,151.5,944.2,estimado_anual
2010,Caguas,142951.0,40.0,22400.0,11.0,27.0,41.0,151.5,943.6,censo_decenal
2011,Caguas,141949.0,40.2,22421.7,11.0,27.2,41.1,151.5,937.0,estimado_anual
2012,Caguas,140898.0,40.4,22443.4,11.0,27.4,41.2,151.5,930.0,estimado_anual
2013,Caguas,139828.0,40.6,22465.1,11.0,27.6,41.3,151.5,923.0,estimado_anual
2014,Caguas,138127.0,40.8,22486.8,11.0,27.8,41.4,151.5,911.7,estimado_anual
2015,Caguas,136242.0,41.0,22508.5,11.0,28.0,41.5,151.5,899.3,estimado_anual
2016,Caguas,134338.0,41.2,22530.2,11.0,28.2,41.6,151.5,886.7,estimado_anual
2017,Caguas,131805.0,41.4,22551.9,11.0,28.4,41.7,151.5,870.0,estimado_anual
2018,Caguas,127254.0,41.6,22573.6,11.0,28.6,41.8,151.5,840.0,estimado_anual
2019,Caguas,127831.0,41.8,22595.3,11.0,28.8,41.9,151.5,843.8,estimado_anual
2020,Caguas,127084.0,42.0,22617.0,11.0,29.0,42.0,151.5,838.8,censo_decenal
2021,Caguas,126644.0,42.2,22638.7,11.0,29.2,42.1,151.5,835.9,estimado_anual
2022,Caguas,125142.0,42.4,22660.4,11.0,29.4,42.2,151.5,826.0,estimado_anual
2023,Caguas,124614.0,42.6,22682.1,11.0,29.6,42.3,151.5,822.5,estimado_anual
2024,Caguas,124714.0,42.8,22703.8,11.0,29.8,42.4,151.5,823.2,estimado_anual
2025,Caguas,124161.0,43.0,22725.5,11.0,30.0,42.5,151.5,819.5,estimado_anual
1950,Camuy,20859.0,,,,,,119.5,174.6,estimado_poblacion
1951,Camuy,20743.0,,,,,,119.5,173.6,estimado_poblacion
1952,Camuy,20628.0,,,,,,119.5,172.6,estimado_poblacion
1953,Camuy,20514.0,,,,,,119.5,171.7,estimado_poblacion
1954,Camuy,20401.0,,,,,,119.5,170.7,estimado_poblacion
1955,Camuy,20286.0,,,,,,119.5,169.8,estimado_poblacion
1956,Camuy,20170.0,,,,,,119.5,168.8,estimado_poblacion
1957,Camuy,20056.0,,,,,,119.5,167.8,estimado_poblacion
1958,Camuy,19939.0,,,,,,119.5,166.9,estimado_poblacion
1959,Camuy,19828.0,,,,,,119.5,165.9,estimado_poblacion
1960,Camuy,19742.0,,,,,,119.5,165.2,estimado_poblacion
1961,Camuy,19760.0,,,,,,119.5,165.4,estimado_poblacion
1962,Camuy,19781.0,,,,,,119.5,165.5,estimado_poblacion
1963,Camuy,19798.0,,,,,,119.5,165.7,estimado_poblacion
1964,Camuy,19814.0,,,,,,119.5,165.8,estimado_poblacion
1965,Camuy,19837.0,,,,,,119.5,166.0,estimado_poblacion
1966,Camuy,19855.0,,,,,,119.5,166.2,estimado_poblacion
1967,Camuy,19875.0,,,,,,119.5,166.3,estimado_poblacion
1968,Camuy,19889.0,,,,,,119.5,166.4,estimado_poblacion
1969,Camuy,19908.0,,,,,,119.5,166.6,estimado_poblacion
1970,Camuy,20047.0,66.0,2100.0,18.0,5.0,28.0,119.5,167.8,censo_decenal
1971,Camuy,20543.0,65.5,2420.0,18.0,5.4,28.3,119.5,171.9,estimado_anual
1972,Camuy,21038.0,65.0,2740.0,18.0,5.8,28.6,119.5,176.1,estimado_anual
1973,Camuy,21538.0,64.5,3060.0,18.0,6.2,28.9,119.5,180.2,estimado_anual
1974,Camuy,22034.0,64.0,3380.0,18.0,6.6,29.2,119.5,184.4,estimado_anual
1975,Camuy,22523.0,63.5,3700.0,18.0,7.0,29.5,119.5,188.5,estimado_anual
1976,Camuy,23021.0,63.0,4020.0,18.0,7.4,29.8,119.5,192.6,estimado_anual
1977,Camuy,23518.0,62.5,4340.0,18.0,7.8,30.1,119.5,196.8,estimado_anual
1978,Camuy,24016.0,62.0,4660.0,18.0,8.2,30.4,119.5,201.0,estimado_anual
1979,Camuy,24508.0,61.5,4980.0,18.0,8.6,30.7,119.5,205.1,estimado_anual
1980,Camuy,24968.0,61.0,5300.0,18.0,9.0,31.0,119.5,208.9,censo_decenal
1981,Camuy,25309.0,60.6,5710.0,17.8,9.3,31.3,119.5,211.8,estimado_anual
1982,Camuy,25663.0,60.2,6120.0,17.6,9.6,31.6,119.5,214.8,estimado_anual
1983,Camuy,26031.0,59.8,6530.0,17.4,9.9,31.9,119.5,217.8,estimado_anual
1984,Camuy,26415.0,59.4,6940.0,17.2,10.2,32.2,119.5,221.0,estimado_anual
1985,Camuy,26810.0,59.0,7350.0,17.0,10.5,32.5,119.5,224.4,estimado_anual
1986,Camuy,27222.0,58.6,7760.0,16.8,10.8,32.8,119.5,227.8,estimado_anual
1987,Camuy,27651.0,58.2,8170.0,16.6,11.1,33.1,119.5,231.4,estimado_anual
1988,Camuy,28096.0,57.8,8580.0,16.4,11.4,33.4,119.5,235.1,estimado_anual
1989,Camuy,28558.0,57.4,8990.0,16.2,11.7,33.7,119.5,239.0,estimado_anual
1990,Camuy,29050.0,57.0,9400.0,16.0,12.0,34.0,119.5,243.1,censo_decenal
1991,Camuy,29598.0,56.6,10070.0,15.7,12.3,34.4,119.5,247.7,estimado_anual
1992,Camuy,30164.0,56.2,10740.0,15.4,12.6,34.8,119.5,252.4,estimado_anual
1993,Camuy,30748.0,55.8,11410.0,15.1,12.9,35.2,119.5,257.3,estimado_anual
1994,Camuy,31352.0,55.4,12080.0,14.8,13.2,35.6,119.5,262.4,estimado_anual
1995,Camuy,31975.0,55.0,12750.0,14.5,13.5,36.0,119.5,267.6,estimado_anual
1996,Camuy,32620.0,54.6,13420.0,14.2,13.8,36.4,119.5,273.0,estimado_anual
1997,Camuy,33287.0,54.2,14090.0,13.9,14.1,36.8,119.5,278.6,estimado_anual
1998,Camuy,33978.0,53.8,14760.0,13.6,14.4,37.2,119.5,284.3,estimado_anual
1999,Camuy,34692.0,53.4,15430.0,13.3,14.7,37.6,119.5,290.3,estimado_anual
2000,Camuy,35276.0,53.0,16100.0,13.0,15.0,38.0,119.5,295.2,censo_decenal
2001,Camuy,35432.0,51.7,16160.0,13.1,15.1,38.1,119.5,296.5,estimado_anual
2002,Camuy,35544.0,50.4,16220.0,13.2,15.2,38.2,119.5,297.4,estimado_anual
2003,Camuy,35640.0,49.1,16280.0,13.3,15.3,38.3,119.5,298.2,estimado_anual
2004,Camuy,35722.0,47.8,16340.0,13.4,15.4,38.4,119.5,298.9,estimado_anual
2005,Camuy,35729.0,46.5,16400.0,13.5,15.5,38.5,119.5,299.0,estimado_anual
2006,Camuy,35655.0,45.2,16460.0,13.6,15.6,38.6,119.5,298.4,estimado_anual
2007,Camuy,35497.0,43.9,16520.0,13.7,15.7,38.7,119.5,297.0,estimado_anual
2008,Camuy,35380.0,42.6,16580.0,13.8,15.8,38.8,119.5,296.1,estimado_anual
2009,Camuy,35253.0,41.3,16640.0,13.9,15.9,38.9,119.5,295.0,estimado_anual
2010,Camuy,35187.0,40.0,16700.0,14.0,16.0,39.0,119.5,294.5,censo_decenal
2011,Camuy,35090.0,40.2,16714.2,14.0,16.1,39.3,119.5,293.6,estimado_anual
2012,Camuy,34958.0,40.4,16728.4,14.0,16.2,39.6,119.5,292.5,estimado_anual
2013,Camuy,34874.0,40.6,16742.6,14.0,16.3,39.9,119.5,291.8,estimado_anual
2014,Camuy,34597.0,40.8,16756.8,14.0,16.4,40.2,119.5,289.5,estimado_anual
2015,Camuy,34318.0,41.0,16771.0,14.0,16.5,40.5,119.5,287.2,estimado_anual
2016,Camuy,33955.0,41.2,16785.2,14.0,16.6,40.8,119.5,284.1,estimado_anual
2017,Camuy,33505.0,41.4,16799.4,14.0,16.7,41.1,119.5,280.4,estimado_anual
2018,Camuy,32540.0,41.6,16813.6,14.0,16.8,41.4,119.5,272.3,estimado_anual
2019,Camuy,32845.0,41.8,16827.8,14.0,16.9,41.7,119.5,274.9,estimado_anual
2020,Camuy,32820.0,42.0,16842.0,14.0,17.0,42.0,119.5,274.6,censo_decenal
2021,Camuy,32875.0,42.2,16856.2,14.0,17.1,42.3,119.5,275.1,estimado_anual
2022,Camuy,32582.0,42.4,16870.4,14.0,17.2,42.6,119.5,272.7,estimado_anual
2023,Camuy,32570.0,42.6,16884.6,14.0,17.3,42.9,119.5,272.6,estimado_anual
2024,Camuy,32732.0,42.8,16898.8,14.0,17.4,43.2,119.5,273.9,estimado_anual
2025,Camuy,32691.0,43.0,16913.0,14.0,17.5,43.5,119.5,273.6,estimado_anual
1950,Canóvanas,,,,,,,77.5,,estimado_poblacion
1951,Canóvanas,,,,,,,77.5,,estimado_poblacion
1952,Canóvanas,,,,,,,77.5,,estimado_poblacion
1953,Canóvanas,,,,,,,77.5,,estimado_poblacion
1954,Canóvanas,,,,,,,77.5,,estimado_poblacion
1955,Canóvanas,,,,,,,77.5,,estimado_poblacion
1956,Canóvanas,,,,,,,77.5,,estimado_poblacion
1957,Canóvanas,,,,,,,77.5,,estimado_poblacion
1958,Canóvanas,,,,,,,77.5,,estimado_poblacion
1959,Canóvanas,,,,,,,77.5,,estimado_poblacion
1960,Canóvanas,,,,,,,77.5,,estimado_poblacion
1961,Canóvanas,,,,,,,77.5,,estimado_poblacion
1962,Canóvanas,,,,,,,77.5,,estimado_poblacion
1963,Canóvanas,,,,,,,77.5,,estimado_poblacion
1964,Canóvanas,,,,,,,77.5,,estimado_poblacion
1965,Canóvanas,,,,,,,77.5,,estimado_poblacion
1966,Canóvanas,,,,,,,77.5,,estimado_poblacion
1967,Canóvanas,,,,,,,77.5,,estimado_poblacion
1968,Canóvanas,,,,,,,77.5,,estimado_poblacion
1969,Canóvanas,,,,,,,77.5,,estimado_poblacion
1970,Canóvanas,,62.0,2400.0,16.0,5.0,27.0,77.5,,censo_decenal
1971,Canóvanas,,61.4,2760.0,15.9,5.4,27.3,77.5,,estimado_anual
1972,Canóvanas,,60.8,3120.0,15.8,5.8,27.6,77.5,,estimado_anual
1973,Canóvanas,,60.2,3480.0,15.7,6.2,27.9,77.5,,estimado_anual
1974,Canóvanas,,59.6,3840.0,15.6,6.6,28.2,77.5,,estimado_anual
1975,Canóvanas,,59.0,4200.0,15.5,7.0,28.5,77.5,,estimado_anual
1976,Canóvanas,,58.4,4560.0,15.4,7.4,28.8,77.5,,estimado_anual
1977,Canóvanas,,57.8,4920.0,15.3,7.8,29.1,77.5,,estimado_anual
1978,Canóvanas,,57.2,5280.0,15.2,8.2,29.4,77.5,,estimado_anual
1979,Canóvanas,,56.6,5640.0,15.1,8.6,29.7,77.5,,estimado_anual
1980,Canóvanas,31981.0,56.0,6000.0,15.0,9.0,30.0,77.5,412.7,censo_decenal
1981,Canóvanas,32393.0,55.6,6440.0,14.8,9.3,30.3,77.5,418.0,estimado_anual
1982,Canóvanas,32822.0,55.2,6880.0,14.6,9.6,30.6,77.5,423.5,estimado_anual
1983,Canóvanas,33271.0,54.8,7320.0,14.4,9.9,30.9,77.5,429.3,estimado_anual
1984,Canóvanas,33741.0,54.4,7760.0,14.2,10.2,31.2,77.5,435.4,estimado_anual
1985,Canóvanas,34225.0,54.0,8200.0,14.0,10.5,31.5,77.5,441.6,estimado_anual
1986,Canóvanas,34728.0,53.6,8640.0,13.8,10.8,31.8,77.5,448.1,estimado_anual
1987,Canóvanas,35255.0,53.2,9080.0,13.6,11.1,32.1,77.5,454.9,estimado_anual
1988,Canóvanas,35804.0,52.8,9520.0,13.4,11.4,32.4,77.5,462.0,estimado_anual
1989,Canóvanas,36371.0,52.4,9960.0,13.2,11.7,32.7,77.5,469.3,estimado_anual
1990,Canóvanas,36956.0,52.0,10400.0,13.0,12.0,33.0,77.5,476.9,censo_decenal
1991,Canóvanas,37534.0,51.7,11180.0,12.9,12.3,33.3,77.5,484.3,estimado_anual
1992,Canóvanas,38126.0,51.4,11960.0,12.8,12.6,33.6,77.5,491.9,estimado_anual
1993,Canóvanas,38733.0,51.1,12740.0,12.7,12.9,33.9,77.5,499.8,estimado_anual
1994,Canóvanas,39359.0,50.8,13520.0,12.6,13.2,34.2,77.5,507.9,estimado_anual
1995,Canóvanas,40007.0,50.5,14300.0,12.5,13.5,34.5,77.5,516.2,estimado_anual
1996,Canóvanas,40672.0,50.2,15080.0,12.4,13.8,34.8,77.5,524.8,estimado_anual
1997,Canóvanas,41352.0,49.9,15860.0,12.3,14.1,35.1,77.5,533.6,estimado_anual
1998,Canóvanas,42053.0,49.6,16640.0,12.2,14.4,35.4,77.5,542.6,estimado_anual
1999,Canóvanas,42779.0,49.3,17420.0,12.1,14.7,35.7,77.5,552.0,estimado_anual
2000,Canóvanas,43542.0,49.0,18200.0,12.0,15.0,36.0,77.5,561.8,censo_decenal
2001,Canóvanas,44186.0,47.9,18260.0,12.0,15.2,36.1,77.5,570.1,estimado_anual
2002,Canóvanas,44763.0,46.8,18320.0,12.0,15.4,36.2,77.5,577.6,estimado_anual
2003,Canóvanas,45321.0,45.7,18380.0,12.0,15.6,36.3,77.5,584.8,estimado_anual
2004,Canóvanas,45875.0,44.6,18440.0,12.0,15.8,36.4,77.5,591.9,estimado_anual
2005,Canóvanas,46340.0,43.5,18500.0,12.0,16.0,36.5,77.5,597.9,estimado_anual
2006,Canóvanas,46673.0,42.4,18560.0,12.0,16.2,36.6,77.5,602.2,estimado_anual
2007,Canóvanas,46904.0,41.3,18620.0,12.0,16.4,36.7,77.5,605.2,estimado_anual
2008,Canóvanas,47165.0,40.2,18680.0,12.0,16.6,36.8,77.5,608.6,estimado_anual
2009,Canóvanas,47428.0,39.1,18740.0,12.0,16.8,36.9,77.5,612.0,estimado_anual
2010,Canóvanas,47628.0,38.0,18800.0,12.0,17.0,37.0,77.5,614.6,censo_decenal
2011,Canóvanas,47377.0,38.0,18810.2,12.0,17.1,37.1,77.5,611.3,estimado_anual
2012,Canóvanas,47133.0,38.0,18820.4,12.0,17.2,37.2,77.5,608.2,estimado_anual
2013,Canóvanas,46804.0,38.0,18830.6,12.0,17.3,37.3,77.5,603.9,estimado_anual
2014,Canóvanas,46307.0,38.0,18840.8,12.0,17.4,37.4,77.5,597.5,estimado_anual
2015,Canóvanas,45699.0,38.0,18851.0,12.0,17.5,37.5,77.5,589.7,estimado_anual
2016,Canóvanas,44959.0,38.0,18861.2,12.0,17.6,37.6,77.5,580.1,estimado_anual
2017,Canóvanas,44034.0,38.0,18871.4,12.0,17.7,37.7,77.5,568.2,estimado_anual
2018,Canóvanas,42377.0,38.0,18881.6,12.0,17.8,37.8,77.5,546.8,estimado_anual
2019,Canóvanas,42552.0,38.0,18891.8,12.0,17.9,37.9,77.5,549.1,estimado_anual
2020,Canóvanas,42336.0,38.0,18902.0,12.0,18.0,38.0,77.5,546.3,censo_decenal
2021,Canóvanas,42138.0,38.0,18912.2,12.0,18.1,38.1,77.5,543.7,estimado_anual
2022,Canóvanas,41604.0,38.0,18922.4,12.0,18.2,38.2,77.5,536.8,estimado_anual
2023,Canóvanas,41463.0,38.0,18932.6,12.0,18.3,38.3,77.5,535.0,estimado_anual
2024,Canóvanas,41466.0,38.0,18942.8,12.0,18.4,38.4,77.5,535.0,estimado_anual
2025,Canóvanas,41302.0,38.0,18953.0,12.0,18.5,38.5,77.5,532.9,estimado_anual
1950,Carolina,29513.0,,,,,,118.2,249.7,estimado_poblacion
1951,Carolina,30684.0,,,,,,118.2,259.6,estimado_poblacion
1952,Carolina,31856.0,,,,,,118.2,269.5,estimado_poblacion
1953,Carolina,33029.0,,,,,,118.2,279.4,estimado_poblacion
1954,Carolina,34195.0,,,,,,118.2,289.3,estimado_poblacion
1955,Carolina,35361.0,,,,,,118.2,299.2,estimado_poblacion
1956,Carolina,36533.0,,,,,,118.2,309.1,estimado_poblacion
1957,Carolina,37703.0,,,,,,118.2,319.0,estimado_poblacion
1958,Carolina,38873.0,,,,,,118.2,328.9,estimado_poblacion
1959,Carolina,40044.0,,,,,,118.2,338.8,estimado_poblacion
1960,Carolina,42587.0,,,,,,118.2,360.3,estimado_poblacion
1961,Carolina,49254.0,,,,,,118.2,416.7,estimado_poblacion
1962,Carolina,55920.0,,,,,,118.2,473.1,estimado_poblacion
1963,Carolina,62590.0,,,,,,118.2,529.5,estimado_poblacion
1964,Carolina,69275.0,,,,,,118.2,586.1,estimado_poblacion
1965,Carolina,75946.0,,,,,,118.2,642.5,estimado_poblacion
1966,Carolina,82616.0,,,,,,118.2,699.0,estimado_poblacion
1967,Carolina,89278.0,,,,,,118.2,755.3,estimado_poblacion
1968,Carolina,95970.0,,,,,,118.2,811.9,estimado_poblacion
1969,Carolina,102636.0,,,,,,118.2,868.3,estimado_poblacion
1970,Carolina,109095.0,53.0,3000.0,13.0,10.0,27.0,118.2,923.0,censo_decenal
1971,Carolina,114921.0,52.4,3450.0,12.9,10.8,27.3,118.2,972.3,estimado_anual
1972,Carolina,120765.0,51.8,3900.0,12.8,11.6,27.6,118.2,1021.7,estimado_anual
1973,Carolina,126591.0,51.2,4350.0,12.7,12.4,27.9,118.2,1071.0,estimado_anual
1974,Carolina,132418.0,50.6,4800.0,12.6,13.2,28.2,118.2,1120.3,estimado_anual
1975,Carolina,138240.0,50.0,5250.0,12.5,14.0,28.5,118.2,1169.5,estimado_anual
1976,Carolina,144085.0,49.4,5700.0,12.4,14.8,28.8,118.2,1219.0,estimado_anual
1977,Carolina,149913.0,48.8,6150.0,12.3,15.6,29.1,118.2,1268.3,estimado_anual
1978,Carolina,155741.0,48.2,6600.0,12.2,16.4,29.4,118.2,1317.6,estimado_anual
1979,Carolina,161565.0,47.6,7050.0,12.1,17.2,29.7,118.2,1366.9,estimado_anual
1980,Carolina,166153.0,47.0,7500.0,12.0,18.0,30.0,118.2,1405.7,censo_decenal
1981,Carolina,166991.0,46.5,8000.0,11.8,18.5,30.3,118.2,1412.8,estimado_anual
1982,Carolina,167904.0,46.0,8500.0,11.6,19.0,30.6,118.2,1420.5,estimado_anual
1983,Carolina,168897.0,45.5,9000.0,11.4,19.5,30.9,118.2,1428.9,estimado_anual
1984,Carolina,169969.0,45.0,9500.0,11.2,20.0,31.2,118.2,1438.0,estimado_anual
1985,Carolina,171123.0,44.5,10000.0,11.0,20.5,31.5,118.2,1447.7,estimado_anual
1986,Carolina,172364.0,44.0,10500.0,10.8,21.0,31.8,118.2,1458.2,estimado_anual
1987,Carolina,173692.0,43.5,11000.0,10.6,21.5,32.1,118.2,1469.5,estimado_anual
1988,Carolina,175105.0,43.0,11500.0,10.4,22.0,32.4,118.2,1481.4,estimado_anual
1989,Carolina,176614.0,42.5,12000.0,10.2,22.5,32.7,118.2,1494.2,estimado_anual
1990,Carolina,177942.0,42.0,12500.0,10.0,23.0,33.0,118.2,1505.4,censo_decenal
1991,Carolina,178525.0,41.8,13800.0,10.0,23.5,33.6,118.2,1510.4,estimado_anual
1992,Carolina,179164.0,41.6,15100.0,10.0,24.0,34.2,118.2,1515.8,estimado_anual
1993,Carolina,179856.0,41.4,16400.0,10.0,24.5,34.8,118.2,1521.6,estimado_anual
1994,Carolina,180604.0,41.2,17700.0,10.0,25.0,35.4,118.2,1528.0,estimado_anual
1995,Carolina,181411.0,41.0,19000.0,10.0,25.5,36.0,118.2,1534.8,estimado_anual
1996,Carolina,182277.0,40.8,20300.0,10.0,26.0,36.6,118.2,1542.1,estimado_anual
1997,Carolina,183202.0,40.6,21600.0,10.0,26.5,37.2,118.2,1549.9,estimado_anual
1998,Carolina,184191.0,40.4,22900.0,10.0,27.0,37.8,118.2,1558.3,estimado_anual
1999,Carolina,185245.0,40.2,24200.0,10.0,27.5,38.4,118.2,1567.2,estimado_anual
2000,Carolina,185522.0,40.0,25500.0,10.0,28.0,39.0,118.2,1569.6,censo_decenal
2001,Carolina,185452.0,40.0,25600.0,10.0,28.4,39.2,118.2,1569.0,estimado_anual
2002,Carolina,185178.0,40.0,25700.0,10.0,28.8,39.4,118.2,1566.6,estimado_anual
2003,Carolina,184790.0,40.0,25800.0,10.0,29.2,39.6,118.2,1563.4,estimado_anual
2004,Carolina,184329.0,40.0,25900.0,10.0,29.6,39.8,118.2,1559.5,estimado_anual
2005,Carolina,183603.0,40.0,26000.0,10.0,30.0,40.0,118.2,1553.3,estimado_anual
2006,Carolina,182346.0,40.0,26100.0,10.0,30.4,40.2,118.2,1542.7,estimado_anual
2007,Carolina,180770.0,40.0,26200.0,10.0,30.8,40.4,118.2,1529.4,estimado_anual
2008,Carolina,179239.0,40.0,26300.0,10.0,31.2,40.6,118.2,1516.4,estimado_anual
2009,Carolina,177791.0,40.0,26400.0,10.0,31.6,40.8,118.2,1504.2,estimado_anual
2010,Carolina,176658.0,40.0,26500.0,10.0,32.0,41.0,118.2,1494.6,censo_decenal
2011,Carolina,175013.0,40.2,26528.1,10.0,32.2,41.2,118.2,1480.7,estimado_anual
2012,Carolina,173223.0,40.4,26556.2,10.0,32.4,41.4,118.2,1465.5,estimado_anual
2013,Carolina,171546.0,40.6,26584.3,10.0,32.6,41.6,118.2,1451.3,estimado_anual
2014,Carolina,169277.0,40.8,26612.4,10.0,32.8,41.8,118.2,1432.1,estimado_anual
2015,Carolina,166770.0,41.0,26640.5,10.0,33.0,42.0,118.2,1410.9,estimado_anual
2016,Carolina,164166.0,41.2,26668.6,10.0,33.2,42.2,118.2,1388.9,estimado_anual
2017,Carolina,160905.0,41.4,26696.7,10.0,33.4,42.4,118.2,1361.3,estimado_anual
2018,Carolina,155221.0,41.6,26724.8,10.0,33.6,42.6,118.2,1313.2,estimado_anual
2019,Carolina,155634.0,41.8,26752.9,10.0,33.8,42.8,118.2,1316.7,estimado_anual
2020,Carolina,154550.0,42.0,26781.0,10.0,34.0,43.0,118.2,1307.5,censo_decenal
2021,Carolina,153510.0,42.2,26809.1,10.0,34.2,43.2,118.2,1298.7,estimado_anual
2022,Carolina,151505.0,42.4,26837.2,10.0,34.4,43.4,118.2,1281.8,estimado_anual
2023,Carolina,150804.0,42.6,26865.3,10.0,34.6,43.6,118.2,1275.8,estimado_anual
2024,Carolina,150708.0,42.8,26893.4,10.0,34.8,43.8,118.2,1275.0,estimado_anual
2025,Carolina,149874.0,43.0,26921.5,10.0,35.0,44.0,118.2,1268.0,estimado_anual
1950,Cataño,20002.0,,,,,,12.5,1600.2,estimado_poblacion
1951,Cataño,20532.0,,,,,,12.5,1642.6,estimado_poblacion
1952,Cataño,21066.0,,,,,,12.5,1685.3,estimado_poblacion
1953,Cataño,21601.0,,,,,,12.5,1728.1,estimado_poblacion
1954,Cataño,22135.0,,,,,,12.5,1770.8,estimado_poblacion
1955,Cataño,22671.0,,,,,,12.5,1813.7,estimado_poblacion
1956,Cataño,23203.0,,,,,,12.5,1856.2,estimado_poblacion
1957,Cataño,23739.0,,,,,,12.5,1899.1,estimado_poblacion
1958,Cataño,24271.0,,,,,,12.5,1941.7,estimado_poblacion
1959,Cataño,24806.0,,,,,,12.5,1984.5,estimado_poblacion
1960,Cataño,25240.0,,,,,,12.5,2019.2,estimado_poblacion
1961,Cataño,25366.0,,,,,,12.5,2029.3,estimado_poblacion
1962,Cataño,25491.0,,,,,,12.5,2039.3,estimado_poblacion
1963,Cataño,25616.0,,,,,,12.5,2049.3,estimado_poblacion
1964,Cataño,25738.0,,,,,,12.5,2059.0,estimado_poblacion
1965,Cataño,25867.0,,,,,,12.5,2069.4,estimado_poblacion
1966,Cataño,25989.0,,,,,,12.5,2079.1,estimado_poblacion
1967,Cataño,26113.0,,,,,,12.5,2089.0,estimado_poblacion
1968,Cataño,26243.0,,,,,,12.5,2099.4,estimado_poblacion
1969,Cataño,26364.0,,,,,,12.5,2109.1,estimado_poblacion
1970,Cataño,26455.0,63.0,2400.0,17.0,6.0,27.0,12.5,2116.4,censo_decenal
1971,Cataño,26433.0,62.4,2750.0,16.9,6.4,27.3,12.5,2114.6,estimado_anual
1972,Cataño,26412.0,61.8,3100.0,16.8,6.8,27.6,12.5,2113.0,estimado_anual
1973,Cataño,26385.0,61.2,3450.0,16.7,7.2,27.9,12.5,2110.8,estimado_anual
1974,Cataño,26366.0,60.6,3800.0,16.6,7.6,28.2,12.5,2109.3,estimado_anual
1975,Cataño,26343.0,60.0,4150.0,16.5,8.0,28.5,12.5,2107.4,estimado_anual
1976,Cataño,26323.0,59.4,4500.0,16.4,8.4,28.8,12.5,2105.8,estimado_anual
1977,Cataño,26303.0,58.8,4850.0,16.3,8.8,29.1,12.5,2104.2,estimado_anual
1978,Cataño,26281.0,58.2,5200.0,16.2,9.2,29.4,12.5,2102.5,estimado_anual
1979,Cataño,26259.0,57.6,5550.0,16.1,9.6,29.7,12.5,2100.7,estimado_anual
1980,Cataño,26412.0,57.0,5900.0,16.0,10.0,30.0,12.5,2113.0,censo_decenal
1981,Cataño,27111.0,56.5,6320.0,15.9,10.4,30.3,12.5,2168.9,estimado_anual
1982,Cataño,27835.0,56.0,6740.0,15.8,10.8,30.6,12.5,2226.8,estimado_anual
1983,Cataño,28591.0,55.5,7160.0,15.7,11.2,30.9,12.5,2287.3,estimado_anual
1984,Cataño,29378.0,55.0,7580.0,15.6,11.6,31.2,12.5,2350.2,estimado_anual
1985,Cataño,30197.0,54.5,8000.0,15.5,12.0,31.5,12.5,2415.8,estimado_anual
1986,Cataño,31052.0,54.0,8420.0,15.4,12.4,31.8,12.5,2484.2,estimado_anual
1987,Cataño,31942.0,53.5,8840.0,15.3,12.8,32.1,12.5,2555.4,estimado_anual
1988,Cataño,32868.0,53.0,9260.0,15.2,13.2,32.4,12.5,2629.4,estimado_anual
1989,Cataño,33834.0,52.5,9680.0,15.1,13.6,32.7,12.5,2706.7,estimado_anual
1990,Cataño,34446.0,52.0,10100.0,15.0,14.0,33.0,12.5,2755.7,censo_decenal
1991,Cataño,33894.0,51.8,10740.0,14.9,14.3,33.4,12.5,2711.5,estimado_anual
1992,Cataño,33370.0,51.6,11380.0,14.8,14.6,33.8,12.5,2669.6,estimado_anual
1993,Cataño,32868.0,51.4,12020.0,14.7,14.9,34.2,12.5,2629.4,estimado_anual
1994,Cataño,32390.0,51.2,12660.0,14.6,15.2,34.6,12.5,2591.2,estimado_anual
1995,Cataño,31935.0,51.0,13300.0,14.5,15.5,35.0,12.5,2554.8,estimado_anual
1996,Cataño,31503.0,50.8,13940.0,14.4,15.8,35.4,12.5,2520.2,estimado_anual
1997,Cataño,31094.0,50.6,14580.0,14.3,16.1,35.8,12.5,2487.5,estimado_anual
1998,Cataño,30706.0,50.4,15220.0,14.2,16.4,36.2,12.5,2456.5,estimado_anual
1999,Cataño,30336.0,50.2,15860.0,14.1,16.7,36.6,12.5,2426.9,estimado_anual
2000,Cataño,30058.0,50.0,16500.0,14.0,17.0,37.0,12.5,2404.6,censo_decenal
2001,Cataño,30020.0,48.8,16550.0,14.1,17.2,37.1,12.5,2401.6,estimado_anual
2002,Cataño,29931.0,47.6,16600.0,14.2,17.4,37.2,12.5,2394.5,estimado_anual
2003,Cataño,29825.0,46.4,16650.0,14.3,17.6,37.3,12.5,2386.0,estimado_anual
2004,Cataño,29713.0,45.2,16700.0,14.4,17.8,37.4,12.5,2377.0,estimado_anual
2005,Cataño,29511.0,44.0,16750.0,14.5,18.0,37.5,12.5,2360.9,estimado_anual
2006,Cataño,29260.0,42.8,16800.0,14.6,18.2,37.6,12.5,2340.8,estimado_anual
2007,Cataño,28945.0,41.6,16850.0,14.7,18.4,37.7,12.5,2315.6,estimado_anual
2008,Cataño,28647.0,40.4,16900.0,14.8,18.6,37.8,12.5,2291.8,estimado_anual
2009,Cataño,28358.0,39.2,16950.0,14.9,18.8,37.9,12.5,2268.6,estimado_anual
2010,Cataño,28099.0,38.0,17000.0,15.0,19.0,38.0,12.5,2247.9,censo_decenal
2011,Cataño,27678.0,38.1,17012.3,15.0,19.1,38.1,12.5,2214.2,estimado_anual
2012,Cataño,27259.0,38.2,17024.6,15.0,19.2,38.2,12.5,2180.7,estimado_anual
2013,Cataño,26878.0,38.3,17036.9,15.0,19.3,38.3,12.5,2150.2,estimado_anual
2014,Cataño,26362.0,38.4,17049.2,15.0,19.4,38.4,12.5,2109.0,estimado_anual
2015,Cataño,25784.0,38.5,17061.5,15.0,19.5,38.5,12.5,2062.7,estimado_anual
2016,Cataño,25230.0,38.6,17073.8,15.0,19.6,38.6,12.5,2018.4,estimado_anual
2017,Cataño,24532.0,38.7,17086.1,15.0,19.7,38.7,12.5,1962.6,estimado_anual
2018,Cataño,23474.0,38.8,17098.4,15.0,19.8,38.8,12.5,1877.9,estimado_anual
2019,Cataño,23382.0,38.9,17110.7,15.0,19.9,38.9,12.5,1870.6,estimado_anual
2020,Cataño,23132.0,39.0,17123.0,15.0,20.0,39.0,12.5,1850.6,censo_decenal
2021,Cataño,22819.0,39.1,17135.3,15.0,20.1,39.1,12.5,1825.5,estimado_anual
2022,Cataño,22328.0,39.2,17147.6,15.0,20.2,39.2,12.5,1786.2,estimado_anual
2023,Cataño,22069.0,39.3,17159.9,15.0,20.3,39.3,12.5,1765.5,estimado_anual
2024,Cataño,21924.0,39.4,17172.2,15.0,20.4,39.4,12.5,1753.9,estimado_anual
2025,Cataño,21701.0,39.5,17184.5,15.0,20.5,39.5,12.5,1736.1,estimado_anual
1950,Cayey,36690.0,,,,,,133.9,274.0,estimado_poblacion
1951,Cayey,36830.0,,,,,,133.9,275.1,estimado_poblacion
1952,Cayey,36973.0,,,,,,133.9,276.1,estimado_poblacion
1953,Cayey,37113.0,,,,,,133.9,277.2,estimado_poblacion
1954,Cayey,37254.0,,,,,,133.9,278.2,estimado_poblacion
1955,Cayey,37396.0,,,,,,133.9,279.3,estimado_poblacion
1956,Cayey,37532.0,,,,,,133.9,280.3,estimado_poblacion
1957,Cayey,37675.0,,,,,,133.9,281.4,estimado_poblacion
1958,Cayey,37812.0,,,,,,133.9,282.4,estimado_poblacion
1959,Cayey,37957.0,,,,,,133.9,283.5,estimado_poblacion
1960,Cayey,38069.0,,,,,,133.9,284.3,estimado_poblacion
1961,Cayey,38106.0,,,,,,133.9,284.6,estimado_poblacion
1962,Cayey,38146.0,,,,,,133.9,284.9,estimado_poblacion
1963,Cayey,38181.0,,,,,,133.9,285.1,estimado_poblacion
1964,Cayey,38219.0,,,,,,133.9,285.4,estimado_poblacion
1965,Cayey,38257.0,,,,,,133.9,285.7,estimado_poblacion
1966,Cayey,38292.0,,,,,,133.9,286.0,estimado_poblacion
1967,Cayey,38329.0,,,,,,133.9,286.3,estimado_poblacion
1968,Cayey,38368.0,,,,,,133.9,286.5,estimado_poblacion
1969,Cayey,38404.0,,,,,,133.9,286.8,estimado_poblacion
1970,Cayey,38500.0,63.0,2300.0,16.0,6.0,29.0,133.9,287.5,censo_decenal
1971,Cayey,38762.0,62.5,2640.0,16.0,6.5,29.3,133.9,289.5,estimado_anual
1972,Cayey,39031.0,62.0,2980.0,16.0,7.0,29.6,133.9,291.5,estimado_anual
1973,Cayey,39299.0,61.5,3320.0,16.0,7.5,29.9,133.9,293.5,estimado_anual
1974,Cayey,39565.0,61.0,3660.0,16.0,8.0,30.2,133.9,295.5,estimado_anual
1975,Cayey,39832.0,60.5,4000.0,16.0,8.5,30.5,133.9,297.5,estimado_anual
1976,Cayey,40097.0,60.0,4340.0,16.0,9.0,30.8,133.9,299.5,estimado_anual
1977,Cayey,40364.0,59.5,4680.0,16.0,9.5,31.1,133.9,301.4,estimado_anual
1978,Cayey,40635.0,59.0,5020.0,16.0,10.0,31.4,133.9,303.5,estimado_anual
1979,Cayey,40898.0,58.5,5360.0,16.0,10.5,31.7,133.9,305.4,estimado_anual
1980,Cayey,41214.0,58.0,5700.0,16.0,11.0,32.0,133.9,307.8,censo_decenal
1981,Cayey,41691.0,57.5,6120.0,15.8,11.4,32.4,133.9,311.4,estimado_anual
1982,Cayey,42179.0,57.0,6540.0,15.6,11.8,32.8,133.9,315.0,estimado_anual
1983,Cayey,42685.0,56.5,6960.0,15.4,12.2,33.2,133.9,318.8,estimado_anual
1984,Cayey,43208.0,56.0,7380.0,15.2,12.6,33.6,133.9,322.7,estimado_anual
1985,Cayey,43749.0,55.5,7800.0,15.0,13.0,34.0,133.9,326.7,estimado_anual
1986,Cayey,44306.0,55.0,8220.0,14.8,13.4,34.4,133.9,330.9,estimado_anual
1987,Cayey,44879.0,54.5,8640.0,14.6,13.8,34.8,133.9,335.2,estimado_anual
1988,Cayey,45472.0,54.0,9060.0,14.4,14.2,35.2,133.9,339.6,estimado_anual
1989,Cayey,46081.0,53.5,9480.0,14.2,14.6,35.6,133.9,344.1,estimado_anual
1990,Cayey,46556.0,53.0,9900.0,14.0,15.0,36.0,133.9,347.7,censo_decenal
1991,Cayey,46575.0,52.8,10720.0,13.8,15.5,36.4,133.9,347.8,estimado_anual
1992,Cayey,46610.0,52.6,11540.0,13.6,16.0,36.8,133.9,348.1,estimado_anual
1993,Cayey,46654.0,52.4,12360.0,13.4,16.5,37.2,133.9,348.4,estimado_anual
1994,Cayey,46718.0,52.2,13180.0,13.2,17.0,37.6,133.9,348.9,estimado_anual
1995,Cayey,46793.0,52.0,14000.0,13.0,17.5,38.0,133.9,349.5,estimado_anual
1996,Cayey,46883.0,51.8,14820.0,12.8,18.0,38.4,133.9,350.1,estimado_anual
1997,Cayey,46995.0,51.6,15640.0,12.6,18.5,38.8,133.9,351.0,estimado_anual
1998,Cayey,47116.0,51.4,16460.0,12.4,19.0,39.2,133.9,351.9,estimado_anual
1999,Cayey,47256.0,51.2,17280.0,12.2,19.5,39.6,133.9,352.9,estimado_anual
2000,Cayey,47435.0,51.0,18100.0,12.0,20.0,40.0,133.9,354.3,censo_decenal
2001,Cayey,47705.0,50.0,18150.0,12.1,20.3,40.2,133.9,356.3,estimado_anual
2002,Cayey,47953.0,49.0,18200.0,12.2,20.6,40.4,133.9,358.1,estimado_anual
2003,Cayey,48165.0,48.0,18250.0,12.3,20.9,40.6,133.9,359.7,estimado_anual
2004,Cayey,48356.0,47.0,18300.0,12.4,21.2,40.8,133.9,361.1,estimado_anual
2005,Cayey,48464.0,46.0,18350.0,12.5,21.5,41.0,133.9,361.9,estimado_anual
2006,Cayey,48445.0,45.0,18400.0,12.6,21.8,41.2,133.9,361.8,estimado_anual
2007,Cayey,48345.0,44.0,18450.0,12.7,22.1,41.4,133.9,361.1,estimado_anual
2008,Cayey,48248.0,43.0,18500.0,12.8,22.4,41.6,133.9,360.3,estimado_anual
2009,Cayey,48165.0,42.0,18550.0,12.9,22.7,41.8,133.9,359.7,estimado_anual
2010,Cayey,48096.0,41.0,18600.0,13.0,23.0,42.0,133.9,359.2,censo_decenal
2011,Cayey,47598.0,41.2,18614.3,13.0,23.2,42.1,133.9,355.5,estimado_anual
2012,Cayey,47094.0,41.4,18628.6,13.0,23.4,42.2,133.9,351.7,estimado_anual
2013,Cayey,46581.0,41.6,18642.9,13.0,23.6,42.3,133.9,347.9,estimado_anual
2014,Cayey,45880.0,41.8,18657.2,13.0,23.8,42.4,133.9,342.6,estimado_anual
2015,Cayey,45167.0,42.0,18671.5,13.0,24.0,42.5,133.9,337.3,estimado_anual
2016,Cayey,44453.0,42.2,18685.8,13.0,24.2,42.6,133.9,332.0,estimado_anual
2017,Cayey,43477.0,42.4,18700.1,13.0,24.4,42.7,133.9,324.7,estimado_anual
2018,Cayey,41845.0,42.6,18714.4,13.0,24.6,42.8,133.9,312.5,estimado_anual
2019,Cayey,41895.0,42.8,18728.7,13.0,24.8,42.9,133.9,312.9,estimado_anual
2020,Cayey,41584.0,43.0,18743.0,13.0,25.0,43.0,133.9,310.6,censo_decenal
2021,Cayey,41296.0,43.2,18757.3,13.0,25.2,43.1,133.9,308.4,estimado_anual
2022,Cayey,40757.0,43.4,18771.6,13.0,25.4,43.2,133.9,304.4,estimado_anual
2023,Cayey,40482.0,43.6,18785.9,13.0,25.6,43.3,133.9,302.3,estimado_anual
2024,Cayey,40341.0,43.8,18800.2,13.0,25.8,43.4,133.9,301.3,estimado_anual
2025,Cayey,40027.0,44.0,18814.5,13.0,26.0,43.5,133.9,298.9,estimado_anual
1950,Ceiba,9197.0,,,,,,77.4,118.8,estimado_poblacion
1951,Ceiba,9182.0,,,,,,77.4,118.6,estimado_poblacion
1952,Ceiba,9171.0,,,,,,77.4,118.5,estimado_poblacion
1953,Ceiba,9156.0,,,,,,77.4,118.3,estimado_poblacion
1954,Ceiba,9146.0,,,,,,77.4,118.2,estimado_poblacion
1955,Ceiba,9134.0,,,,,,77.4,118.0,estimado_poblacion
1956,Ceiba,9119.0,,,,,,77.4,117.8,estimado_poblacion
1957,Ceiba,9108.0,,,,,,77.4,117.7,estimado_poblacion
1958,Ceiba,9096.0,,,,,,77.4,117.5,estimado_poblacion
1959,Ceiba,9083.0,,,,,,77.4,117.4,estimado_poblacion
1960,Ceiba,9106.0,,,,,,77.4,117.6,estimado_poblacion
1961,Ceiba,9228.0,,,,,,77.4,119.2,estimado_poblacion
1962,Ceiba,9354.0,,,,,,77.4,120.9,estimado_poblacion
1963,Ceiba,9478.0,,,,,,77.4,122.5,estimado_poblacion
1964,Ceiba,9600.0,,,,,,77.4,124.0,estimado_poblacion
1965,Ceiba,9725.0,,,,,,77.4,125.6,estimado_poblacion
1966,Ceiba,9847.0,,,,,,77.4,127.2,estimado_poblacion
1967,Ceiba,9971.0,,,,,,77.4,128.8,estimado_poblacion
1968,Ceiba,10096.0,,,,,,77.4,130.4,estimado_poblacion
1969,Ceiba,10216.0,,,,,,77.4,132.0,estimado_poblacion
1970,Ceiba,10428.0,63.0,2300.0,17.0,5.0,28.0,77.4,134.7,censo_decenal
1971,Ceiba,10889.0,62.4,2640.0,17.0,5.4,28.3,77.4,140.7,estimado_anual
1972,Ceiba,11356.0,61.8,2980.0,17.0,5.8,28.6,77.4,146.7,estimado_anual
1973,Ceiba,11817.0,61.2,3320.0,17.0,6.2,28.9,77.4,152.7,estimado_anual
1974,Ceiba,12278.0,60.6,3660.0,17.0,6.6,29.2,77.4,158.6,estimado_anual
1975,Ceiba,12744.0,60.0,4000.0,17.0,7.0,29.5,77.4,164.7,estimado_anual
1976,Ceiba,13204.0,59.4,4340.0,17.0,7.4,29.8,77.4,170.6,estimado_anual
1977,Ceiba,13668.0,58.8,4680.0,17.0,7.8,30.1,77.4,176.6,estimado_anual
1978,Ceiba,14134.0,58.2,5020.0,17.0,8.2,30.4,77.4,182.6,estimado_anual
1979,Ceiba,14591.0,57.6,5360.0,17.0,8.6,30.7,77.4,188.5,estimado_anual
1980,Ceiba,14991.0,57.0,5700.0,17.0,9.0,31.0,77.4,193.7,censo_decenal
1981,Ceiba,15176.0,56.6,6120.0,16.8,9.3,31.3,77.4,196.1,estimado_anual
1982,Ceiba,15370.0,56.2,6540.0,16.6,9.6,31.6,77.4,198.6,estimado_anual
1983,Ceiba,15572.0,55.8,6960.0,16.4,9.9,31.9,77.4,201.2,estimado_anual
1984,Ceiba,15780.0,55.4,7380.0,16.2,10.2,32.2,77.4,203.9,estimado_anual
1985,Ceiba,15996.0,55.0,7800.0,16.0,10.5,32.5,77.4,206.7,estimado_anual
1986,Ceiba,16221.0,54.6,8220.0,15.8,10.8,32.8,77.4,209.6,estimado_anual
1987,Ceiba,16457.0,54.2,8640.0,15.6,11.1,33.1,77.4,212.6,estimado_anual
1988,Ceiba,16698.0,53.8,9060.0,15.4,11.4,33.4,77.4,215.7,estimado_anual
1989,Ceiba,16947.0,53.4,9480.0,15.2,11.7,33.7,77.4,219.0,estimado_anual
1990,Ceiba,17157.0,53.0,9900.0,15.0,12.0,34.0,77.4,221.7,censo_decenal
1991,Ceiba,17216.0,52.7,10710.0,14.8,12.4,34.4,77.4,222.4,estimado_anual
1992,Ceiba,17282.0,52.4,11520.0,14.6,12.8,34.8,77.4,223.3,estimado_anual
1993,Ceiba,17351.0,52.1,12330.0,14.4,13.2,35.2,77.4,224.2,estimado_anual
1994,Ceiba,17425.0,51.8,13140.0,14.2,13.6,35.6,77.4,225.1,estimado_anual
1995,Ceiba,17510.0,51.5,13950.0,14.0,14.0,36.0,77.4,226.2,estimado_anual
1996,Ceiba,17600.0,51.2,14760.0,13.8,14.4,36.4,77.4,227.4,estimado_anual
1997,Ceiba,17697.0,50.9,15570.0,13.6,14.8,36.8,77.4,228.6,estimado_anual
1998,Ceiba,17805.0,50.6,16380.0,13.4,15.2,37.2,77.4,230.0,estimado_anual
1999,Ceiba,17916.0,50.3,17190.0,13.2,15.6,37.6,77.4,231.5,estimado_anual
2000,Ceiba,17903.0,50.0,18000.0,13.0,16.0,38.0,77.4,231.3,censo_decenal
2001,Ceiba,17530.0,48.9,18040.0,13.0,16.3,38.1,77.4,226.5,estimado_anual
2002,Ceiba,17138.0,47.8,18080.0,13.0,16.6,38.2,77.4,221.4,estimado_anual
2003,Ceiba,16752.0,46.7,18120.0,13.0,16.9,38.3,77.4,216.4,estimado_anual
2004,Ceiba,16353.0,45.6,18160.0,13.0,17.2,38.4,77.4,211.3,estimado_anual
2005,Ceiba,15907.0,44.5,18200.0,13.0,17.5,38.5,77.4,205.5,estimado_anual
2006,Ceiba,15442.0,43.4,18240.0,13.0,17.8,38.6,77.4,199.5,estimado_anual
2007,Ceiba,14957.0,42.3,18280.0,13.0,18.1,38.7,77.4,193.2,estimado_anual
2008,Ceiba,14459.0,41.2,18320.0,13.0,18.4,38.8,77.4,186.8,estimado_anual
2009,Ceiba,13987.0,40.1,18360.0,13.0,18.7,38.9,77.4,180.7,estimado_anual
2010,Ceiba,13626.0,39.0,18400.0,13.0,19.0,39.0,77.4,176.0,censo_decenal
2011,Ceiba,13425.0,39.1,18414.3,13.1,19.2,39.1,77.4,173.4,estimado_anual
2012,Ceiba,13218.0,39.2,18428.6,13.2,19.4,39.2,77.4,170.8,estimado_anual
2013,Ceiba,13057.0,39.3,18442.9,13.3,19.6,39.3,77.4,168.7,estimado_anual
2014,Ceiba,12795.0,39.4,18457.2,13.4,19.8,39.4,77.4,165.3,estimado_anual
2015,Ceiba,12540.0,39.5,18471.5,13.5,20.0,39.5,77.4,162.0,estimado_anual
2016,Ceiba,12276.0,39.6,18485.8,13.6,20.2,39.6,77.4,158.6,estimado_anual
2017,Ceiba,11961.0,39.7,18500.1,13.7,20.4,39.7,77.4,154.5,estimado_anual
2018,Ceiba,11480.0,39.8,18514.4,13.8,20.6,39.8,77.4,148.3,estimado_anual
2019,Ceiba,11427.0,39.9,18528.7,13.9,20.8,39.9,77.4,147.6,estimado_anual
2020,Ceiba,11275.0,40.0,18543.0,14.0,21.0,40.0,77.4,145.7,censo_decenal
2021,Ceiba,11112.0,40.1,18557.3,14.1,21.2,40.1,77.4,143.6,estimado_anual
2022,Ceiba,10874.0,40.2,18571.6,14.2,21.4,40.2,77.4,140.5,estimado_anual
2023,Ceiba,10758.0,40.3,18585.9,14.3,21.6,40.3,77.4,139.0,estimado_anual
2024,Ceiba,10675.0,40.4,18600.2,14.4,21.8,40.4,77.4,137.9,estimado_anual
2025,Ceiba,10559.0,40.5,18614.5,14.5,22.0,40.5,77.4,136.4,estimado_anual
1950,Ciales,19428.0,,,,,,173.3,112.1,estimado_poblacion
1951,Ciales,19295.0,,,,,,173.3,111.3,estimado_poblacion
1952,Ciales,19156.0,,,,,,173.3,110.5,estimado_poblacion
1953,Ciales,19022.0,,,,,,173.3,109.8,estimado_poblacion
1954,Ciales,18889.0,,,,,,173.3,109.0,estimado_poblacion
1955,Ciales,18749.0,,,,,,173.3,108.2,estimado_poblacion
1956,Ciales,18614.0,,,,,,173.3,107.4,estimado_poblacion
1957,Ciales,18480.0,,,,,,173.3,106.6,estimado_poblacion
1958,Ciales,18343.0,,,,,,173.3,105.8,estimado_poblacion
1959,Ciales,18209.0,,,,,,173.3,105.1,estimado_poblacion
1960,Ciales,18045.0,,,,,,173.3,104.1,estimado_poblacion
1961,Ciales,17794.0,,,,,,173.3,102.7,estimado_poblacion
1962,Ciales,17544.0,,,,,,173.3,101.2,estimado_poblacion
1963,Ciales,17285.0,,,,,,173.3,99.7,estimado_poblacion
1964,Ciales,17042.0,,,,,,173.3,98.3,estimado_poblacion
1965,Ciales,16790.0,,,,,,173.3,96.9,estimado_poblacion
1966,Ciales,16537.0,,,,,,173.3,95.4,estimado_poblacion
1967,Ciales,16284.0,,,,,,173.3,94.0,estimado_poblacion
1968,Ciales,16034.0,,,,,,173.3,92.5,estimado_poblacion
1969,Ciales,15783.0,,,,,,173.3,91.1,estimado_poblacion
1970,Ciales,15611.0,74.0,1600.0,23.0,3.0,30.0,173.3,90.1,censo_decenal
1971,Ciales,15669.0,73.6,1840.0,23.0,3.2,30.4,173.3,90.4,estimado_anual
1972,Ciales,15734.0,73.2,2080.0,23.0,3.4,30.8,173.3,90.8,estimado_anual
1973,Ciales,15797.0,72.8,2320.0,23.0,3.6,31.2,173.3,91.2,estimado_anual
1974,Ciales,15853.0,72.4,2560.0,23.0,3.8,31.6,173.3,91.5,estimado_anual
1975,Ciales,15919.0,72.0,2800.0,23.0,4.0,32.0,173.3,91.9,estimado_anual
1976,Ciales,15975.0,71.6,3040.0,23.0,4.2,32.4,173.3,92.2,estimado_anual
1977,Ciales,16042.0,71.2,3280.0,23.0,4.4,32.8,173.3,92.6,estimado_anual
1978,Ciales,16101.0,70.8,3520.0,23.0,4.6,33.2,173.3,92.9,estimado_anual
1979,Ciales,16162.0,70.4,3760.0,23.0,4.8,33.6,173.3,93.3,estimado_anual
1980,Ciales,16248.0,70.0,4000.0,23.0,5.0,34.0,173.3,93.8,censo_decenal
1981,Ciales,16404.0,69.7,4320.0,22.8,5.3,34.3,173.3,94.7,estimado_anual
1982,Ciales,16567.0,69.4,4640.0,22.6,5.6,34.6,173.3,95.6,estimado_anual
1983,Ciales,16735.0,69.1,4960.0,22.4,5.9,34.9,173.3,96.6,estimado_anual
1984,Ciales,16912.0,68.8,5280.0,22.2,6.2,35.2,173.3,97.6,estimado_anual
1985,Ciales,17099.0,68.5,5600.0,22.0,6.5,35.5,173.3,98.7,estimado_anual
1986,Ciales,17290.0,68.2,5920.0,21.8,6.8,35.8,173.3,99.8,estimado_anual
1987,Ciales,17490.0,67.9,6240.0,21.6,7.1,36.1,173.3,100.9,estimado_anual
1988,Ciales,17699.0,67.6,6560.0,21.4,7.4,36.4,173.3,102.1,estimado_anual
1989,Ciales,17916.0,67.3,6880.0,21.2,7.7,36.7,173.3,103.4,estimado_anual
1990,Ciales,18119.0,67.0,7200.0,21.0,8.0,37.0,173.3,104.6,censo_decenal
1991,Ciales,18260.0,66.7,7640.0,20.8,8.3,37.4,173.3,105.4,estimado_anual
1992,Ciales,18406.0,66.4,8080.0,20.6,8.6,37.8,173.3,106.2,estimado_anual
1993,Ciales,18560.0,66.1,8520.0,20.4,8.9,38.2,173.3,107.1,estimado_anual
1994,Ciales,18723.0,65.8,8960.0,20.2,9.2,38.6,173.3,108.0,estimado_anual
1995,Ciales,18892.0,65.5,9400.0,20.0,9.5,39.0,173.3,109.0,estimado_anual
1996,Ciales,19070.0,65.2,9840.0,19.8,9.8,39.4,173.3,110.0,estimado_anual
1997,Ciales,19258.0,64.9,10280.0,19.6,10.1,39.8,173.3,111.1,estimado_anual
1998,Ciales,19453.0,64.6,10720.0,19.4,10.4,40.2,173.3,112.3,estimado_anual
1999,Ciales,19654.0,64.3,11160.0,19.2,10.7,40.6,173.3,113.4,estimado_anual
2000,Ciales,19734.0,64.0,11600.0,19.0,11.0,41.0,173.3,113.9,censo_decenal
2001,Ciales,19729.0,63.7,11640.0,19.1,11.1,41.1,173.3,113.8,estimado_anual
2002,Ciales,19703.0,63.4,11680.0,19.2,11.2,41.2,173.3,113.7,estimado_anual
2003,Ciales,19672.0,63.1,11720.0,19.3,11.3,41.3,173.3,113.5,estimado_anual
2004,Ciales,19626.0,62.8,11760.0,19.4,11.4,41.4,173.3,113.2,estimado_anual
2005,Ciales,19545.0,62.5,11800.0,19.5,11.5,41.5,173.3,112.8,estimado_anual
2006,Ciales,19396.0,62.2,11840.0,19.6,11.6,41.6,173.3,111.9,estimado_anual
2007,Ciales,19224.0,61.9,11880.0,19.7,11.7,41.7,173.3,110.9,estimado_anual
2008,Ciales,19058.0,61.6,11920.0,19.8,11.8,41.8,173.3,110.0,estimado_anual
2009,Ciales,18900.0,61.3,11960.0,19.9,11.9,41.9,173.3,109.1,estimado_anual
2010,Ciales,18786.0,61.0,12000.0,20.0,12.0,42.0,173.3,108.4,censo_decenal
2011,Ciales,18631.0,61.1,12010.8,20.0,12.0,42.1,173.3,107.5,estimado_anual
2012,Ciales,18500.0,61.2,12021.6,20.0,12.0,42.2,173.3,106.8,estimado_anual
2013,Ciales,18405.0,61.3,12032.4,20.0,12.0,42.3,173.3,106.2,estimado_anual
2014,Ciales,18248.0,61.4,12043.2,20.0,12.0,42.4,173.3,105.3,estimado_anual
2015,Ciales,18044.0,61.5,12054.0,20.0,12.0,42.5,173.3,104.1,estimado_anual
2016,Ciales,17840.0,61.6,12064.8,20.0,12.0,42.6,173.3,102.9,estimado_anual
2017,Ciales,17539.0,61.7,12075.6,20.0,12.0,42.7,173.3,101.2,estimado_anual
2018,Ciales,16974.0,61.8,12086.4,20.0,12.0,42.8,173.3,97.9,estimado_anual
2019,Ciales,17051.0,61.9,12097.2,20.0,12.0,42.9,173.3,98.4,estimado_anual
2020,Ciales,16976.0,62.0,12108.0,20.0,12.0,43.0,173.3,98.0,censo_decenal
2021,Ciales,16941.0,62.1,12118.8,20.0,12.0,43.1,173.3,97.8,estimado_anual
2022,Ciales,16744.0,62.2,12129.6,20.0,12.0,43.2,173.3,96.6,estimado_anual
2023,Ciales,16692.0,62.3,12140.4,20.0,12.0,43.3,173.3,96.3,estimado_anual
2024,Ciales,16707.0,62.4,12151.2,20.0,12.0,43.4,173.3,96.4,estimado_anual
2025,Ciales,16652.0,62.5,12162.0,20.0,12.0,43.5,173.3,96.1,estimado_anual
1950,Cidra,20527.0,,,,,,93.2,220.2,estimado_poblacion
1951,Cidra,20665.0,,,,,,93.2,221.7,estimado_poblacion
1952,Cidra,20807.0,,,,,,93.2,223.3,estimado_poblacion
1953,Cidra,20943.0,,,,,,93.2,224.7,estimado_poblacion
1954,Cidra,21084.0,,,,,,93.2,226.2,estimado_poblacion
1955,Cidra,21226.0,,,,,,93.2,227.7,estimado_poblacion
1956,Cidra,21363.0,,,,,,93.2,229.2,estimado_poblacion
1957,Cidra,21508.0,,,,,,93.2,230.8,estimado_poblacion
1958,Cidra,21645.0,,,,,,93.2,232.2,estimado_poblacion
1959,Cidra,21787.0,,,,,,93.2,233.8,estimado_poblacion
1960,Cidra,21940.0,,,,,,93.2,235.4,estimado_poblacion
1961,Cidra,22136.0,,,,,,93.2,237.5,estimado_poblacion
1962,Cidra,22338.0,,,,,,93.2,239.7,estimado_poblacion
1963,Cidra,22542.0,,,,,,93.2,241.9,estimado_poblacion
1964,Cidra,22741.0,,,,,,93.2,244.0,estimado_poblacion
1965,Cidra,22944.0,,,,,,93.2,246.2,estimado_poblacion
1966,Cidra,23136.0,,,,,,93.2,248.2,estimado_poblacion
1967,Cidra,23339.0,,,,,,93.2,250.4,estimado_poblacion
1968,Cidra,23540.0,,,,,,93.2,252.6,estimado_poblacion
1969,Cidra,23743.0,,,,,,93.2,254.8,estimado_poblacion
1970,Cidra,24005.0,60.0,2600.0,15.0,7.0,28.0,93.2,257.6,censo_decenal
1971,Cidra,24449.0,59.4,2990.0,14.9,7.6,28.3,93.2,262.3,estimado_anual
1972,Cidra,24902.0,58.8,3380.0,14.8,8.2,28.6,93.2,267.2,estimado_anual
1973,Cidra,25345.0,58.2,3770.0,14.7,8.8,28.9,93.2,271.9,estimado_anual
1974,Cidra,25793.0,57.6,4160.0,14.6,9.4,29.2,93.2,276.7,estimado_anual
1975,Cidra,26240.0,57.0,4550.0,14.5,10.0,29.5,93.2,281.5,estimado_anual
1976,Cidra,26684.0,56.4,4940.0,14.4,10.6,29.8,93.2,286.3,estimado_anual
1977,Cidra,27136.0,55.8,5330.0,14.3,11.2,30.1,93.2,291.2,estimado_anual
1978,Cidra,27580.0,55.2,5720.0,14.2,11.8,30.4,93.2,295.9,estimado_anual
1979,Cidra,28029.0,54.6,6110.0,14.1,12.4,30.7,93.2,300.7,estimado_anual
1980,Cidra,28514.0,54.0,6500.0,14.0,13.0,31.0,93.2,305.9,censo_decenal
1981,Cidra,29122.0,53.5,6960.0,13.8,13.4,31.3,93.2,312.5,estimado_anual
1982,Cidra,29752.0,53.0,7420.0,13.6,13.8,31.6,93.2,319.2,estimado_anual
1983,Cidra,30413.0,52.5,7880.0,13.4,14.2,31.9,93.2,326.3,estimado_anual
1984,Cidra,31096.0,52.0,8340.0,13.2,14.6,32.2,93.2,333.6,estimado_anual
1985,Cidra,31806.0,51.5,8800.0,13.0,15.0,32.5,93.2,341.3,estimado_anual
1986,Cidra,32544.0,51.0,9260.0,12.8,15.4,32.8,93.2,349.2,estimado_anual
1987,Cidra,33314.0,50.5,9720.0,12.6,15.8,33.1,93.2,357.4,estimado_anual
1988,Cidra,34116.0,50.0,10180.0,12.4,16.2,33.4,93.2,366.1,estimado_anual
1989,Cidra,34952.0,49.5,10640.0,12.2,16.6,33.7,93.2,375.0,estimado_anual
1990,Cidra,35751.0,49.0,11100.0,12.0,17.0,34.0,93.2,383.6,censo_decenal
1991,Cidra,36354.0,48.7,12120.0,11.9,17.2,34.5,93.2,390.1,estimado_anual
1992,Cidra,36984.0,48.4,13140.0,11.8,17.4,35.0,93.2,396.8,estimado_anual
1993,Cidra,37638.0,48.1,14160.0,11.7,17.6,35.5,93.2,403.8,estimado_anual
1994,Cidra,38314.0,47.8,15180.0,11.6,17.8,36.0,93.2,411.1,estimado_anual
1995,Cidra,39018.0,47.5,16200.0,11.5,18.0,36.5,93.2,418.6,estimado_anual
1996,Cidra,39748.0,47.2,17220.0,11.4,18.2,37.0,93.2,426.5,estimado_anual
1997,Cidra,40507.0,46.9,18240.0,11.3,18.4,37.5,93.2,434.6,estimado_anual
1998,Cidra,41297.0,46.6,19260.0,11.2,18.6,38.0,93.2,443.1,estimado_anual
1999,Cidra,42116.0,46.3,20280.0,11.1,18.8,38.5,93.2,451.9,estimado_anual
2000,Cidra,42787.0,46.0,21300.0,11.0,19.0,39.0,93.2,459.1,censo_decenal
2001,Cidra,43074.0,45.4,21360.0,11.0,19.1,39.2,93.2,462.2,estimado_anual
2002,Cidra,43324.0,44.8,21420.0,11.0,19.2,39.4,93.2,464.8,estimado_anual
2003,Cidra,43506.0,44.2,21480.0,11.0,19.3,39.6,93.2,466.8,estimado_anual
2004,Cidra,43697.0,43.6,21540.0,11.0,19.4,39.8,93.2,468.9,estimado_anual
2005,Cidra,43807.0,43.0,21600.0,11.0,19.5,40.0,93.2,470.0,estimado_anual
2006,Cidra,43797.0,42.4,21660.0,11.0,19.6,40.2,93.2,469.9,estimado_anual
2007,Cidra,43688.0,41.8,21720.0,11.0,19.7,40.4,93.2,468.8,estimado_anual
2008,Cidra,43591.0,41.2,21780.0,11.0,19.8,40.6,93.2,467.7,estimado_anual
2009,Cidra,43524.0,40.6,21840.0,11.0,19.9,40.8,93.2,467.0,estimado_anual
2010,Cidra,43530.0,40.0,21900.0,11.0,20.0,41.0,93.2,467.1,censo_decenal
2011,Cidra,43402.0,40.2,21915.6,11.0,20.1,41.1,93.2,465.7,estimado_anual
2012,Cidra,43200.0,40.4,21931.2,11.0,20.2,41.2,93.2,463.5,estimado_anual
2013,Cidra,43070.0,40.6,21946.8,11.0,20.3,41.3,93.2,462.1,estimado_anual
2014,Cidra,42662.0,40.8,21962.4,11.0,20.4,41.4,93.2,457.7,estimado_anual
2015,Cidra,42219.0,41.0,21978.0,11.0,20.5,41.5,93.2,453.0,estimado_anual
2016,Cidra,41784.0,41.2,21993.6,11.0,20.6,41.6,93.2,448.3,estimado_anual
2017,Cidra,41094.0,41.4,22009.2,11.0,20.7,41.7,93.2,440.9,estimado_anual
2018,Cidra,39789.0,41.6,22024.8,11.0,20.8,41.8,93.2,426.9,estimado_anual
2019,Cidra,40043.0,41.8,22040.4,11.0,20.9,41.9,93.2,429.6,estimado_anual
2020,Cidra,39984.0,42.0,22056.0,11.0,21.0,42.0,93.2,429.0,censo_decenal
2021,Cidra,39976.0,42.2,22071.6,11.0,21.1,42.1,93.2,428.9,estimado_anual
2022,Cidra,39604.0,42.4,22087.2,11.0,21.2,42.2,93.2,424.9,estimado_anual
2023,Cidra,39561.0,42.6,22102.8,11.0,21.3,42.3,93.2,424.5,estimado_anual
2024,Cidra,39689.0,42.8,22118.4,11.0,21.4,42.4,93.2,425.8,estimado_anual
2025,Cidra,39669.0,43.0,22134.0,11.0,21.5,42.5,93.2,425.6,estimado_anual
1950,Coamo,26476.0,,,,,,214.6,123.4,estimado_poblacion
1951,Coamo,26437.0,,,,,,214.6,123.2,estimado_poblacion
1952,Coamo,26395.0,,,,,,214.6,123.0,estimado_poblacion
1953,Coamo,26355.0,,,,,,214.6,122.8,estimado_poblacion
1954,Coamo,26317.0,,,,,,214.6,122.6,estimado_poblacion
1955,Coamo,26274.0,,,,,,214.6,122.4,estimado_poblacion
1956,Coamo,26234.0,,,,,,214.6,122.2,estimado_poblacion
1957,Coamo,26188.0,,,,,,214.6,122.0,estimado_poblacion
1958,Coamo,26152.0,,,,,,214.6,121.9,estimado_poblacion
1959,Coamo,26112.0,,,,,,214.6,121.7,estimado_poblacion
1960,Coamo,26093.0,,,,,,214.6,121.6,estimado_poblacion
1961,Coamo,26128.0,,,,,,214.6,121.8,estimado_poblacion
1962,Coamo,26170.0,,,,,,214.6,121.9,estimado_poblacion
1963,Coamo,26210.0,,,,,,214.6,122.1,estimado_poblacion
1964,Coamo,26246.0,,,,,,214.6,122.3,estimado_poblacion
1965,Coamo,26284.0,,,,,,214.6,122.5,estimado_poblacion
1966,Coamo,26322.0,,,,,,214.6,122.7,estimado_poblacion
1967,Coamo,26361.0,,,,,,214.6,122.8,estimado_poblacion
1968,Coamo,26399.0,,,,,,214.6,123.0,estimado_poblacion
1969,Coamo,26438.0,,,,,,214.6,123.2,estimado_poblacion
1970,Coamo,26576.0,66.0,2100.0,18.0,5.0,28.0,214.6,123.8,censo_decenal
1971,Coamo,27008.0,65.5,2410.0,18.0,5.4,28.3,214.6,125.9,estimado_anual
1972,Coamo,27448.0,65.0,2720.0,18.0,5.8,28.6,214.6,127.9,estimado_anual
1973,Coamo,27880.0,64.5,3030.0,18.0,6.2,28.9,214.6,129.9,estimado_anual
1974,Coamo,28316.0,64.0,3340.0,18.0,6.6,29.2,214.6,131.9,estimado_anual
1975,Coamo,28750.0,63.5,3650.0,18.0,7.0,29.5,214.6,134.0,estimado_anual
1976,Coamo,29184.0,63.0,3960.0,18.0,7.4,29.8,214.6,136.0,estimado_anual
1977,Coamo,29626.0,62.5,4270.0,18.0,7.8,30.1,214.6,138.1,estimado_anual
1978,Coamo,30058.0,62.0,4580.0,18.0,8.2,30.4,214.6,140.1,estimado_anual
1979,Coamo,30491.0,61.5,4890.0,18.0,8.6,30.7,214.6,142.1,estimado_anual
1980,Coamo,30886.0,61.0,5200.0,18.0,9.0,31.0,214.6,143.9,censo_decenal
1981,Coamo,31142.0,60.6,5600.0,17.8,9.3,31.3,214.6,145.1,estimado_anual
1982,Coamo,31409.0,60.2,6000.0,17.6,9.6,31.6,214.6,146.4,estimado_anual
1983,Coamo,31688.0,59.8,6400.0,17.4,9.9,31.9,214.6,147.7,estimado_anual
1984,Coamo,31974.0,59.4,6800.0,17.2,10.2,32.2,214.6,149.0,estimado_anual
1985,Coamo,32270.0,59.0,7200.0,17.0,10.5,32.5,214.6,150.4,estimado_anual
1986,Coamo,32578.0,58.6,7600.0,16.8,10.8,32.8,214.6,151.8,estimado_anual
1987,Coamo,32898.0,58.2,8000.0,16.6,11.1,33.1,214.6,153.3,estimado_anual
1988,Coamo,33230.0,57.8,8400.0,16.4,11.4,33.4,214.6,154.8,estimado_anual
1989,Coamo,33571.0,57.4,8800.0,16.2,11.7,33.7,214.6,156.4,estimado_anual
1990,Coamo,33920.0,57.0,9200.0,16.0,12.0,34.0,214.6,158.1,censo_decenal
1991,Coamo,34254.0,56.6,9920.0,15.8,12.2,34.4,214.6,159.6,estimado_anual
1992,Coamo,34597.0,56.2,10640.0,15.6,12.4,34.8,214.6,161.2,estimado_anual
1993,Coamo,34952.0,55.8,11360.0,15.4,12.6,35.2,214.6,162.9,estimado_anual
1994,Coamo,35315.0,55.4,12080.0,15.2,12.8,35.6,214.6,164.6,estimado_anual
1995,Coamo,35684.0,55.0,12800.0,15.0,13.0,36.0,214.6,166.3,estimado_anual
1996,Coamo,36067.0,54.6,13520.0,14.8,13.2,36.4,214.6,168.1,estimado_anual
1997,Coamo,36463.0,54.2,14240.0,14.6,13.4,36.8,214.6,169.9,estimado_anual
1998,Coamo,36864.0,53.8,14960.0,14.4,13.6,37.2,214.6,171.8,estimado_anual
1999,Coamo,37279.0,53.4,15680.0,14.2,13.8,37.6,214.6,173.7,estimado_anual
2000,Coamo,37719.0,53.0,16400.0,14.0,14.0,38.0,214.6,175.8,censo_decenal
2001,Coamo,38190.0,51.5,16450.0,14.1,14.2,38.1,214.6,178.0,estimado_anual
2002,Coamo,38620.0,50.0,16500.0,14.2,14.4,38.2,214.6,180.0,estimado_anual
2003,Coamo,39029.0,48.5,16550.0,14.3,14.6,38.3,214.6,181.9,estimado_anual
2004,Coamo,39412.0,47.0,16600.0,14.4,14.8,38.4,214.6,183.7,estimado_anual
2005,Coamo,39741.0,45.5,16650.0,14.5,15.0,38.5,214.6,185.2,estimado_anual
2006,Coamo,39956.0,44.0,16700.0,14.6,15.2,38.6,214.6,186.2,estimado_anual
2007,Coamo,40102.0,42.5,16750.0,14.7,15.4,38.7,214.6,186.9,estimado_anual
2008,Coamo,40240.0,41.0,16800.0,14.8,15.6,38.8,214.6,187.5,estimado_anual
2009,Coamo,40394.0,39.5,16850.0,14.9,15.8,38.9,214.6,188.2,estimado_anual
2010,Coamo,40483.0,38.0,16900.0,15.0,16.0,39.0,214.6,188.6,censo_decenal
2011,Coamo,40103.0,38.2,16908.5,15.0,16.1,39.1,214.6,186.9,estimado_anual
2012,Coamo,39627.0,38.4,16917.0,15.0,16.2,39.2,214.6,184.7,estimado_anual
2013,Coamo,39198.0,38.6,16925.5,15.0,16.3,39.3,214.6,182.7,estimado_anual
2014,Coamo,38572.0,38.8,16934.0,15.0,16.4,39.4,214.6,179.7,estimado_anual
2015,Coamo,37920.0,39.0,16942.5,15.0,16.5,39.5,214.6,176.7,estimado_anual
2016,Coamo,37147.0,39.2,16951.0,15.0,16.6,39.6,214.6,173.1,estimado_anual
2017,Coamo,36250.0,39.4,16959.5,15.0,16.7,39.7,214.6,168.9,estimado_anual
2018,Coamo,34757.0,39.6,16968.0,15.0,16.8,39.8,214.6,162.0,estimado_anual
2019,Coamo,34867.0,39.8,16976.5,15.0,16.9,39.9,214.6,162.5,estimado_anual
2020,Coamo,34619.0,40.0,16985.0,15.0,17.0,40.0,214.6,161.3,censo_decenal
2021,Coamo,34332.0,40.2,16993.5,15.0,17.1,40.1,214.6,160.0,estimado_anual
2022,Coamo,33816.0,40.4,17002.0,15.0,17.2,40.2,214.6,157.6,estimado_anual
2023,Coamo,33556.0,40.6,17010.5,15.0,17.3,40.3,214.6,156.4,estimado_anual
2024,Coamo,33400.0,40.8,17019.0,15.0,17.4,40.4,214.6,155.6,estimado_anual
2025,Coamo,33076.0,41.0,17027.5,15.0,17.5,40.5,214.6,154.1,estimado_anual
1950,Comerío,17983.0,,,,,,73.7,244.0,estimado_poblacion
1951,Comerío,18044.0,,,,,,73.7,244.8,estimado_poblacion
1952,Comerío,18104.0,,,,,,73.7,245.6,estimado_poblacion
1953,Comerío,18168.0,,,,,,73.7,246.5,estimado_poblacion
1954,Comerío,18228.0,,,,,,73.7,247.3,estimado_poblacion
1955,Comerío,18289.0,,,,,,73.7,248.2,estimado_poblacion
1956,Comerío,18349.0,,,,,,73.7,249.0,estimado_poblacion
1957,Comerío,18414.0,,,,,,73.7,249.9,estimado_poblacion
1958,Comerío,18474.0,,,,,,73.7,250.7,estimado_poblacion
1959,Comerío,18535.0,,,,,,73.7,251.5,estimado_poblacion
1960,Comerío,18588.0,,,,,,73.7,252.2,estimado_poblacion
1961,Comerío,18608.0,,,,,,73.7,252.5,estimado_poblacion
1962,Comerío,18635.0,,,,,,73.7,252.8,estimado_poblacion
1963,Comerío,18658.0,,,,,,73.7,253.2,estimado_poblacion
1964,Comerío,18680.0,,,,,,73.7,253.5,estimado_poblacion
1965,Comerío,18706.0,,,,,,73.7,253.8,estimado_poblacion
1966,Comerío,18731.0,,,,,,73.7,254.2,estimado_poblacion
1967,Comerío,18753.0,,,,,,73.7,254.5,estimado_poblacion
1968,Comerío,18778.0,,,,,,73.7,254.8,estimado_poblacion
1969,Comerío,18799.0,,,,,,73.7,255.1,estimado_poblacion
1970,Comerío,18802.0,70.0,1800.0,21.0,3.0,29.0,73.7,255.1,censo_decenal
1971,Comerío,18741.0,69.6,2070.0,21.0,3.3,29.4,73.7,254.3,estimado_anual
1972,Comerío,18682.0,69.2,2340.0,21.0,3.6,29.8,73.7,253.5,estimado_anual
1973,Comerío,18624.0,68.8,2610.0,21.0,3.9,30.2,73.7,252.7,estimado_anual
1974,Comerío,18560.0,68.4,2880.0,21.0,4.2,30.6,73.7,251.8,estimado_anual
1975,Comerío,18499.0,68.0,3150.0,21.0,4.5,31.0,73.7,251.0,estimado_anual
1976,Comerío,18439.0,67.6,3420.0,21.0,4.8,31.4,73.7,250.2,estimado_anual
1977,Comerío,18377.0,67.2,3690.0,21.0,5.1,31.8,73.7,249.3,estimado_anual
1978,Comerío,18319.0,66.8,3960.0,21.0,5.4,32.2,73.7,248.6,estimado_anual
1979,Comerío,18258.0,66.4,4230.0,21.0,5.7,32.6,73.7,247.7,estimado_anual
1980,Comerío,18255.0,66.0,4500.0,21.0,6.0,33.0,73.7,247.7,censo_decenal
1981,Comerío,18421.0,65.6,4850.0,20.8,6.3,33.4,73.7,249.9,estimado_anual
1982,Comerío,18599.0,65.2,5200.0,20.6,6.6,33.8,73.7,252.4,estimado_anual
1983,Comerío,18782.0,64.8,5550.0,20.4,6.9,34.2,73.7,254.8,estimado_anual
1984,Comerío,18977.0,64.4,5900.0,20.2,7.2,34.6,73.7,257.5,estimado_anual
1985,Comerío,19176.0,64.0,6250.0,20.0,7.5,35.0,73.7,260.2,estimado_anual
1986,Comerío,19388.0,63.6,6600.0,19.8,7.8,35.4,73.7,263.1,estimado_anual
1987,Comerío,19608.0,63.2,6950.0,19.6,8.1,35.8,73.7,266.1,estimado_anual
1988,Comerío,19838.0,62.8,7300.0,19.4,8.4,36.2,73.7,269.2,estimado_anual
1989,Comerío,20077.0,62.4,7650.0,19.2,8.7,36.6,73.7,272.4,estimado_anual
1990,Comerío,20247.0,62.0,8000.0,19.0,9.0,37.0,73.7,274.7,censo_decenal
1991,Comerío,20185.0,61.7,8550.0,18.8,9.2,37.4,73.7,273.9,estimado_anual
1992,Comerío,20128.0,61.4,9100.0,18.6,9.4,37.8,73.7,273.1,estimado_anual
1993,Comerío,20082.0,61.1,9650.0,18.4,9.6,38.2,73.7,272.5,estimado_anual
1994,Comerío,20047.0,60.8,10200.0,18.2,9.8,38.6,73.7,272.0,estimado_anual
1995,Comerío,20018.0,60.5,10750.0,18.0,10.0,39.0,73.7,271.6,estimado_anual
1996,Comerío,19999.0,60.2,11300.0,17.8,10.2,39.4,73.7,271.4,estimado_anual
1997,Comerío,19987.0,59.9,11850.0,17.6,10.4,39.8,73.7,271.2,estimado_anual
1998,Comerío,19985.0,59.6,12400.0,17.4,10.6,40.2,73.7,271.2,estimado_anual
1999,Comerío,19992.0,59.3,12950.0,17.2,10.8,40.6,73.7,271.3,estimado_anual
2000,Comerío,20117.0,59.0,13500.0,17.0,11.0,41.0,73.7,273.0,censo_decenal
2001,Comerío,20286.0,57.3,13540.0,17.1,11.1,41.1,73.7,275.3,estimado_anual
2002,Comerío,20425.0,55.6,13580.0,17.2,11.2,41.2,73.7,277.1,estimado_anual
2003,Comerío,20556.0,53.9,13620.0,17.3,11.3,41.3,73.7,278.9,estimado_anual
2004,Comerío,20670.0,52.2,13660.0,17.4,11.4,41.4,73.7,280.5,estimado_anual
2005,Comerío,20756.0,50.5,13700.0,17.5,11.5,41.5,73.7,281.6,estimado_anual
2006,Comerío,20788.0,48.8,13740.0,17.6,11.6,41.6,73.7,282.1,estimado_anual
2007,Comerío,20775.0,47.1,13780.0,17.7,11.7,41.7,73.7,281.9,estimado_anual
2008,Comerío,20776.0,45.4,13820.0,17.8,11.8,41.8,73.7,281.9,estimado_anual
2009,Comerío,20775.0,43.7,13860.0,17.9,11.9,41.9,73.7,281.9,estimado_anual
2010,Comerío,20798.0,42.0,13900.0,18.0,12.0,42.0,73.7,282.2,censo_decenal
2011,Comerío,20668.0,42.2,13911.2,18.1,12.0,42.2,73.7,280.4,estimado_anual
2012,Comerío,20566.0,42.4,13922.4,18.2,12.0,42.4,73.7,279.1,estimado_anual
2013,Comerío,20498.0,42.6,13933.6,18.3,12.0,42.6,73.7,278.1,estimado_anual
2014,Comerío,20333.0,42.8,13944.8,18.4,12.0,42.8,73.7,275.9,estimado_anual
2015,Comerío,20124.0,43.0,13956.0,18.5,12.0,43.0,73.7,273.1,estimado_anual
2016,Comerío,19844.0,43.2,13967.2,18.6,12.0,43.2,73.7,269.3,estimado_anual
2017,Comerío,19502.0,43.4,13978.4,18.7,12.0,43.4,73.7,264.6,estimado_anual
2018,Comerío,18820.0,43.6,13989.6,18.8,12.0,43.6,73.7,255.4,estimado_anual
2019,Comerío,18944.0,43.8,14000.8,18.9,12.0,43.8,73.7,257.0,estimado_anual
2020,Comerío,18868.0,44.0,14012.0,19.0,12.0,44.0,73.7,256.0,censo_decenal
2021,Comerío,18834.0,44.2,14023.2,19.1,12.0,44.2,73.7,255.5,estimado_anual
2022,Comerío,18581.0,44.4,14034.4,19.2,12.0,44.4,73.7,252.1,estimado_anual
2023,Comerío,18536.0,44.6,14045.6,19.3,12.0,44.6,73.7,251.5,estimado_anual
2024,Comerío,18529.0,44.8,14056.8,19.4,12.0,44.8,73.7,251.4,estimado_anual
2025,Comerío,18445.0,45.0,14068.0,19.5,12.0,45.0,73.7,250.3,estimado_anual
1950,Corozal,23101.0,,,,,,111.0,208.1,estimado_poblacion
1951,Corozal,23148.0,,,,,,111.0,208.5,estimado_poblacion
1952,Corozal,23195.0,,,,,,111.0,209.0,estimado_poblacion
1953,Corozal,23245.0,,,,,,111.0,209.4,estimado_poblacion
1954,Corozal,23291.0,,,,,,111.0,209.8,estimado_poblacion
1955,Corozal,23341.0,,,,,,111.0,210.3,estimado_poblacion
1956,Corozal,23391.0,,,,,,111.0,210.7,estimado_poblacion
1957,Corozal,23435.0,,,,,,111.0,211.1,estimado_poblacion
1958,Corozal,23487.0,,,,,,111.0,211.6,estimado_poblacion
1959,Corozal,23532.0,,,,,,111.0,212.0,estimado_poblacion
1960,Corozal,23595.0,,,,,,111.0,212.6,estimado_poblacion
1961,Corozal,23690.0,,,,,,111.0,213.4,estimado_poblacion
1962,Corozal,23789.0,,,,,,111.0,214.3,estimado_poblacion
1963,Corozal,23886.0,,,,,,111.0,215.2,estimado_poblacion
1964,Corozal,23983.0,,,,,,111.0,216.1,estimado_poblacion
1965,Corozal,24083.0,,,,,,111.0,217.0,estimado_poblacion
1966,Corozal,24179.0,,,,,,111.0,217.8,estimado_poblacion
1967,Corozal,24278.0,,,,,,111.0,218.7,estimado_poblacion
1968,Corozal,24373.0,,,,,,111.0,219.6,estimado_poblacion
1969,Corozal,24473.0,,,,,,111.0,220.5,estimado_poblacion
1970,Corozal,24638.0,67.0,2000.0,18.0,4.0,28.0,111.0,222.0,censo_decenal
1971,Corozal,25004.0,66.5,2300.0,18.0,4.4,28.4,111.0,225.3,estimado_anual
1972,Corozal,25373.0,66.0,2600.0,18.0,4.8,28.8,111.0,228.6,estimado_anual
1973,Corozal,25739.0,65.5,2900.0,18.0,5.2,29.2,111.0,231.9,estimado_anual
1974,Corozal,26103.0,65.0,3200.0,18.0,5.6,29.6,111.0,235.2,estimado_anual
1975,Corozal,26476.0,64.5,3500.0,18.0,6.0,30.0,111.0,238.5,estimado_anual
1976,Corozal,26840.0,64.0,3800.0,18.0,6.4,30.4,111.0,241.8,estimado_anual
1977,Corozal,27209.0,63.5,4100.0,18.0,6.8,30.8,111.0,245.1,estimado_anual
1978,Corozal,27576.0,63.0,4400.0,18.0,7.2,31.2,111.0,248.4,estimado_anual
1979,Corozal,27942.0,62.5,4700.0,18.0,7.6,31.6,111.0,251.7,estimado_anual
1980,Corozal,28324.0,62.0,5000.0,18.0,8.0,32.0,111.0,255.2,censo_decenal
1981,Corozal,28741.0,61.6,5390.0,17.8,8.3,32.3,111.0,258.9,estimado_anual
1982,Corozal,29174.0,61.2,5780.0,17.6,8.6,32.6,111.0,262.8,estimado_anual
1983,Corozal,29621.0,60.8,6170.0,17.4,8.9,32.9,111.0,266.9,estimado_anual
1984,Corozal,30086.0,60.4,6560.0,17.2,9.2,33.2,111.0,271.0,estimado_anual
1985,Corozal,30568.0,60.0,6950.0,17.0,9.5,33.5,111.0,275.4,estimado_anual
1986,Corozal,31066.0,59.6,7340.0,16.8,9.8,33.8,111.0,279.9,estimado_anual
1987,Corozal,31582.0,59.2,7730.0,16.6,10.1,34.1,111.0,284.5,estimado_anual
1988,Corozal,32114.0,58.8,8120.0,16.4,10.4,34.4,111.0,289.3,estimado_anual
1989,Corozal,32667.0,58.4,8510.0,16.2,10.7,34.7,111.0,294.3,estimado_anual
1990,Corozal,33172.0,58.0,8900.0,16.0,11.0,35.0,111.0,298.8,censo_decenal
1991,Corozal,33489.0,57.7,9580.0,15.8,11.2,35.4,111.0,301.7,estimado_anual
1992,Corozal,33817.0,57.4,10260.0,15.6,11.4,35.8,111.0,304.7,estimado_anual
1993,Corozal,34162.0,57.1,10940.0,15.4,11.6,36.2,111.0,307.8,estimado_anual
1994,Corozal,34519.0,56.8,11620.0,15.2,11.8,36.6,111.0,311.0,estimado_anual
1995,Corozal,34893.0,56.5,12300.0,15.0,12.0,37.0,111.0,314.4,estimado_anual
1996,Corozal,35278.0,56.2,12980.0,14.8,12.2,37.4,111.0,317.8,estimado_anual
1997,Corozal,35679.0,55.9,13660.0,14.6,12.4,37.8,111.0,321.4,estimado_anual
1998,Corozal,36097.0,55.6,14340.0,14.4,12.6,38.2,111.0,325.2,estimado_anual
1999,Corozal,36531.0,55.3,15020.0,14.2,12.8,38.6,111.0,329.1,estimado_anual
2000,Corozal,36831.0,55.0,15700.0,14.0,13.0,39.0,111.0,331.8,censo_decenal
2001,Corozal,37029.0,53.5,15740.0,14.1,13.1,39.1,111.0,333.6,estimado_anual
2002,Corozal,37214.0,52.0,15780.0,14.2,13.2,39.2,111.0,335.3,estimado_anual
2003,Corozal,37366.0,50.5,15820.0,14.3,13.3,39.3,111.0,336.6,estimado_anual
2004,Corozal,37487.0,49.0,15860.0,14.4,13.4,39.4,111.0,337.7,estimado_anual
2005,Corozal,37574.0,47.5,15900.0,14.5,13.5,39.5,111.0,338.5,estimado_anual
2006,Corozal,37530.0,46.0,15940.0,14.6,13.6,39.6,111.0,338.1,estimado_anual
2007,Corozal,37404.0,44.5,15980.0,14.7,13.7,39.7,111.0,337.0,estimado_anual
2008,Corozal,37312.0,43.0,16020.0,14.8,13.8,39.8,111.0,336.1,estimado_anual
2009,Corozal,37216.0,41.5,16060.0,14.9,13.9,39.9,111.0,335.3,estimado_anual
2010,Corozal,37191.0,40.0,16100.0,15.0,14.0,40.0,111.0,335.1,censo_decenal
2011,Corozal,37091.0,40.2,16113.1,15.0,14.1,40.2,111.0,334.2,estimado_anual
2012,Corozal,36970.0,40.4,16126.2,15.0,14.2,40.4,111.0,333.1,estimado_anual
2013,Corozal,36855.0,40.6,16139.3,15.0,14.3,40.6,111.0,332.0,estimado_anual
2014,Corozal,36584.0,40.8,16152.4,15.0,14.4,40.8,111.0,329.6,estimado_anual
2015,Corozal,36266.0,41.0,16165.5,15.0,14.5,41.0,111.0,326.7,estimado_anual
2016,Corozal,35907.0,41.2,16178.6,15.0,14.6,41.2,111.0,323.5,estimado_anual
2017,Corozal,35371.0,41.4,16191.7,15.0,14.7,41.4,111.0,318.7,estimado_anual
2018,Corozal,34293.0,41.6,16204.8,15.0,14.8,41.6,111.0,308.9,estimado_anual
2019,Corozal,34614.0,41.8,16217.9,15.0,14.9,41.8,111.0,311.8,estimado_anual
2020,Corozal,34533.0,42.0,16231.0,15.0,15.0,42.0,111.0,311.1,censo_decenal
2021,Corozal,34573.0,42.2,16244.1,15.0,15.1,42.2,111.0,311.5,estimado_anual
2022,Corozal,34316.0,42.4,16257.2,15.0,15.2,42.4,111.0,309.2,estimado_anual
2023,Corozal,34342.0,42.6,16270.3,15.0,15.3,42.6,111.0,309.4,estimado_anual
2024,Corozal,34513.0,42.8,16283.4,15.0,15.4,42.8,111.0,310.9,estimado_anual
2025,Corozal,34531.0,43.0,16296.5,15.0,15.5,43.0,111.0,311.1,estimado_anual
1950,Culebra,880.0,,,,,,30.0,29.3,estimado_poblacion
1951,Culebra,848.0,,,,,,30.0,28.3,estimado_poblacion
1952,Culebra,818.0,,,,,,30.0,27.3,estimado_poblacion
1953,Culebra,786.0,,,,,,30.0,26.2,estimado_poblacion
1954,Culebra,753.0,,,,,,30.0,25.1,estimado_poblacion
1955,Culebra,723.0,,,,,,30.0,24.1,estimado_poblacion
1956,Culebra,693.0,,,,,,30.0,23.1,estimado_poblacion
1957,Culebra,659.0,,,,,,30.0,22.0,estimado_poblacion
1958,Culebra,627.0,,,,,,30.0,20.9,estimado_poblacion
1959,Culebra,597.0,,,,,,30.0,19.9,estimado_poblacion
1960,Culebra,575.0,,,,,,30.0,19.2,estimado_poblacion
1961,Culebra,595.0,,,,,,30.0,19.8,estimado_poblacion
1962,Culebra,610.0,,,,,,30.0,20.3,estimado_poblacion
1963,Culebra,624.0,,,,,,30.0,20.8,estimado_poblacion
1964,Culebra,638.0,,,,,,30.0,21.3,estimado_poblacion
1965,Culebra,658.0,,,,,,30.0,21.9,estimado_poblacion
1966,Culebra,670.0,,,,,,30.0,22.3,estimado_poblacion
1967,Culebra,690.0,,,,,,30.0,23.0,estimado_poblacion
1968,Culebra,705.0,,,,,,30.0,23.5,estimado_poblacion
1969,Culebra,718.0,,,,,,30.0,23.9,estimado_poblacion
1970,Culebra,744.0,52.0,2900.0,14.0,8.0,30.0,30.0,24.8,censo_decenal
1971,Culebra,799.0,51.4,3320.0,14.0,8.7,30.4,30.0,26.6,estimado_anual
1972,Culebra,853.0,50.8,3740.0,14.0,9.4,30.8,30.0,28.4,estimado_anual
1973,Culebra,906.0,50.2,4160.0,14.0,10.1,31.2,30.0,30.2,estimado_anual
1974,Culebra,958.0,49.6,4580.0,14.0,10.8,31.6,30.0,31.9,estimado_anual
1975,Culebra,1014.0,49.0,5000.0,14.0,11.5,32.0,30.0,33.8,estimado_anual
1976,Culebra,1062.0,48.4,5420.0,14.0,12.2,32.4,30.0,35.4,estimado_anual
1977,Culebra,1118.0,47.8,5840.0,14.0,12.9,32.8,30.0,37.3,estimado_anual
1978,Culebra,1172.0,47.2,6260.0,14.0,13.6,33.2,30.0,39.1,estimado_anual
1979,Culebra,1224.0,46.6,6680.0,14.0,14.3,33.6,30.0,40.8,estimado_anual
1980,Culebra,1268.0,46.0,7100.0,14.0,15.0,34.0,30.0,42.3,censo_decenal
1981,Culebra,1288.0,45.5,7580.0,13.8,15.4,34.4,30.0,42.9,estimado_anual
1982,Culebra,1308.0,45.0,8060.0,13.6,15.8,34.8,30.0,43.6,estimado_anual
1983,Culebra,1331.0,44.5,8540.0,13.4,16.2,35.2,30.0,44.4,estimado_anual
1984,Culebra,1356.0,44.0,9020.0,13.2,16.6,35.6,30.0,45.2,estimado_anual
1985,Culebra,1383.0,43.5,9500.0,13.0,17.0,36.0,30.0,46.1,estimado_anual
1986,Culebra,1411.0,43.0,9980.0,12.8,17.4,36.4,30.0,47.0,estimado_anual
1987,Culebra,1441.0,42.5,10460.0,12.6,17.8,36.8,30.0,48.0,estimado_anual
1988,Culebra,1474.0,42.0,10940.0,12.4,18.2,37.2,30.0,49.1,estimado_anual
1989,Culebra,1513.0,41.5,11420.0,12.2,18.6,37.6,30.0,50.4,estimado_anual
1990,Culebra,1548.0,41.0,11900.0,12.0,19.0,38.0,30.0,51.6,censo_decenal
1991,Culebra,1576.0,40.8,13390.0,11.7,19.1,38.4,30.0,52.5,estimado_anual
1992,Culebra,1605.0,40.6,14880.0,11.4,19.2,38.8,30.0,53.5,estimado_anual
1993,Culebra,1635.0,40.4,16370.0,11.1,19.3,39.2,30.0,54.5,estimado_anual
1994,Culebra,1666.0,40.2,17860.0,10.8,19.4,39.6,30.0,55.5,estimado_anual
1995,Culebra,1698.0,40.0,19350.0,10.5,19.5,40.0,30.0,56.6,estimado_anual
1996,Culebra,1732.0,39.8,20840.0,10.2,19.6,40.4,30.0,57.7,estimado_anual
1997,Culebra,1766.0,39.6,22330.0,9.9,19.7,40.8,30.0,58.9,estimado_anual
1998,Culebra,1801.0,39.4,23820.0,9.6,19.8,41.2,30.0,60.0,estimado_anual
1999,Culebra,1840.0,39.2,25310.0,9.3,19.9,41.6,30.0,61.3,estimado_anual
2000,Culebra,1868.0,39.0,26800.0,9.0,20.0,42.0,30.0,62.3,censo_decenal
2001,Culebra,1876.0,39.1,26850.0,9.1,20.2,42.1,30.0,62.5,estimado_anual
2002,Culebra,1882.0,39.2,26900.0,9.2,20.4,42.2,30.0,62.7,estimado_anual
2003,Culebra,1874.0,39.3,26950.0,9.3,20.6,42.3,30.0,62.5,estimado_anual
2004,Culebra,1886.0,39.4,27000.0,9.4,20.8,42.4,30.0,62.9,estimado_anual
2005,Culebra,1873.0,39.5,27050.0,9.5,21.0,42.5,30.0,62.4,estimado_anual
2006,Culebra,1857.0,39.6,27100.0,9.6,21.2,42.6,30.0,61.9,estimado_anual
2007,Culebra,1845.0,39.7,27150.0,9.7,21.4,42.7,30.0,61.5,estimado_anual
2008,Culebra,1840.0,39.8,27200.0,9.8,21.6,42.8,30.0,61.3,estimado_anual
2009,Culebra,1825.0,39.9,27250.0,9.9,21.8,42.9,30.0,60.8,estimado_anual
2010,Culebra,1822.0,40.0,27300.0,10.0,22.0,43.0,30.0,60.7,censo_decenal
2011,Culebra,1822.0,40.3,27321.2,10.0,22.2,43.0,30.0,60.7,estimado_anual
2012,Culebra,1830.0,40.6,27342.4,10.0,22.4,43.0,30.0,61.0,estimado_anual
2013,Culebra,1839.0,40.9,27363.6,10.0,22.6,43.0,30.0,61.3,estimado_anual
2014,Culebra,1845.0,41.2,27384.8,10.0,22.8,43.0,30.0,61.5,estimado_anual
2015,Culebra,1848.0,41.5,27406.0,10.0,23.0,43.0,30.0,61.6,estimado_anual
2016,Culebra,1840.0,41.8,27427.2,10.0,23.2,43.0,30.0,61.3,estimado_anual
2017,Culebra,1824.0,42.1,27448.4,10.0,23.4,43.0,30.0,60.8,estimado_anual
2018,Culebra,1776.0,42.4,27469.6,10.0,23.6,43.0,30.0,59.2,estimado_anual
2019,Culebra,1785.0,42.7,27490.8,10.0,23.8,43.0,30.0,59.5,estimado_anual
2020,Culebra,1790.0,43.0,27512.0,10.0,24.0,43.0,30.0,59.7,censo_decenal
2021,Culebra,1781.0,43.3,27533.2,10.0,24.2,43.0,30.0,59.4,estimado_anual
2022,Culebra,1761.0,43.6,27554.4,10.0,24.4,43.0,30.0,58.7,estimado_anual
2023,Culebra,1748.0,43.9,27575.6,10.0,24.6,43.0,30.0,58.3,estimado_anual
2024,Culebra,1743.0,44.2,27596.8,10.0,24.8,43.0,30.0,58.1,estimado_anual
2025,Culebra,1735.0,44.5,27618.0,10.0,25.0,43.0,30.0,57.8,estimado_anual
1950,Dorado,11792.0,,,,,,58.8,200.5,estimado_poblacion
1951,Dorado,11959.0,,,,,,58.8,203.4,estimado_poblacion
1952,Dorado,12135.0,,,,,,58.8,206.4,estimado_poblacion
1953,Dorado,12305.0,,,,,,58.8,209.3,estimado_poblacion
1954,Dorado,12475.0,,,,,,58.8,212.2,estimado_poblacion
1955,Dorado,12648.0,,,,,,58.8,215.1,estimado_poblacion
1956,Dorado,12815.0,,,,,,58.8,217.9,estimado_poblacion
1957,Dorado,12986.0,,,,,,58.8,220.9,estimado_poblacion
1958,Dorado,13159.0,,,,,,58.8,223.8,estimado_poblacion
1959,Dorado,13330.0,,,,,,58.8,226.7,estimado_poblacion
1960,Dorado,13558.0,,,,,,58.8,230.6,estimado_poblacion
1961,Dorado,13949.0,,,,,,58.8,237.2,estimado_poblacion
1962,Dorado,14339.0,,,,,,58.8,243.9,estimado_poblacion
1963,Dorado,14734.0,,,,,,58.8,250.6,estimado_poblacion
1964,Dorado,15129.0,,,,,,58.8,257.3,estimado_poblacion
1965,Dorado,15524.0,,,,,,58.8,264.0,estimado_poblacion
1966,Dorado,15912.0,,,,,,58.8,270.6,estimado_poblacion
1967,Dorado,16306.0,,,,,,58.8,277.3,estimado_poblacion
1968,Dorado,16702.0,,,,,,58.8,284.0,estimado_poblacion
1969,Dorado,17093.0,,,,,,58.8,290.7,estimado_poblacion
1970,Dorado,17589.0,51.0,3100.0,12.0,10.0,28.0,58.8,299.1,censo_decenal
1971,Dorado,18402.0,50.4,3560.0,11.9,10.8,28.3,58.8,313.0,estimado_anual
1972,Dorado,19217.0,49.8,4020.0,11.8,11.6,28.6,58.8,326.8,estimado_anual
1973,Dorado,20030.0,49.2,4480.0,11.7,12.4,28.9,58.8,340.6,estimado_anual
1974,Dorado,20840.0,48.6,4940.0,11.6,13.2,29.2,58.8,354.4,estimado_anual
1975,Dorado,21653.0,48.0,5400.0,11.5,14.0,29.5,58.8,368.2,estimado_anual
1976,Dorado,22465.0,47.4,5860.0,11.4,14.8,29.8,58.8,382.1,estimado_anual
1977,Dorado,23276.0,46.8,6320.0,11.3,15.6,30.1,58.8,395.9,estimado_anual
1978,Dorado,24088.0,46.2,6780.0,11.2,16.4,30.4,58.8,409.7,estimado_anual
1979,Dorado,24901.0,45.6,7240.0,11.1,17.2,30.7,58.8,423.5,estimado_anual
1980,Dorado,25620.0,45.0,7700.0,11.0,18.0,31.0,58.8,435.7,censo_decenal
1981,Dorado,26060.0,44.5,8220.0,10.8,18.6,31.3,58.8,443.2,estimado_anual
1982,Dorado,26520.0,44.0,8740.0,10.6,19.2,31.6,58.8,451.0,estimado_anual
1983,Dorado,26999.0,43.5,9260.0,10.4,19.8,31.9,58.8,459.2,estimado_anual
1984,Dorado,27496.0,43.0,9780.0,10.2,20.4,32.2,58.8,467.6,estimado_anual
1985,Dorado,28011.0,42.5,10300.0,10.0,21.0,32.5,58.8,476.4,estimado_anual
1986,Dorado,28549.0,42.0,10820.0,9.8,21.6,32.8,58.8,485.5,estimado_anual
1987,Dorado,29106.0,41.5,11340.0,9.6,22.2,33.1,58.8,495.0,estimado_anual
1988,Dorado,29684.0,41.0,11860.0,9.4,22.8,33.4,58.8,504.8,estimado_anual
1989,Dorado,30290.0,40.5,12380.0,9.2,23.4,33.7,58.8,515.1,estimado_anual
1990,Dorado,30823.0,40.0,12900.0,9.0,24.0,34.0,58.8,524.2,censo_decenal
1991,Dorado,31086.0,39.8,14940.0,8.9,24.6,34.4,58.8,528.7,estimado_anual
1992,Dorado,31360.0,39.6,16980.0,8.8,25.2,34.8,58.8,533.3,estimado_anual
1993,Dorado,31653.0,39.4,19020.0,8.7,25.8,35.2,58.8,538.3,estimado_anual
1994,Dorado,31956.0,39.2,21060.0,8.6,26.4,35.6,58.8,543.5,estimado_anual
1995,Dorado,32275.0,39.0,23100.0,8.5,27.0,36.0,58.8,548.9,estimado_anual
1996,Dorado,32611.0,38.8,25140.0,8.4,27.6,36.4,58.8,554.6,estimado_anual
1997,Dorado,32962.0,38.6,27180.0,8.3,28.2,36.8,58.8,560.6,estimado_anual
1998,Dorado,33329.0,38.4,29220.0,8.2,28.8,37.2,58.8,566.8,estimado_anual
1999,Dorado,33716.0,38.2,31260.0,8.1,29.4,37.6,58.8,573.4,estimado_anual
2000,Dorado,34170.0,38.0,33300.0,8.0,30.0,38.0,58.8,581.1,censo_decenal
2001,Dorado,34740.0,38.1,33400.0,8.1,30.4,38.2,58.8,590.8,estimado_anual
2002,Dorado,35278.0,38.2,33500.0,8.2,30.8,38.4,58.8,600.0,estimado_anual
2003,Dorado,35790.0,38.3,33600.0,8.3,31.2,38.6,58.8,608.7,estimado_anual
2004,Dorado,36313.0,38.4,33700.0,8.4,31.6,38.8,58.8,617.6,estimado_anual
2005,Dorado,36744.0,38.5,33800.0,8.5,32.0,39.0,58.8,624.9,estimado_anual
2006,Dorado,37094.0,38.6,33900.0,8.6,32.4,39.2,58.8,630.9,estimado_anual
2007,Dorado,37368.0,38.7,34000.0,8.7,32.8,39.4,58.8,635.5,estimado_anual
2008,Dorado,37647.0,38.8,34100.0,8.8,33.2,39.6,58.8,640.3,estimado_anual
2009,Dorado,37937.0,38.9,34200.0,8.9,33.6,39.8,58.8,645.2,estimado_anual
2010,Dorado,38233.0,39.0,34300.0,9.0,34.0,40.0,58.8,650.2,censo_decenal
2011,Dorado,38243.0,39.1,34322.1,9.0,34.1,40.1,58.8,650.4,estimado_anual
2012,Dorado,38180.0,39.2,34344.2,9.0,34.2,40.2,58.8,649.3,estimado_anual
2013,Dorado,38173.0,39.3,34366.3,9.0,34.3,40.3,58.8,649.2,estimado_anual
2014,Dorado,37984.0,39.4,34388.4,9.0,34.4,40.4,58.8,646.0,estimado_anual
2015,Dorado,37677.0,39.5,34410.5,9.0,34.5,40.5,58.8,640.8,estimado_anual
2016,Dorado,37305.0,39.6,34432.6,9.0,34.6,40.6,58.8,634.4,estimado_anual
2017,Dorado,36721.0,39.7,34454.7,9.0,34.7,40.7,58.8,624.5,estimado_anual
2018,Dorado,35573.0,39.8,34476.8,9.0,34.8,40.8,58.8,605.0,estimado_anual
2019,Dorado,35937.0,39.9,34498.9,9.0,34.9,40.9,58.8,611.2,estimado_anual
2020,Dorado,35888.0,40.0,34521.0,9.0,35.0,41.0,58.8,610.3,censo_decenal
2021,Dorado,35928.0,40.1,34543.1,9.0,35.1,41.1,58.8,611.0,estimado_anual
2022,Dorado,35653.0,40.2,34565.2,9.0,35.2,41.2,58.8,606.3,estimado_anual
2023,Dorado,35704.0,40.3,34587.3,9.0,35.3,41.3,58.8,607.2,estimado_anual
2024,Dorado,35875.0,40.4,34609.4,9.0,35.4,41.4,58.8,610.1,estimado_anual
2025,Dorado,35891.0,40.5,34631.5,9.0,35.5,41.5,58.8,610.4,estimado_anual
1950,Fajardo,22024.0,,,,,,77.5,284.2,estimado_poblacion
1951,Fajardo,21640.0,,,,,,77.5,279.2,estimado_poblacion
1952,Fajardo,21265.0,,,,,,77.5,274.4,estimado_poblacion
1953,Fajardo,20880.0,,,,,,77.5,269.4,estimado_poblacion
1954,Fajardo,20504.0,,,,,,77.5,264.6,estimado_poblacion
1955,Fajardo,20126.0,,,,,,77.5,259.7,estimado_poblacion
1956,Fajardo,19745.0,,,,,,77.5,254.8,estimado_poblacion
1957,Fajardo,19365.0,,,,,,77.5,249.9,estimado_poblacion
1958,Fajardo,18983.0,,,,,,77.5,244.9,estimado_poblacion
1959,Fajardo,18606.0,,,,,,77.5,240.1,estimado_poblacion
1960,Fajardo,18439.0,,,,,,77.5,237.9,estimado_poblacion
1961,Fajardo,18906.0,,,,,,77.5,243.9,estimado_poblacion
1962,Fajardo,19379.0,,,,,,77.5,250.1,estimado_poblacion
1963,Fajardo,19850.0,,,,,,77.5,256.1,estimado_poblacion
1964,Fajardo,20324.0,,,,,,77.5,262.2,estimado_poblacion
1965,Fajardo,20794.0,,,,,,77.5,268.3,estimado_poblacion
1966,Fajardo,21265.0,,,,,,77.5,274.4,estimado_poblacion
1967,Fajardo,21737.0,,,,,,77.5,280.5,estimado_poblacion
1968,Fajardo,22209.0,,,,,,77.5,286.6,estimado_poblacion
1969,Fajardo,22679.0,,,,,,77.5,292.6,estimado_poblacion
1970,Fajardo,23256.0,58.0,2700.0,15.0,7.0,28.0,77.5,300.1,censo_decenal
1971,Fajardo,24160.0,57.4,3100.0,15.0,7.6,28.3,77.5,311.7,estimado_anual
1972,Fajardo,25066.0,56.8,3500.0,15.0,8.2,28.6,77.5,323.4,estimado_anual
1973,Fajardo,25975.0,56.2,3900.0,15.0,8.8,28.9,77.5,335.2,estimado_anual
1974,Fajardo,26877.0,55.6,4300.0,15.0,9.4,29.2,77.5,346.8,estimado_anual
1975,Fajardo,27784.0,55.0,4700.0,15.0,10.0,29.5,77.5,358.5,estimado_anual
1976,Fajardo,28689.0,54.4,5100.0,15.0,10.6,29.8,77.5,370.2,estimado_anual
1977,Fajardo,29596.0,53.8,5500.0,15.0,11.2,30.1,77.5,381.9,estimado_anual
1978,Fajardo,30502.0,53.2,5900.0,15.0,11.8,30.4,77.5,393.6,estimado_anual
1979,Fajardo,31405.0,52.6,6300.0,15.0,12.4,30.7,77.5,405.2,estimado_anual
1980,Fajardo,32186.0,52.0,6700.0,15.0,13.0,31.0,77.5,415.3,censo_decenal
1981,Fajardo,32590.0,51.6,7160.0,14.8,13.4,31.3,77.5,420.5,estimado_anual
1982,Fajardo,33013.0,51.2,7620.0,14.6,13.8,31.6,77.5,426.0,estimado_anual
1983,Fajardo,33451.0,50.8,8080.0,14.4,14.2,31.9,77.5,431.6,estimado_anual
1984,Fajardo,33905.0,50.4,8540.0,14.2,14.6,32.2,77.5,437.5,estimado_anual
1985,Fajardo,34377.0,50.0,9000.0,14.0,15.0,32.5,77.5,443.6,estimado_anual
1986,Fajardo,34870.0,49.6,9460.0,13.8,15.4,32.8,77.5,449.9,estimado_anual
1987,Fajardo,35380.0,49.2,9920.0,13.6,15.8,33.1,77.5,456.5,estimado_anual
1988,Fajardo,35907.0,48.8,10380.0,13.4,16.2,33.4,77.5,463.3,estimado_anual
1989,Fajardo,36459.0,48.4,10840.0,13.2,16.6,33.7,77.5,470.4,estimado_anual
1990,Fajardo,36960.0,48.0,11300.0,13.0,17.0,34.0,77.5,476.9,censo_decenal
1991,Fajardo,37273.0,47.7,12340.0,12.8,17.4,34.4,77.5,480.9,estimado_anual
1992,Fajardo,37605.0,47.4,13380.0,12.6,17.8,34.8,77.5,485.2,estimado_anual
1993,Fajardo,37949.0,47.1,14420.0,12.4,18.2,35.2,77.5,489.7,estimado_anual
1994,Fajardo,38314.0,46.8,15460.0,12.2,18.6,35.6,77.5,494.4,estimado_anual
1995,Fajardo,38690.0,46.5,16500.0,12.0,19.0,36.0,77.5,499.2,estimado_anual
1996,Fajardo,39085.0,46.2,17540.0,11.8,19.4,36.4,77.5,504.3,estimado_anual
1997,Fajardo,39495.0,45.9,18580.0,11.6,19.8,36.8,77.5,509.6,estimado_anual
1998,Fajardo,39920.0,45.6,19620.0,11.4,20.2,37.2,77.5,515.1,estimado_anual
1999,Fajardo,40368.0,45.3,20660.0,11.2,20.6,37.6,77.5,520.9,estimado_anual
2000,Fajardo,40662.0,45.0,21700.0,11.0,21.0,38.0,77.5,524.7,censo_decenal
2001,Fajardo,40470.0,44.5,21750.0,11.1,21.1,38.2,77.5,522.2,estimado_anual
2002,Fajardo,40218.0,44.0,21800.0,11.2,21.2,38.4,77.5,518.9,estimado_anual
2003,Fajardo,39945.0,43.5,21850.0,11.3,21.3,38.6,77.5,515.4,estimado_anual
2004,Fajardo,39670.0,43.0,21900.0,11.4,21.4,38.8,77.5,511.9,estimado_anual
2005,Fajardo,39329.0,42.5,21950.0,11.5,21.5,39.0,77.5,507.5,estimado_anual
2006,Fajardo,38866.0,42.0,22000.0,11.6,21.6,39.2,77.5,501.5,estimado_anual
2007,Fajardo,38349.0,41.5,22050.0,11.7,21.7,39.4,77.5,494.8,estimado_anual
2008,Fajardo,37847.0,41.0,22100.0,11.8,21.8,39.6,77.5,488.3,estimado_anual
2009,Fajardo,37346.0,40.5,22150.0,11.9,21.9,39.8,77.5,481.9,estimado_anual
2010,Fajardo,36952.0,40.0,22200.0,12.0,22.0,40.0,77.5,476.8,censo_decenal
2011,Fajardo,36610.0,40.1,22214.5,12.0,22.1,40.1,77.5,472.4,estimado_anual
2012,Fajardo,36210.0,40.2,22229.0,12.0,22.2,40.2,77.5,467.2,estimado_anual
2013,Fajardo,35844.0,40.3,22243.5,12.0,22.3,40.3,77.5,462.5,estimado_anual
2014,Fajardo,35247.0,40.4,22258.0,12.0,22.4,40.4,77.5,454.8,estimado_anual
2015,Fajardo,34688.0,40.5,22272.5,12.0,22.5,40.5,77.5,447.6,estimado_anual
2016,Fajardo,34111.0,40.6,22287.0,12.0,22.6,40.6,77.5,440.1,estimado_anual
2017,Fajardo,33408.0,40.7,22301.5,12.0,22.7,40.7,77.5,431.1,estimado_anual
2018,Fajardo,32237.0,40.8,22316.0,12.0,22.8,40.8,77.5,416.0,estimado_anual
2019,Fajardo,32313.0,40.9,22330.5,12.0,22.9,40.9,77.5,416.9,estimado_anual
2020,Fajardo,32075.0,41.0,22345.0,12.0,23.0,41.0,77.5,413.9,censo_decenal
2021,Fajardo,31808.0,41.1,22359.5,12.0,23.1,41.1,77.5,410.4,estimado_anual
2022,Fajardo,31356.0,41.2,22374.0,12.0,23.2,41.2,77.5,404.6,estimado_anual
2023,Fajardo,31158.0,41.3,22388.5,12.0,23.3,41.3,77.5,402.0,estimado_anual
2024,Fajardo,31060.0,41.4,22403.0,12.0,23.4,41.4,77.5,400.8,estimado_anual
2025,Fajardo,30780.0,41.5,22417.5,12.0,23.5,41.5,77.5,397.2,estimado_anual
1950,Florida,,,,,,,40.7,,estimado_poblacion
1951,Florida,,,,,,,40.7,,estimado_poblacion
1952,Florida,,,,,,,40.7,,estimado_poblacion
1953,Florida,,,,,,,40.7,,estimado_poblacion
1954,Florida,,,,,,,40.7,,estimado_poblacion
1955,Florida,,,,,,,40.7,,estimado_poblacion
1956,Florida,,,,,,,40.7,,estimado_poblacion
1957,Florida,,,,,,,40.7,,estimado_poblacion
1958,Florida,,,,,,,40.7,,estimado_poblacion
1959,Florida,,,,,,,40.7,,estimado_poblacion
1960,Florida,,,,,,,40.7,,estimado_poblacion
1961,Florida,,,,,,,40.7,,estimado_poblacion
1962,Florida,,,,,,,40.7,,estimado_poblacion
1963,Florida,,,,,,,40.7,,estimado_poblacion
1964,Florida,,,,,,,40.7,,estimado_poblacion
1965,Florida,,,,,,,40.7,,estimado_poblacion
1966,Florida,,,,,,,40.7,,estimado_poblacion
1967,Florida,,,,,,,40.7,,estimado_poblacion
1968,Florida,,,,,,,40.7,,estimado_poblacion
1969,Florida,,,,,,,40.7,,estimado_poblacion
1970,Florida,,69.0,1900.0,20.0,3.0,28.0,40.7,,censo_decenal
1971,Florida,,68.5,2180.0,20.0,3.3,28.4,40.7,,estimado_anual
1972,Florida,,68.0,2460.0,20.0,3.6,28.8,40.7,,estimado_anual
1973,Florida,,67.5,2740.0,20.0,3.9,29.2,40.7,,estimado_anual
1974,Florida,,67.0,3020.0,20.0,4.2,29.6,40.7,,estimado_anual
1975,Florida,,66.5,3300.0,20.0,4.5,30.0,40.7,,estimado_anual
1976,Florida,,66.0,3580.0,20.0,4.8,30.4,40.7,,estimado_anual
1977,Florida,,65.5,3860.0,20.0,5.1,30.8,40.7,,estimado_anual
1978,Florida,,65.0,4140.0,20.0,5.4,31.2,40.7,,estimado_anual
1979,Florida,,64.5,4420.0,20.0,5.7,31.6,40.7,,estimado_anual
1980,Florida,7265.0,64.0,4700.0,20.0,6.0,32.0,40.7,178.5,censo_decenal
1981,Florida,7393.0,63.6,5070.0,19.8,6.3,32.3,40.7,181.6,estimado_anual
1982,Florida,7521.0,63.2,5440.0,19.6,6.6,32.6,40.7,184.8,estimado_anual
1983,Florida,7659.0,62.8,5810.0,19.4,6.9,32.9,40.7,188.2,estimado_anual
1984,Florida,7797.0,62.4,6180.0,19.2,7.2,33.2,40.7,191.6,estimado_anual
1985,Florida,7942.0,62.0,6550.0,19.0,7.5,33.5,40.7,195.1,estimado_anual
1986,Florida,8091.0,61.6,6920.0,18.8,7.8,33.8,40.7,198.8,estimado_anual
1987,Florida,8242.0,61.2,7290.0,18.6,8.1,34.1,40.7,202.5,estimado_anual
1988,Florida,8402.0,60.8,7660.0,18.4,8.4,34.4,40.7,206.4,estimado_anual
1989,Florida,8565.0,60.4,8030.0,18.2,8.7,34.7,40.7,210.4,estimado_anual
1990,Florida,8762.0,60.0,8400.0,18.0,9.0,35.0,40.7,215.3,censo_decenal
1991,Florida,9066.0,59.7,9040.0,17.7,9.2,35.4,40.7,222.8,estimado_anual
1992,Florida,9385.0,59.4,9680.0,17.4,9.4,35.8,40.7,230.6,estimado_anual
1993,Florida,9715.0,59.1,10320.0,17.1,9.6,36.2,40.7,238.7,estimado_anual
1994,Florida,10061.0,58.8,10960.0,16.8,9.8,36.6,40.7,247.2,estimado_anual
1995,Florida,10419.0,58.5,11600.0,16.5,10.0,37.0,40.7,256.0,estimado_anual
1996,Florida,10797.0,58.2,12240.0,16.2,10.2,37.4,40.7,265.3,estimado_anual
1997,Florida,11189.0,57.9,12880.0,15.9,10.4,37.8,40.7,274.9,estimado_anual
1998,Florida,11601.0,57.6,13520.0,15.6,10.6,38.2,40.7,285.0,estimado_anual
1999,Florida,12032.0,57.3,14160.0,15.3,10.8,38.6,40.7,295.6,estimado_anual
2000,Florida,12373.0,57.0,14800.0,15.0,11.0,39.0,40.7,304.0,censo_decenal
2001,Florida,12464.0,55.3,14830.0,15.1,11.2,39.1,40.7,306.2,estimado_anual
2002,Florida,12558.0,53.6,14860.0,15.2,11.4,39.2,40.7,308.6,estimado_anual
2003,Florida,12627.0,51.9,14890.0,15.3,11.6,39.3,40.7,310.2,estimado_anual
2004,Florida,12687.0,50.2,14920.0,15.4,11.8,39.4,40.7,311.7,estimado_anual
2005,Florida,12726.0,48.5,14950.0,15.5,12.0,39.5,40.7,312.7,estimado_anual
2006,Florida,12728.0,46.8,14980.0,15.6,12.2,39.6,40.7,312.7,estimado_anual
2007,Florida,12714.0,45.1,15010.0,15.7,12.4,39.7,40.7,312.4,estimado_anual
2008,Florida,12699.0,43.4,15040.0,15.8,12.6,39.8,40.7,312.0,estimado_anual
2009,Florida,12682.0,41.7,15070.0,15.9,12.8,39.9,40.7,311.6,estimado_anual
2010,Florida,12696.0,40.0,15100.0,16.0,13.0,40.0,40.7,311.9,censo_decenal
2011,Florida,12642.0,40.2,15113.4,16.0,13.1,40.2,40.7,310.6,estimado_anual
2012,Florida,12609.0,40.4,15126.8,16.0,13.2,40.4,40.7,309.8,estimado_anual
2013,Florida,12583.0,40.6,15140.2,16.0,13.3,40.6,40.7,309.2,estimado_anual
2014,Florida,12515.0,40.8,15153.6,16.0,13.4,40.8,40.7,307.5,estimado_anual
2015,Florida,12394.0,41.0,15167.0,16.0,13.5,41.0,40.7,304.5,estimado_anual
2016,Florida,12255.0,41.2,15180.4,16.0,13.6,41.2,40.7,301.1,estimado_anual
2017,Florida,12058.0,41.4,15193.8,16.0,13.7,41.4,40.7,296.3,estimado_anual
2018,Florida,11660.0,41.6,15207.2,16.0,13.8,41.6,40.7,286.5,estimado_anual
2019,Florida,11729.0,41.8,15220.6,16.0,13.9,41.8,40.7,288.2,estimado_anual
2020,Florida,11683.0,42.0,15234.0,16.0,14.0,42.0,40.7,287.1,censo_decenal
2021,Florida,11658.0,42.2,15247.4,16.0,14.1,42.2,40.7,286.4,estimado_anual
2022,Florida,11521.0,42.4,15260.8,16.0,14.2,42.4,40.7,283.1,estimado_anual
2023,Florida,11454.0,42.6,15274.2,16.0,14.3,42.6,40.7,281.4,estimado_anual
2024,Florida,11460.0,42.8,15287.6,16.0,14.4,42.8,40.7,281.6,estimado_anual
2025,Florida,11371.0,43.0,15301.0,16.0,14.5,43.0,40.7,279.4,estimado_anual
1950,Guánica,15587.0,,,,,,94.3,165.3,estimado_poblacion
1951,Guánica,15398.0,,,,,,94.3,163.3,estimado_poblacion
1952,Guánica,15210.0,,,,,,94.3,161.3,estimado_poblacion
1953,Guánica,15024.0,,,,,,94.3,159.3,estimado_poblacion
1954,Guánica,14838.0,,,,,,94.3,157.3,estimado_poblacion
1955,Guánica,14656.0,,,,,,94.3,155.4,estimado_poblacion
1956,Guánica,14467.0,,,,,,94.3,153.4,estimado_poblacion
1957,Guánica,14280.0,,,,,,94.3,151.4,estimado_poblacion
1958,Guánica,14093.0,,,,,,94.3,149.4,estimado_poblacion
1959,Guánica,13908.0,,,,,,94.3,147.5,estimado_poblacion
1960,Guánica,13795.0,,,,,,94.3,146.3,estimado_poblacion
1961,Guánica,13905.0,,,,,,94.3,147.5,estimado_poblacion
1962,Guánica,14020.0,,,,,,94.3,148.7,estimado_poblacion
1963,Guánica,14131.0,,,,,,94.3,149.9,estimado_poblacion
1964,Guánica,14244.0,,,,,,94.3,151.0,estimado_poblacion
1965,Guánica,14357.0,,,,,,94.3,152.2,estimado_poblacion
1966,Guánica,14469.0,,,,,,94.3,153.4,estimado_poblacion
1967,Guánica,14584.0,,,,,,94.3,154.7,estimado_poblacion
1968,Guánica,14690.0,,,,,,94.3,155.8,estimado_poblacion
1969,Guánica,14802.0,,,,,,94.3,157.0,estimado_poblacion
1970,Guánica,14986.0,74.0,1600.0,24.0,3.0,31.0,94.3,158.9,censo_decenal
1971,Guánica,15373.0,73.6,1840.0,24.0,3.2,31.4,94.3,163.0,estimado_anual
1972,Guánica,15769.0,73.2,2080.0,24.0,3.4,31.8,94.3,167.2,estimado_anual
1973,Guánica,16161.0,72.8,2320.0,24.0,3.6,32.2,94.3,171.4,estimado_anual
1974,Guánica,16549.0,72.4,2560.0,24.0,3.8,32.6,94.3,175.5,estimado_anual
1975,Guánica,16943.0,72.0,2800.0,24.0,4.0,33.0,94.3,179.7,estimado_anual
1976,Guánica,17333.0,71.6,3040.0,24.0,4.2,33.4,94.3,183.8,estimado_anual
1977,Guánica,17725.0,71.2,3280.0,24.0,4.4,33.8,94.3,188.0,estimado_anual
1978,Guánica,18112.0,70.8,3520.0,24.0,4.6,34.2,94.3,192.1,estimado_anual
1979,Guánica,18503.0,70.4,3760.0,24.0,4.8,34.6,94.3,196.2,estimado_anual
1980,Guánica,18816.0,70.0,4000.0,24.0,5.0,35.0,94.3,199.5,censo_decenal
1981,Guánica,18888.0,69.7,4310.0,23.8,5.3,35.3,94.3,200.3,estimado_anual
1982,Guánica,18976.0,69.4,4620.0,23.6,5.6,35.6,94.3,201.2,estimado_anual
1983,Guánica,19068.0,69.1,4930.0,23.4,5.9,35.9,94.3,202.2,estimado_anual
1984,Guánica,19172.0,68.8,5240.0,23.2,6.2,36.2,94.3,203.3,estimado_anual
1985,Guánica,19289.0,68.5,5550.0,23.0,6.5,36.5,94.3,204.5,estimado_anual
1986,Guánica,19412.0,68.2,5860.0,22.8,6.8,36.8,94.3,205.9,estimado_anual
1987,Guánica,19552.0,67.9,6170.0,22.6,7.1,37.1,94.3,207.3,estimado_anual
1988,Guánica,19696.0,67.6,6480.0,22.4,7.4,37.4,94.3,208.9,estimado_anual
1989,Guánica,19856.0,67.3,6790.0,22.2,7.7,37.7,94.3,210.6,estimado_anual
1990,Guánica,20020.0,67.0,7100.0,22.0,8.0,38.0,94.3,212.3,censo_decenal
1991,Guánica,20172.0,66.7,7540.0,21.8,8.2,38.4,94.3,213.9,estimado_anual
1992,Guánica,20328.0,66.4,7980.0,21.6,8.4,38.8,94.3,215.6,estimado_anual
1993,Guánica,20498.0,66.1,8420.0,21.4,8.6,39.2,94.3,217.4,estimado_anual
1994,Guánica,20676.0,65.8,8860.0,21.2,8.8,39.6,94.3,219.3,estimado_anual
1995,Guánica,20860.0,65.5,9300.0,21.0,9.0,40.0,94.3,221.2,estimado_anual
1996,Guánica,21060.0,65.2,9740.0,20.8,9.2,40.4,94.3,223.3,estimado_anual
1997,Guánica,21262.0,64.9,10180.0,20.6,9.4,40.8,94.3,225.5,estimado_anual
1998,Guánica,21482.0,64.6,10620.0,20.4,9.6,41.2,94.3,227.8,estimado_anual
1999,Guánica,21711.0,64.3,11060.0,20.2,9.8,41.6,94.3,230.2,estimado_anual
2000,Guánica,21862.0,64.0,11500.0,20.0,10.0,42.0,94.3,231.8,censo_decenal
2001,Guánica,21719.0,62.0,11530.0,20.1,10.1,42.1,94.3,230.3,estimado_anual
2002,Guánica,21538.0,60.0,11560.0,20.2,10.2,42.2,94.3,228.4,estimado_anual
2003,Guánica,21348.0,58.0,11590.0,20.3,10.3,42.3,94.3,226.4,estimado_anual
2004,Guánica,21145.0,56.0,11620.0,20.4,10.4,42.4,94.3,224.2,estimado_anual
2005,Guánica,20914.0,54.0,11650.0,20.5,10.5,42.5,94.3,221.8,estimado_anual
2006,Guánica,20623.0,52.0,11680.0,20.6,10.6,42.6,94.3,218.7,estimado_anual
2007,Guánica,20290.0,50.0,11710.0,20.7,10.7,42.7,94.3,215.2,estimado_anual
2008,Guánica,19974.0,48.0,11740.0,20.8,10.8,42.8,94.3,211.8,estimado_anual
2009,Guánica,19653.0,46.0,11770.0,20.9,10.9,42.9,94.3,208.4,estimado_anual
2010,Guánica,19343.0,44.0,11800.0,21.0,11.0,43.0,94.3,205.1,censo_decenal
2011,Guánica,18808.0,44.2,11807.6,21.1,11.0,43.3,94.3,199.4,estimado_anual
2012,Guánica,18323.0,44.4,11815.2,21.2,11.0,43.6,94.3,194.3,estimado_anual
2013,Guánica,17808.0,44.6,11822.8,21.3,11.0,43.9,94.3,188.8,estimado_anual
2014,Guánica,17241.0,44.8,11830.4,21.4,11.0,44.2,94.3,182.8,estimado_anual
2015,Guánica,16660.0,45.0,11838.0,21.5,11.0,44.5,94.3,176.7,estimado_anual
2016,Guánica,16024.0,45.2,11845.6,21.6,11.0,44.8,94.3,169.9,estimado_anual
2017,Guánica,15372.0,45.4,11853.2,21.7,11.0,45.1,94.3,163.0,estimado_anual
2018,Guánica,14427.0,45.6,11860.8,21.8,11.0,45.4,94.3,153.0,estimado_anual
2019,Guánica,14129.0,45.8,11868.4,21.9,11.0,45.7,94.3,149.8,estimado_anual
2020,Guánica,13701.0,46.0,11876.0,22.0,11.0,46.0,94.3,145.3,censo_decenal
2021,Guánica,13312.0,46.2,11883.6,22.1,11.0,46.3,94.3,141.2,estimado_anual
2022,Guánica,12853.0,46.4,11891.2,22.2,11.0,46.6,94.3,136.3,estimado_anual
2023,Guánica,12481.0,46.6,11898.8,22.3,11.0,46.9,94.3,132.4,estimado_anual
2024,Guánica,12196.0,46.8,11906.4,22.4,11.0,47.2,94.3,129.3,estimado_anual
2025,Guánica,11840.0,47.0,11914.0,22.5,11.0,47.5,94.3,125.6,estimado_anual
1950,Guayama,32832.0,,,,,,168.3,195.1,estimado_poblacion
1951,Guayama,32916.0,,,,,,168.3,195.6,estimado_poblacion
1952,Guayama,33004.0,,,,,,168.3,196.1,estimado_poblacion
1953,Guayama,33090.0,,,,,,168.3,196.6,estimado_poblacion
1954,Guayama,33177.0,,,,,,168.3,197.1,estimado_poblacion
1955,Guayama,33264.0,,,,,,168.3,197.6,estimado_poblacion
1956,Guayama,33352.0,,,,,,168.3,198.2,estimado_poblacion
1957,Guayama,33438.0,,,,,,168.3,198.7,estimado_poblacion
1958,Guayama,33524.0,,,,,,168.3,199.2,estimado_poblacion
1959,Guayama,33612.0,,,,,,168.3,199.7,estimado_poblacion
1960,Guayama,33740.0,,,,,,168.3,200.5,estimado_poblacion
1961,Guayama,33997.0,,,,,,168.3,202.0,estimado_poblacion
1962,Guayama,34252.0,,,,,,168.3,203.5,estimado_poblacion
1963,Guayama,34513.0,,,,,,168.3,205.1,estimado_poblacion
1964,Guayama,34770.0,,,,,,168.3,206.6,estimado_poblacion
1965,Guayama,35025.0,,,,,,168.3,208.1,estimado_poblacion
1966,Guayama,35282.0,,,,,,168.3,209.6,estimado_poblacion
1967,Guayama,35541.0,,,,,,168.3,211.2,estimado_poblacion
1968,Guayama,35801.0,,,,,,168.3,212.7,estimado_poblacion
1969,Guayama,36057.0,,,,,,168.3,214.2,estimado_poblacion
1970,Guayama,36347.0,67.0,2000.0,19.0,5.0,28.0,168.3,216.0,censo_decenal
1971,Guayama,36738.0,66.5,2300.0,19.0,5.4,28.3,168.3,218.3,estimado_anual
1972,Guayama,37137.0,66.0,2600.0,19.0,5.8,28.6,168.3,220.7,estimado_anual
1973,Guayama,37524.0,65.5,2900.0,19.0,6.2,28.9,168.3,223.0,estimado_anual
1974,Guayama,37920.0,65.0,3200.0,19.0,6.6,29.2,168.3,225.3,estimado_anual
1975,Guayama,38313.0,64.5,3500.0,19.0,7.0,29.5,168.3,227.6,estimado_anual
1976,Guayama,38706.0,64.0,3800.0,19.0,7.4,29.8,168.3,230.0,estimado_anual
1977,Guayama,39101.0,63.5,4100.0,19.0,7.8,30.1,168.3,232.3,estimado_anual
1978,Guayama,39495.0,63.0,4400.0,19.0,8.2,30.4,168.3,234.7,estimado_anual
1979,Guayama,39887.0,62.5,4700.0,19.0,8.6,30.7,168.3,237.0,estimado_anual
1980,Guayama,40205.0,62.0,5000.0,19.0,9.0,31.0,168.3,238.9,censo_decenal
1981,Guayama,40290.0,61.6,5390.0,18.8,9.3,31.3,168.3,239.4,estimado_anual
1982,Guayama,40392.0,61.2,5780.0,18.6,9.6,31.6,168.3,240.0,estimado_anual
1983,Guayama,40504.0,60.8,6170.0,18.4,9.9,31.9,168.3,240.7,estimado_anual
1984,Guayama,40627.0,60.4,6560.0,18.2,10.2,32.2,168.3,241.4,estimado_anual
1985,Guayama,40764.0,60.0,6950.0,18.0,10.5,32.5,168.3,242.2,estimado_anual
1986,Guayama,40912.0,59.6,7340.0,17.8,10.8,32.8,168.3,243.1,estimado_anual
1987,Guayama,41074.0,59.2,7730.0,17.6,11.1,33.1,168.3,244.1,estimado_anual
1988,Guayama,41247.0,58.8,8120.0,17.4,11.4,33.4,168.3,245.1,estimado_anual
1989,Guayama,41438.0,58.4,8510.0,17.2,11.7,33.7,168.3,246.2,estimado_anual
1990,Guayama,41642.0,58.0,8900.0,17.0,12.0,34.0,168.3,247.4,censo_decenal
1991,Guayama,41863.0,57.7,9560.0,16.8,12.3,34.4,168.3,248.7,estimado_anual
1992,Guayama,42095.0,57.4,10220.0,16.6,12.6,34.8,168.3,250.1,estimado_anual
1993,Guayama,42337.0,57.1,10880.0,16.4,12.9,35.2,168.3,251.6,estimado_anual
1994,Guayama,42590.0,56.8,11540.0,16.2,13.2,35.6,168.3,253.1,estimado_anual
1995,Guayama,42860.0,56.5,12200.0,16.0,13.5,36.0,168.3,254.7,estimado_anual
1996,Guayama,43139.0,56.2,12860.0,15.8,13.8,36.4,168.3,256.3,estimado_anual
1997,Guayama,43427.0,55.9,13520.0,15.6,14.1,36.8,168.3,258.0,estimado_anual
1998,Guayama,43736.0,55.6,14180.0,15.4,14.4,37.2,168.3,259.9,estimado_anual
1999,Guayama,44054.0,55.3,14840.0,15.2,14.7,37.6,168.3,261.8,estimado_anual
2000,Guayama,44368.0,55.0,15500.0,15.0,15.0,38.0,168.3,263.6,censo_decenal
2001,Guayama,44643.0,53.4,15540.0,15.1,15.2,38.1,168.3,265.3,estimado_anual
2002,Guayama,44906.0,51.8,15580.0,15.2,15.4,38.2,168.3,266.8,estimado_anual
2003,Guayama,45168.0,50.2,15620.0,15.3,15.6,38.3,168.3,268.4,estimado_anual
2004,Guayama,45391.0,48.6,15660.0,15.4,15.8,38.4,168.3,269.7,estimado_anual
2005,Guayama,45501.0,47.0,15700.0,15.5,16.0,38.5,168.3,270.4,estimado_anual
2006,Guayama,45524.0,45.4,15740.0,15.6,16.2,38.6,168.3,270.5,estimado_anual
2007,Guayama,45485.0,43.8,15780.0,15.7,16.4,38.7,168.3,270.3,estimado_anual
2008,Guayama,45394.0,42.2,15820.0,15.8,16.6,38.8,168.3,269.7,estimado_anual
2009,Guayama,45365.0,40.6,15860.0,15.9,16.8,38.9,168.3,269.5,estimado_anual
2010,Guayama,45212.0,39.0,15900.0,16.0,17.0,39.0,168.3,268.6,censo_decenal
2011,Guayama,44109.0,39.1,15908.7,16.0,17.1,39.1,168.3,262.1,estimado_anual
2012,Guayama,43671.0,39.2,15917.4,16.0,17.2,39.2,168.3,259.5,estimado_anual
2013,Guayama,43053.0,39.3,15926.1,16.0,17.3,39.3,168.3,255.8,estimado_anual
2014,Guayama,42176.0,39.4,15934.8,16.0,17.4,39.4,168.3,250.6,estimado_anual
2015,Guayama,41289.0,39.5,15943.5,16.0,17.5,39.5,168.3,245.3,estimado_anual
2016,Guayama,40356.0,39.6,15952.2,16.0,17.6,39.6,168.3,239.8,estimado_anual
2017,Guayama,39225.0,39.7,15960.9,16.0,17.7,39.7,168.3,233.1,estimado_anual
2018,Guayama,37170.0,39.8,15969.6,16.0,17.8,39.8,168.3,220.9,estimado_anual
2019,Guayama,37073.0,39.9,15978.3,16.0,17.9,39.9,168.3,220.3,estimado_anual
2020,Guayama,36486.0,40.0,15987.0,16.0,18.0,40.0,168.3,216.8,censo_decenal
2021,Guayama,35652.0,40.1,15995.7,16.0,18.1,40.1,168.3,211.8,estimado_anual
2022,Guayama,35317.0,40.2,16004.4,16.0,18.2,40.2,168.3,209.8,estimado_anual
2023,Guayama,34838.0,40.3,16013.1,16.0,18.3,40.3,168.3,207.0,estimado_anual
2024,Guayama,34496.0,40.4,16021.8,16.0,18.4,40.4,168.3,205.0,estimado_anual
2025,Guayama,34043.0,40.5,16030.5,16.0,18.5,40.5,168.3,202.3,estimado_anual
1950,Guayanilla,17402.0,,,,,,91.3,190.6,estimado_poblacion
1951,Guayanilla,17400.0,,,,,,91.3,190.6,estimado_poblacion
1952,Guayanilla,17401.0,,,,,,91.3,190.6,estimado_poblacion
1953,Guayanilla,17399.0,,,,,,91.3,190.6,estimado_poblacion
1954,Guayanilla,17397.0,,,,,,91.3,190.5,estimado_poblacion
1955,Guayanilla,17396.0,,,,,,91.3,190.5,estimado_poblacion
1956,Guayanilla,17399.0,,,,,,91.3,190.6,estimado_poblacion
1957,Guayanilla,17399.0,,,,,,91.3,190.6,estimado_poblacion
1958,Guayanilla,17398.0,,,,,,91.3,190.6,estimado_poblacion
1959,Guayanilla,17397.0,,,,,,91.3,190.5,estimado_poblacion
1960,Guayanilla,17413.0,,,,,,91.3,190.7,estimado_poblacion
1961,Guayanilla,17489.0,,,,,,91.3,191.6,estimado_poblacion
1962,Guayanilla,17564.0,,,,,,91.3,192.4,estimado_poblacion
1963,Guayanilla,17638.0,,,,,,91.3,193.2,estimado_poblacion
1964,Guayanilla,17713.0,,,,,,91.3,194.0,estimado_poblacion
1965,Guayanilla,17786.0,,,,,,91.3,194.8,estimado_poblacion
1966,Guayanilla,17865.0,,,,,,91.3,195.7,estimado_poblacion
1967,Guayanilla,17939.0,,,,,,91.3,196.5,estimado_poblacion
1968,Guayanilla,18015.0,,,,,,91.3,197.3,estimado_poblacion
1969,Guayanilla,18089.0,,,,,,91.3,198.1,estimado_poblacion
1970,Guayanilla,18215.0,75.0,1600.0,25.0,3.0,30.0,91.3,199.5,censo_decenal
1971,Guayanilla,18504.0,74.6,1830.0,25.0,3.2,30.4,91.3,202.7,estimado_anual
1972,Guayanilla,18800.0,74.2,2060.0,25.0,3.4,30.8,91.3,205.9,estimado_anual
1973,Guayanilla,19087.0,73.8,2290.0,25.0,3.6,31.2,91.3,209.1,estimado_anual
1974,Guayanilla,19377.0,73.4,2520.0,25.0,3.8,31.6,91.3,212.2,estimado_anual
1975,Guayanilla,19668.0,73.0,2750.0,25.0,4.0,32.0,91.3,215.4,estimado_anual
1976,Guayanilla,19959.0,72.6,2980.0,25.0,4.2,32.4,91.3,218.6,estimado_anual
1977,Guayanilla,20253.0,72.2,3210.0,25.0,4.4,32.8,91.3,221.8,estimado_anual
1978,Guayanilla,20541.0,71.8,3440.0,25.0,4.6,33.2,91.3,225.0,estimado_anual
1979,Guayanilla,20829.0,71.4,3670.0,25.0,4.8,33.6,91.3,228.1,estimado_anual
1980,Guayanilla,21056.0,71.0,3900.0,25.0,5.0,34.0,91.3,230.6,censo_decenal
1981,Guayanilla,21086.0,70.6,4200.0,24.8,5.3,34.4,91.3,231.0,estimado_anual
1982,Guayanilla,21115.0,70.2,4500.0,24.6,5.6,34.8,91.3,231.3,estimado_anual
1983,Guayanilla,21153.0,69.8,4800.0,24.4,5.9,35.2,91.3,231.7,estimado_anual
1984,Guayanilla,21201.0,69.4,5100.0,24.2,6.2,35.6,91.3,232.2,estimado_anual
1985,Guayanilla,21252.0,69.0,5400.0,24.0,6.5,36.0,91.3,232.8,estimado_anual
1986,Guayanilla,21307.0,68.6,5700.0,23.8,6.8,36.4,91.3,233.4,estimado_anual
1987,Guayanilla,21370.0,68.2,6000.0,23.6,7.1,36.8,91.3,234.1,estimado_anual
1988,Guayanilla,21443.0,67.8,6300.0,23.4,7.4,37.2,91.3,234.9,estimado_anual
1989,Guayanilla,21517.0,67.4,6600.0,23.2,7.7,37.6,91.3,235.7,estimado_anual
1990,Guayanilla,21609.0,67.0,6900.0,23.0,8.0,38.0,91.3,236.7,censo_decenal
1991,Guayanilla,21725.0,66.8,7330.0,22.7,8.2,38.4,91.3,238.0,estimado_anual
1992,Guayanilla,21848.0,66.6,7760.0,22.4,8.4,38.8,91.3,239.3,estimado_anual
1993,Guayanilla,21980.0,66.4,8190.0,22.1,8.6,39.2,91.3,240.7,estimado_anual
1994,Guayanilla,22119.0,66.2,8620.0,21.8,8.8,39.6,91.3,242.3,estimado_anual
1995,Guayanilla,22267.0,66.0,9050.0,21.5,9.0,40.0,91.3,243.9,estimado_anual
1996,Guayanilla,22419.0,65.8,9480.0,21.2,9.2,40.4,91.3,245.6,estimado_anual
1997,Guayanilla,22582.0,65.6,9910.0,20.9,9.4,40.8,91.3,247.3,estimado_anual
1998,Guayanilla,22753.0,65.4,10340.0,20.6,9.6,41.2,91.3,249.2,estimado_anual
1999,Guayanilla,22933.0,65.2,10770.0,20.3,9.8,41.6,91.3,251.2,estimado_anual
2000,Guayanilla,23063.0,65.0,11200.0,20.0,10.0,42.0,91.3,252.6,censo_decenal
2001,Guayanilla,23021.0,62.8,11230.0,20.1,10.2,42.1,91.3,252.1,estimado_anual
2002,Guayanilla,22945.0,60.6,11260.0,20.2,10.4,42.2,91.3,251.3,estimado_anual
2003,Guayanilla,22863.0,58.4,11290.0,20.3,10.6,42.3,91.3,250.4,estimado_anual
2004,Guayanilla,22790.0,56.2,11320.0,20.4,10.8,42.4,91.3,249.6,estimado_anual
2005,Guayanilla,22641.0,54.0,11350.0,20.5,11.0,42.5,91.3,248.0,estimado_anual
2006,Guayanilla,22441.0,51.8,11380.0,20.6,11.2,42.6,91.3,245.8,estimado_anual
2007,Guayanilla,22211.0,49.6,11410.0,20.7,11.4,42.7,91.3,243.3,estimado_anual
2008,Guayanilla,21975.0,47.4,11440.0,20.8,11.6,42.8,91.3,240.7,estimado_anual
2009,Guayanilla,21742.0,45.2,11470.0,20.9,11.8,42.9,91.3,238.1,estimado_anual
2010,Guayanilla,21532.0,43.0,11500.0,21.0,12.0,43.0,91.3,235.8,censo_decenal
2011,Guayanilla,21228.0,43.2,11504.3,21.1,12.1,43.2,91.3,232.5,estimado_anual
2012,Guayanilla,20911.0,43.4,11508.6,21.2,12.2,43.4,91.3,229.0,estimado_anual
2013,Guayanilla,20626.0,43.6,11512.9,21.3,12.3,43.6,91.3,225.9,estimado_anual
2014,Guayanilla,20217.0,43.8,11517.2,21.4,12.4,43.8,91.3,221.4,estimado_anual
2015,Guayanilla,19774.0,44.0,11521.5,21.5,12.5,44.0,91.3,216.6,estimado_anual
2016,Guayanilla,19346.0,44.2,11525.8,21.6,12.6,44.2,91.3,211.9,estimado_anual
2017,Guayanilla,18798.0,44.4,11530.1,21.7,12.7,44.4,91.3,205.9,estimado_anual
2018,Guayanilla,18022.0,44.6,11534.4,21.8,12.8,44.6,91.3,197.4,estimado_anual
2019,Guayanilla,17965.0,44.8,11538.7,21.9,12.9,44.8,91.3,196.8,estimado_anual
2020,Guayanilla,17728.0,45.0,11543.0,22.0,13.0,45.0,91.3,194.2,censo_decenal
2021,Guayanilla,17504.0,45.2,11547.3,22.1,13.1,45.2,91.3,191.7,estimado_anual
2022,Guayanilla,17113.0,45.4,11551.6,22.2,13.2,45.4,91.3,187.4,estimado_anual
2023,Guayanilla,16879.0,45.6,11555.9,22.3,13.3,45.6,91.3,184.9,estimado_anual
2024,Guayanilla,16717.0,45.8,11560.2,22.4,13.4,45.8,91.3,183.1,estimado_anual
2025,Guayanilla,16489.0,46.0,11564.5,22.5,13.5,46.0,91.3,180.6,estimado_anual
1950,Guaynabo,29384.0,,,,,,71.5,411.0,estimado_poblacion
1951,Guaynabo,30439.0,,,,,,71.5,425.7,estimado_poblacion
1952,Guaynabo,31505.0,,,,,,71.5,440.6,estimado_poblacion
1953,Guaynabo,32567.0,,,,,,71.5,455.5,estimado_poblacion
1954,Guaynabo,33624.0,,,,,,71.5,470.3,estimado_poblacion
1955,Guaynabo,34680.0,,,,,,71.5,485.0,estimado_poblacion
1956,Guaynabo,35738.0,,,,,,71.5,499.8,estimado_poblacion
1957,Guaynabo,36801.0,,,,,,71.5,514.7,estimado_poblacion
1958,Guaynabo,37865.0,,,,,,71.5,529.6,estimado_poblacion
1959,Guaynabo,38918.0,,,,,,71.5,544.3,estimado_poblacion
1960,Guaynabo,40398.0,,,,,,71.5,565.0,estimado_poblacion
1961,Guaynabo,43130.0,,,,,,71.5,603.2,estimado_poblacion
1962,Guaynabo,45863.0,,,,,,71.5,641.4,estimado_poblacion
1963,Guaynabo,48590.0,,,,,,71.5,679.6,estimado_poblacion
1964,Guaynabo,51330.0,,,,,,71.5,717.9,estimado_poblacion
1965,Guaynabo,54060.0,,,,,,71.5,756.1,estimado_poblacion
1966,Guaynabo,56794.0,,,,,,71.5,794.3,estimado_poblacion
1967,Guaynabo,59523.0,,,,,,71.5,832.5,estimado_poblacion
1968,Guaynabo,62261.0,,,,,,71.5,870.8,estimado_poblacion
1969,Guaynabo,64995.0,,,,,,71.5,909.0,estimado_poblacion
1970,Guaynabo,67385.0,45.0,3600.0,10.0,15.0,27.0,71.5,942.4,censo_decenal
1971,Guaynabo,68753.0,44.4,4140.0,9.9,16.2,27.3,71.5,961.6,estimado_anual
1972,Guaynabo,70124.0,43.8,4680.0,9.8,17.4,27.6,71.5,980.8,estimado_anual
1973,Guaynabo,71498.0,43.2,5220.0,9.7,18.6,27.9,71.5,1000.0,estimado_anual
1974,Guaynabo,72860.0,42.6,5760.0,9.6,19.8,28.2,71.5,1019.0,estimado_anual
1975,Guaynabo,74233.0,42.0,6300.0,9.5,21.0,28.5,71.5,1038.2,estimado_anual
1976,Guaynabo,75603.0,41.4,6840.0,9.4,22.2,28.8,71.5,1057.4,estimado_anual
1977,Guaynabo,76973.0,40.8,7380.0,9.3,23.4,29.1,71.5,1076.5,estimado_anual
1978,Guaynabo,78343.0,40.2,7920.0,9.2,24.6,29.4,71.5,1095.7,estimado_anual
1979,Guaynabo,79712.0,39.6,8460.0,9.1,25.8,29.7,71.5,1114.9,estimado_anual
1980,Guaynabo,80996.0,39.0,9000.0,9.0,27.0,30.0,71.5,1132.8,censo_decenal
1981,Guaynabo,82033.0,38.5,9600.0,8.8,28.0,30.3,71.5,1147.3,estimado_anual
1982,Guaynabo,83107.0,38.0,10200.0,8.6,29.0,30.6,71.5,1162.3,estimado_anual
1983,Guaynabo,84221.0,37.5,10800.0,8.4,30.0,30.9,71.5,1177.9,estimado_anual
1984,Guaynabo,85377.0,37.0,11400.0,8.2,31.0,31.2,71.5,1194.1,estimado_anual
1985,Guaynabo,86576.0,36.5,12000.0,8.0,32.0,31.5,71.5,1210.9,estimado_anual
1986,Guaynabo,87818.0,36.0,12600.0,7.8,33.0,31.8,71.5,1228.2,estimado_anual
1987,Guaynabo,89100.0,35.5,13200.0,7.6,34.0,32.1,71.5,1246.2,estimado_anual
1988,Guaynabo,90432.0,35.0,13800.0,7.4,35.0,32.4,71.5,1264.8,estimado_anual
1989,Guaynabo,91816.0,34.5,14400.0,7.2,36.0,32.7,71.5,1284.1,estimado_anual
1990,Guaynabo,93033.0,34.0,15000.0,7.0,37.0,33.0,71.5,1301.2,censo_decenal
1991,Guaynabo,93630.0,33.8,17600.0,7.0,37.7,33.6,71.5,1309.5,estimado_anual
1992,Guaynabo,94253.0,33.6,20200.0,7.0,38.4,34.2,71.5,1318.2,estimado_anual
1993,Guaynabo,94903.0,33.4,22800.0,7.0,39.1,34.8,71.5,1327.3,estimado_anual
1994,Guaynabo,95583.0,33.2,25400.0,7.0,39.8,35.4,71.5,1336.8,estimado_anual
1995,Guaynabo,96289.0,33.0,28000.0,7.0,40.5,36.0,71.5,1346.7,estimado_anual
1996,Guaynabo,97022.0,32.8,30600.0,7.0,41.2,36.6,71.5,1357.0,estimado_anual
1997,Guaynabo,97790.0,32.6,33200.0,7.0,41.9,37.2,71.5,1367.7,estimado_anual
1998,Guaynabo,98582.0,32.4,35800.0,7.0,42.6,37.8,71.5,1378.8,estimado_anual
1999,Guaynabo,99413.0,32.2,38400.0,7.0,43.3,38.4,71.5,1390.4,estimado_anual
2000,Guaynabo,100217.0,32.0,41000.0,7.0,44.0,39.0,71.5,1401.6,censo_decenal
2001,Guaynabo,100359.0,32.8,41080.0,7.0,44.4,39.2,71.5,1403.6,estimado_anual
2002,Guaynabo,100455.0,33.6,41160.0,7.0,44.8,39.4,71.5,1405.0,estimado_anual
2003,Guaynabo,100516.0,34.4,41240.0,7.0,45.2,39.6,71.5,1405.8,estimado_anual
2004,Guaynabo,100513.0,35.2,41320.0,7.0,45.6,39.8,71.5,1405.8,estimado_anual
2005,Guaynabo,100362.0,36.0,41400.0,7.0,46.0,40.0,71.5,1403.7,estimado_anual
2006,Guaynabo,99952.0,36.8,41480.0,7.0,46.4,40.2,71.5,1397.9,estimado_anual
2007,Guaynabo,99422.0,37.6,41560.0,7.0,46.8,40.4,71.5,1390.5,estimado_anual
2008,Guaynabo,98834.0,38.4,41640.0,7.0,47.2,40.6,71.5,1382.3,estimado_anual
2009,Guaynabo,98303.0,39.2,41720.0,7.0,47.6,40.8,71.5,1374.9,estimado_anual
2010,Guaynabo,97959.0,40.0,41800.0,7.0,48.0,41.0,71.5,1370.1,censo_decenal
2011,Guaynabo,97454.0,40.3,41857.8,7.0,48.1,41.2,71.5,1363.0,estimado_anual
2012,Guaynabo,96810.0,40.6,41915.6,7.0,48.2,41.4,71.5,1354.0,estimado_anual
2013,Guaynabo,96304.0,40.9,41973.4,7.0,48.3,41.6,71.5,1346.9,estimado_anual
2014,Guaynabo,95270.0,41.2,42031.2,7.0,48.4,41.8,71.5,1332.4,estimado_anual
2015,Guaynabo,94402.0,41.5,42089.0,7.0,48.5,42.0,71.5,1320.3,estimado_anual
2016,Guaynabo,93376.0,41.8,42146.8,7.0,48.6,42.2,71.5,1306.0,estimado_anual
2017,Guaynabo,91928.0,42.1,42204.6,7.0,48.7,42.4,71.5,1285.7,estimado_anual
2018,Guaynabo,89287.0,42.4,42262.4,7.0,48.8,42.6,71.5,1248.8,estimado_anual
2019,Guaynabo,89920.0,42.7,42320.2,7.0,48.9,42.8,71.5,1257.6,estimado_anual
2020,Guaynabo,89748.0,43.0,42378.0,7.0,49.0,43.0,71.5,1255.2,censo_decenal
2021,Guaynabo,89650.0,43.3,42435.8,7.0,49.1,43.2,71.5,1253.8,estimado_anual
2022,Guaynabo,88854.0,43.6,42493.6,7.0,49.2,43.4,71.5,1242.7,estimado_anual
2023,Guaynabo,88779.0,43.9,42551.4,7.0,49.3,43.6,71.5,1241.7,estimado_anual
2024,Guaynabo,89136.0,44.2,42609.2,7.0,49.4,43.8,71.5,1246.7,estimado_anual
2025,Guaynabo,89055.0,44.5,42667.0,7.0,49.5,44.0,71.5,1245.5,estimado_anual
1950,Gurabo,16399.0,,,,,,73.7,222.5,estimado_poblacion
1951,Gurabo,16418.0,,,,,,73.7,222.8,estimado_poblacion
1952,Gurabo,16442.0,,,,,,73.7,223.1,estimado_poblacion
1953,Gurabo,16461.0,,,,,,73.7,223.4,estimado_poblacion
1954,Gurabo,16484.0,,,,,,73.7,223.7,estimado_poblacion
1955,Gurabo,16503.0,,,,,,73.7,223.9,estimado_poblacion
1956,Gurabo,16525.0,,,,,,73.7,224.2,estimado_poblacion
1957,Gurabo,16544.0,,,,,,73.7,224.5,estimado_poblacion
1958,Gurabo,16567.0,,,,,,73.7,224.8,estimado_poblacion
1959,Gurabo,16587.0,,,,,,73.7,225.1,estimado_poblacion
1960,Gurabo,16647.0,,,,,,73.7,225.9,estimado_poblacion
1961,Gurabo,16810.0,,,,,,73.7,228.1,estimado_poblacion
1962,Gurabo,16983.0,,,,,,73.7,230.4,estimado_poblacion
1963,Gurabo,17151.0,,,,,,73.7,232.7,estimado_poblacion
1964,Gurabo,17320.0,,,,,,73.7,235.0,estimado_poblacion
1965,Gurabo,17489.0,,,,,,73.7,237.3,estimado_poblacion
1966,Gurabo,17655.0,,,,,,73.7,239.6,estimado_poblacion
1967,Gurabo,17824.0,,,,,,73.7,241.8,estimado_poblacion
1968,Gurabo,17994.0,,,,,,73.7,244.2,estimado_poblacion
1969,Gurabo,18162.0,,,,,,73.7,246.4,estimado_poblacion
1970,Gurabo,18422.0,55.0,2800.0,14.0,8.0,27.0,73.7,250.0,censo_decenal
1971,Gurabo,18944.0,54.4,3220.0,13.9,8.7,27.3,73.7,257.0,estimado_anual
1972,Gurabo,19479.0,53.8,3640.0,13.8,9.4,27.6,73.7,264.3,estimado_anual
1973,Gurabo,20005.0,53.2,4060.0,13.7,10.1,27.9,73.7,271.4,estimado_anual
1974,Gurabo,20532.0,52.6,4480.0,13.6,10.8,28.2,73.7,278.6,estimado_anual
1975,Gurabo,21061.0,52.0,4900.0,13.5,11.5,28.5,73.7,285.8,estimado_anual
1976,Gurabo,21589.0,51.4,5320.0,13.4,12.2,28.8,73.7,292.9,estimado_anual
1977,Gurabo,22123.0,50.8,5740.0,13.3,12.9,29.1,73.7,300.2,estimado_anual
1978,Gurabo,22648.0,50.2,6160.0,13.2,13.6,29.4,73.7,307.3,estimado_anual
1979,Gurabo,23176.0,49.6,6580.0,13.1,14.3,29.7,73.7,314.5,estimado_anual
1980,Gurabo,23686.0,49.0,7000.0,13.0,15.0,30.0,73.7,321.4,censo_decenal
1981,Gurabo,24137.0,48.5,7480.0,12.8,15.5,30.3,73.7,327.5,estimado_anual
1982,Gurabo,24604.0,48.0,7960.0,12.6,16.0,30.6,73.7,333.8,estimado_anual
1983,Gurabo,25083.0,47.5,8440.0,12.4,16.5,30.9,73.7,340.3,estimado_anual
1984,Gurabo,25579.0,47.0,8920.0,12.2,17.0,31.2,73.7,347.1,estimado_anual
1985,Gurabo,26088.0,46.5,9400.0,12.0,17.5,31.5,73.7,354.0,estimado_anual
1986,Gurabo,26613.0,46.0,9880.0,11.8,18.0,31.8,73.7,361.1,estimado_anual
1987,Gurabo,27156.0,45.5,10360.0,11.6,18.5,32.1,73.7,368.5,estimado_anual
1988,Gurabo,27716.0,45.0,10840.0,11.4,19.0,32.4,73.7,376.1,estimado_anual
1989,Gurabo,28293.0,44.5,11320.0,11.2,19.5,32.7,73.7,383.9,estimado_anual
1990,Gurabo,28910.0,44.0,11800.0,11.0,20.0,33.0,73.7,392.3,censo_decenal
1991,Gurabo,29607.0,43.8,13580.0,10.8,20.7,33.4,73.7,401.7,estimado_anual
1992,Gurabo,30329.0,43.6,15360.0,10.6,21.4,33.8,73.7,411.5,estimado_anual
1993,Gurabo,31073.0,43.4,17140.0,10.4,22.1,34.2,73.7,421.6,estimado_anual
1994,Gurabo,31838.0,43.2,18920.0,10.2,22.8,34.6,73.7,432.0,estimado_anual
1995,Gurabo,32631.0,43.0,20700.0,10.0,23.5,35.0,73.7,442.8,estimado_anual
1996,Gurabo,33443.0,42.8,22480.0,9.8,24.2,35.4,73.7,453.8,estimado_anual
1997,Gurabo,34287.0,42.6,24260.0,9.6,24.9,35.8,73.7,465.2,estimado_anual
1998,Gurabo,35155.0,42.4,26040.0,9.4,25.6,36.2,73.7,477.0,estimado_anual
1999,Gurabo,36052.0,42.2,27820.0,9.2,26.3,36.6,73.7,489.2,estimado_anual
2000,Gurabo,36998.0,42.0,29600.0,9.0,27.0,37.0,73.7,502.0,censo_decenal
2001,Gurabo,38016.0,41.5,29670.0,9.0,27.3,37.2,73.7,515.8,estimado_anual
2002,Gurabo,39028.0,41.0,29740.0,9.0,27.6,37.4,73.7,529.6,estimado_anual
2003,Gurabo,40017.0,40.5,29810.0,9.0,27.9,37.6,73.7,543.0,estimado_anual
2004,Gurabo,40982.0,40.0,29880.0,9.0,28.2,37.8,73.7,556.1,estimado_anual
2005,Gurabo,41907.0,39.5,29950.0,9.0,28.5,38.0,73.7,568.6,estimado_anual
2006,Gurabo,42697.0,39.0,30020.0,9.0,28.8,38.2,73.7,579.3,estimado_anual
2007,Gurabo,43406.0,38.5,30090.0,9.0,29.1,38.4,73.7,589.0,estimado_anual
2008,Gurabo,44123.0,38.0,30160.0,9.0,29.4,38.6,73.7,598.7,estimado_anual
2009,Gurabo,44832.0,37.5,30230.0,9.0,29.7,38.8,73.7,608.3,estimado_anual
2010,Gurabo,45393.0,37.0,30300.0,9.0,30.0,39.0,73.7,615.9,censo_decenal
2011,Gurabo,45200.0,37.1,30321.2,9.0,30.1,38.9,73.7,613.3,estimado_anual
2012,Gurabo,44938.0,37.2,30342.4,9.0,30.2,38.8,73.7,609.7,estimado_anual
2013,Gurabo,44689.0,37.3,30363.6,9.0,30.3,38.7,73.7,606.4,estimado_anual
2014,Gurabo,44176.0,37.4,30384.8,9.0,30.4,38.6,73.7,599.4,estimado_anual
2015,Gurabo,43644.0,37.5,30406.0,9.0,30.5,38.5,73.7,592.2,estimado_anual
2016,Gurabo,42966.0,37.6,30427.2,9.0,30.6,38.4,73.7,583.0,estimado_anual
2017,Gurabo,42119.0,37.7,30448.4,9.0,30.7,38.3,73.7,571.5,estimado_anual
2018,Gurabo,40500.0,37.8,30469.6,9.0,30.8,38.2,73.7,549.5,estimado_anual
2019,Gurabo,40801.0,37.9,30490.8,9.0,30.9,38.1,73.7,553.6,estimado_anual
2020,Gurabo,40571.0,38.0,30512.0,9.0,31.0,38.0,73.7,550.5,censo_decenal
2021,Gurabo,40444.0,38.1,30533.2,9.0,31.1,37.9,73.7,548.8,estimado_anual
2022,Gurabo,39984.0,38.2,30554.4,9.0,31.2,37.8,73.7,542.5,estimado_anual
2023,Gurabo,39867.0,38.3,30575.6,9.0,31.3,37.7,73.7,540.9,estimado_anual
2024,Gurabo,39924.0,38.4,30596.8,9.0,31.4,37.6,73.7,541.7,estimado_anual
2025,Gurabo,39780.0,38.5,30618.0,9.0,31.5,37.5,73.7,539.8,estimado_anual
1950,Hatillo,20859.0,,,,,,107.0,194.9,estimado_poblacion
1951,Hatillo,20794.0,,,,,,107.0,194.3,estimado_poblacion
1952,Hatillo,20736.0,,,,,,107.0,193.8,estimado_poblacion
1953,Hatillo,20666.0,,,,,,107.0,193.1,estimado_poblacion
1954,Hatillo,20602.0,,,,,,107.0,192.5,estimado_poblacion
1955,Hatillo,20541.0,,,,,,107.0,192.0,estimado_poblacion
1956,Hatillo,20474.0,,,,,,107.0,191.3,estimado_poblacion
1957,Hatillo,20413.0,,,,,,107.0,190.8,estimado_poblacion
1958,Hatillo,20348.0,,,,,,107.0,190.2,estimado_poblacion
1959,Hatillo,20287.0,,,,,,107.0,189.6,estimado_poblacion
1960,Hatillo,20278.0,,,,,,107.0,189.5,estimado_poblacion
1961,Hatillo,20445.0,,,,,,107.0,191.1,estimado_poblacion
1962,Hatillo,20612.0,,,,,,107.0,192.6,estimado_poblacion
1963,Hatillo,20784.0,,,,,,107.0,194.2,estimado_poblacion
1964,Hatillo,20949.0,,,,,,107.0,195.8,estimado_poblacion
1965,Hatillo,21117.0,,,,,,107.0,197.4,estimado_poblacion
1966,Hatillo,21282.0,,,,,,107.0,198.9,estimado_poblacion
1967,Hatillo,21452.0,,,,,,107.0,200.5,estimado_poblacion
1968,Hatillo,21621.0,,,,,,107.0,202.1,estimado_poblacion
1969,Hatillo,21786.0,,,,,,107.0,203.6,estimado_poblacion
1970,Hatillo,22091.0,63.0,2300.0,17.0,5.0,27.0,107.0,206.5,censo_decenal
1971,Hatillo,22791.0,62.4,2640.0,17.0,5.5,27.3,107.0,213.0,estimado_anual
1972,Hatillo,23498.0,61.8,2980.0,17.0,6.0,27.6,107.0,219.6,estimado_anual
1973,Hatillo,24204.0,61.2,3320.0,17.0,6.5,27.9,107.0,226.2,estimado_anual
1974,Hatillo,24905.0,60.6,3660.0,17.0,7.0,28.2,107.0,232.8,estimado_anual
1975,Hatillo,25614.0,60.0,4000.0,17.0,7.5,28.5,107.0,239.4,estimado_anual
1976,Hatillo,26315.0,59.4,4340.0,17.0,8.0,28.8,107.0,245.9,estimado_anual
1977,Hatillo,27020.0,58.8,4680.0,17.0,8.5,29.1,107.0,252.5,estimado_anual
1978,Hatillo,27724.0,58.2,5020.0,17.0,9.0,29.4,107.0,259.1,estimado_anual
1979,Hatillo,28426.0,57.6,5360.0,17.0,9.5,29.7,107.0,265.7,estimado_anual
1980,Hatillo,29037.0,57.0,5700.0,17.0,10.0,30.0,107.0,271.4,censo_decenal
1981,Hatillo,29356.0,56.6,6120.0,16.8,10.3,30.3,107.0,274.4,estimado_anual
1982,Hatillo,29688.0,56.2,6540.0,16.6,10.6,30.6,107.0,277.5,estimado_anual
1983,Hatillo,30031.0,55.8,6960.0,16.4,10.9,30.9,107.0,280.7,estimado_anual
1984,Hatillo,30385.0,55.4,7380.0,16.2,11.2,31.2,107.0,284.0,estimado_anual
1985,Hatillo,30755.0,55.0,7800.0,16.0,11.5,31.5,107.0,287.4,estimado_anual
1986,Hatillo,31137.0,54.6,8220.0,15.8,11.8,31.8,107.0,291.0,estimado_anual
1987,Hatillo,31534.0,54.2,8640.0,15.6,12.1,32.1,107.0,294.7,estimado_anual
1988,Hatillo,31946.0,53.8,9060.0,15.4,12.4,32.4,107.0,298.6,estimado_anual
1989,Hatillo,32372.0,53.4,9480.0,15.2,12.7,32.7,107.0,302.5,estimado_anual
1990,Hatillo,32841.0,53.0,9900.0,15.0,13.0,33.0,107.0,306.9,censo_decenal
1991,Hatillo,33394.0,52.7,10860.0,14.7,13.3,33.4,107.0,312.1,estimado_anual
1992,Hatillo,33964.0,52.4,11820.0,14.4,13.6,33.8,107.0,317.4,estimado_anual
1993,Hatillo,34548.0,52.1,12780.0,14.1,13.9,34.2,107.0,322.9,estimado_anual
1994,Hatillo,35146.0,51.8,13740.0,13.8,14.2,34.6,107.0,328.5,estimado_anual
1995,Hatillo,35761.0,51.5,14700.0,13.5,14.5,35.0,107.0,334.2,estimado_anual
1996,Hatillo,36395.0,51.2,15660.0,13.2,14.8,35.4,107.0,340.1,estimado_anual
1997,Hatillo,37045.0,50.9,16620.0,12.9,15.1,35.8,107.0,346.2,estimado_anual
1998,Hatillo,37711.0,50.6,17580.0,12.6,15.4,36.2,107.0,352.4,estimado_anual
1999,Hatillo,38399.0,50.3,18540.0,12.3,15.7,36.6,107.0,358.9,estimado_anual
2000,Hatillo,39036.0,50.0,19500.0,12.0,16.0,37.0,107.0,364.8,censo_decenal
2001,Hatillo,39525.0,48.8,19550.0,12.0,16.2,37.1,107.0,369.4,estimado_anual
2002,Hatillo,39969.0,47.6,19600.0,12.0,16.4,37.2,107.0,373.5,estimado_anual
2003,Hatillo,40384.0,46.4,19650.0,12.0,16.6,37.3,107.0,377.4,estimado_anual
2004,Hatillo,40790.0,45.2,19700.0,12.0,16.8,37.4,107.0,381.2,estimado_anual
2005,Hatillo,41122.0,44.0,19750.0,12.0,17.0,37.5,107.0,384.3,estimado_anual
2006,Hatillo,41348.0,42.8,19800.0,12.0,17.2,37.6,107.0,386.4,estimado_anual
2007,Hatillo,41500.0,41.6,19850.0,12.0,17.4,37.7,107.0,387.9,estimado_anual
2008,Hatillo,41645.0,40.4,19900.0,12.0,17.6,37.8,107.0,389.2,estimado_anual
2009,Hatillo,41818.0,39.2,19950.0,12.0,17.8,37.9,107.0,390.8,estimado_anual
2010,Hatillo,41962.0,38.0,20000.0,12.0,18.0,38.0,107.0,392.2,censo_decenal
2011,Hatillo,41822.0,38.1,20014.3,12.0,18.1,38.1,107.0,390.9,estimado_anual
2012,Hatillo,41628.0,38.2,20028.6,12.0,18.2,38.2,107.0,389.0,estimado_anual
2013,Hatillo,41508.0,38.3,20042.9,12.0,18.3,38.3,107.0,387.9,estimado_anual
2014,Hatillo,41130.0,38.4,20057.2,12.0,18.4,38.4,107.0,384.4,estimado_anual
2015,Hatillo,40706.0,38.5,20071.5,12.0,18.5,38.5,107.0,380.4,estimado_anual
2016,Hatillo,40221.0,38.6,20085.8,12.0,18.6,38.6,107.0,375.9,estimado_anual
2017,Hatillo,39540.0,38.7,20100.1,12.0,18.7,38.7,107.0,369.5,estimado_anual
2018,Hatillo,38278.0,38.8,20114.4,12.0,18.8,38.8,107.0,357.7,estimado_anual
2019,Hatillo,38581.0,38.9,20128.7,12.0,18.9,38.9,107.0,360.6,estimado_anual
2020,Hatillo,38451.0,39.0,20143.0,12.0,19.0,39.0,107.0,359.4,censo_decenal
2021,Hatillo,38351.0,39.1,20157.3,12.0,19.1,39.1,107.0,358.4,estimado_anual
2022,Hatillo,37930.0,39.2,20171.6,12.0,19.2,39.2,107.0,354.5,estimado_anual
2023,Hatillo,37823.0,39.3,20185.9,12.0,19.3,39.3,107.0,353.5,estimado_anual
2024,Hatillo,37902.0,39.4,20200.2,12.0,19.4,39.4,107.0,354.2,estimado_anual
2025,Hatillo,37810.0,39.5,20214.5,12.0,19.5,39.5,107.0,353.4,estimado_anual
1950,Hormigueros,6922.0,,,,,,29.1,237.9,estimado_poblacion
1951,Hormigueros,6944.0,,,,,,29.1,238.6,estimado_poblacion
1952,Hormigueros,6968.0,,,,,,29.1,239.5,estimado_poblacion
1953,Hormigueros,6995.0,,,,,,29.1,240.4,estimado_poblacion
1954,Hormigueros,7016.0,,,,,,29.1,241.1,estimado_poblacion
1955,Hormigueros,7037.0,,,,,,29.1,241.8,estimado_poblacion
1956,Hormigueros,7064.0,,,,,,29.1,242.7,estimado_poblacion
1957,Hormigueros,7084.0,,,,,,29.1,243.4,estimado_poblacion
1958,Hormigueros,7115.0,,,,,,29.1,244.5,estimado_poblacion
1959,Hormigueros,7134.0,,,,,,29.1,245.2,estimado_poblacion
1960,Hormigueros,7244.0,,,,,,29.1,248.9,estimado_poblacion
1961,Hormigueros,7610.0,,,,,,29.1,261.5,estimado_poblacion
1962,Hormigueros,7980.0,,,,,,29.1,274.2,estimado_poblacion
1963,Hormigueros,8347.0,,,,,,29.1,286.8,estimado_poblacion
1964,Hormigueros,8714.0,,,,,,29.1,299.5,estimado_poblacion
1965,Hormigueros,9083.0,,,,,,29.1,312.1,estimado_poblacion
1966,Hormigueros,9446.0,,,,,,29.1,324.6,estimado_poblacion
1967,Hormigueros,9817.0,,,,,,29.1,337.4,estimado_poblacion
1968,Hormigueros,10184.0,,,,,,29.1,350.0,estimado_poblacion
1969,Hormigueros,10549.0,,,,,,29.1,362.5,estimado_poblacion
1970,Hormigueros,10906.0,62.0,2400.0,15.0,7.0,30.0,29.1,374.8,censo_decenal
1971,Hormigueros,11227.0,61.4,2750.0,15.0,7.7,30.4,29.1,385.8,estimado_anual
1972,Hormigueros,11550.0,60.8,3100.0,15.0,8.4,30.8,29.1,396.9,estimado_anual
1973,Hormigueros,11866.0,60.2,3450.0,15.0,9.1,31.2,29.1,407.8,estimado_anual
1974,Hormigueros,12188.0,59.6,3800.0,15.0,9.8,31.6,29.1,418.8,estimado_anual
1975,Hormigueros,12504.0,59.0,4150.0,15.0,10.5,32.0,29.1,429.7,estimado_anual
1976,Hormigueros,12827.0,58.4,4500.0,15.0,11.2,32.4,29.1,440.8,estimado_anual
1977,Hormigueros,13147.0,57.8,4850.0,15.0,11.9,32.8,29.1,451.8,estimado_anual
1978,Hormigueros,13469.0,57.2,5200.0,15.0,12.6,33.2,29.1,462.9,estimado_anual
1979,Hormigueros,13784.0,56.6,5550.0,15.0,13.3,33.6,29.1,473.7,estimado_anual
1980,Hormigueros,14050.0,56.0,5900.0,15.0,14.0,34.0,29.1,482.8,censo_decenal
1981,Hormigueros,14137.0,55.5,6300.0,14.8,14.5,34.3,29.1,485.8,estimado_anual
1982,Hormigueros,14227.0,55.0,6700.0,14.6,15.0,34.6,29.1,488.9,estimado_anual
1983,Hormigueros,14328.0,54.5,7100.0,14.4,15.5,34.9,29.1,492.4,estimado_anual
1984,Hormigueros,14435.0,54.0,7500.0,14.2,16.0,35.2,29.1,496.0,estimado_anual
1985,Hormigueros,14551.0,53.5,7900.0,14.0,16.5,35.5,29.1,500.0,estimado_anual
1986,Hormigueros,14673.0,53.0,8300.0,13.8,17.0,35.8,29.1,504.2,estimado_anual
1987,Hormigueros,14802.0,52.5,8700.0,13.6,17.5,36.1,29.1,508.7,estimado_anual
1988,Hormigueros,14946.0,52.0,9100.0,13.4,18.0,36.4,29.1,513.6,estimado_anual
1989,Hormigueros,15094.0,51.5,9500.0,13.2,18.5,36.7,29.1,518.7,estimado_anual
1990,Hormigueros,15239.0,51.0,9900.0,13.0,19.0,37.0,29.1,523.7,censo_decenal
1991,Hormigueros,15351.0,50.8,11060.0,12.8,19.5,37.5,29.1,527.5,estimado_anual
1992,Hormigueros,15468.0,50.6,12220.0,12.6,20.0,38.0,29.1,531.5,estimado_anual
1993,Hormigueros,15589.0,50.4,13380.0,12.4,20.5,38.5,29.1,535.7,estimado_anual
1994,Hormigueros,15723.0,50.2,14540.0,12.2,21.0,39.0,29.1,540.3,estimado_anual
1995,Hormigueros,15858.0,50.0,15700.0,12.0,21.5,39.5,29.1,544.9,estimado_anual
1996,Hormigueros,16002.0,49.8,16860.0,11.8,22.0,40.0,29.1,549.9,estimado_anual
1997,Hormigueros,16159.0,49.6,18020.0,11.6,22.5,40.5,29.1,555.3,estimado_anual
1998,Hormigueros,16315.0,49.4,19180.0,11.4,23.0,41.0,29.1,560.7,estimado_anual
1999,Hormigueros,16483.0,49.2,20340.0,11.2,23.5,41.5,29.1,566.4,estimado_anual
2000,Hormigueros,16638.0,49.0,21500.0,11.0,24.0,42.0,29.1,571.8,censo_decenal
2001,Hormigueros,16772.0,48.3,21550.0,11.0,24.3,42.2,29.1,576.4,estimado_anual
2002,Hormigueros,16882.0,47.6,21600.0,11.0,24.6,42.4,29.1,580.1,estimado_anual
2003,Hormigueros,16983.0,46.9,21650.0,11.0,24.9,42.6,29.1,583.6,estimado_anual
2004,Hormigueros,17093.0,46.2,21700.0,11.0,25.2,42.8,29.1,587.4,estimado_anual
2005,Hormigueros,17165.0,45.5,21750.0,11.0,25.5,43.0,29.1,589.9,estimado_anual
2006,Hormigueros,17186.0,44.8,21800.0,11.0,25.8,43.2,29.1,590.6,estimado_anual
2007,Hormigueros,17197.0,44.1,21850.0,11.0,26.1,43.4,29.1,591.0,estimado_anual
2008,Hormigueros,17213.0,43.4,21900.0,11.0,26.4,43.6,29.1,591.5,estimado_anual
2009,Hormigueros,17227.0,42.7,21950.0,11.0,26.7,43.8,29.1,592.0,estimado_anual
2010,Hormigueros,17255.0,42.0,22000.0,11.0,27.0,44.0,29.1,593.0,censo_decenal
2011,Hormigueros,17188.0,42.2,22013.4,11.0,27.2,44.0,29.1,590.7,estimado_anual
2012,Hormigueros,17075.0,42.4,22026.8,11.0,27.4,44.0,29.1,586.8,estimado_anual
2013,Hormigueros,16954.0,42.6,22040.2,11.0,27.6,44.0,29.1,582.6,estimado_anual
2014,Hormigueros,16790.0,42.8,22053.6,11.0,27.8,44.0,29.1,577.0,estimado_anual
2015,Hormigueros,16601.0,43.0,22067.0,11.0,28.0,44.0,29.1,570.5,estimado_anual
2016,Hormigueros,16400.0,43.2,22080.4,11.0,28.2,44.0,29.1,563.6,estimado_anual
2017,Hormigueros,16131.0,43.4,22093.8,11.0,28.4,44.0,29.1,554.3,estimado_anual
2018,Hormigueros,15635.0,43.6,22107.2,11.0,28.6,44.0,29.1,537.3,estimado_anual
2019,Hormigueros,15714.0,43.8,22120.6,11.0,28.8,44.0,29.1,540.0,estimado_anual
2020,Hormigueros,15618.0,44.0,22134.0,11.0,29.0,44.0,29.1,536.7,censo_decenal
2021,Hormigueros,15573.0,44.2,22147.4,11.0,29.2,44.0,29.1,535.2,estimado_anual
2022,Hormigueros,15407.0,44.4,22160.8,11.0,29.4,44.0,29.1,529.5,estimado_anual
2023,Hormigueros,15325.0,44.6,22174.2,11.0,29.6,44.0,29.1,526.6,estimado_anual
2024,Hormigueros,15289.0,44.8,22187.6,11.0,29.8,44.0,29.1,525.4,estimado_anual
2025,Hormigueros,15222.0,45.0,22201.0,11.0,30.0,44.0,29.1,523.1,estimado_anual
1950,Humacao,34818.0,,,,,,163.7,212.7,estimado_poblacion
1951,Humacao,34668.0,,,,,,163.7,211.8,estimado_poblacion
1952,Humacao,34522.0,,,,,,163.7,210.9,estimado_poblacion
1953,Humacao,34376.0,,,,,,163.7,210.0,estimado_poblacion
1954,Humacao,34227.0,,,,,,163.7,209.1,estimado_poblacion
1955,Humacao,34079.0,,,,,,163.7,208.2,estimado_poblacion
1956,Humacao,33934.0,,,,,,163.7,207.3,estimado_poblacion
1957,Humacao,33785.0,,,,,,163.7,206.4,estimado_poblacion
1958,Humacao,33640.0,,,,,,163.7,205.5,estimado_poblacion
1959,Humacao,33491.0,,,,,,163.7,204.6,estimado_poblacion
1960,Humacao,33445.0,,,,,,163.7,204.3,estimado_poblacion
1961,Humacao,33713.0,,,,,,163.7,205.9,estimado_poblacion
1962,Humacao,33976.0,,,,,,163.7,207.6,estimado_poblacion
1963,Humacao,34239.0,,,,,,163.7,209.2,estimado_poblacion
1964,Humacao,34505.0,,,,,,163.7,210.8,estimado_poblacion
1965,Humacao,34767.0,,,,,,163.7,212.4,estimado_poblacion
1966,Humacao,35034.0,,,,,,163.7,214.0,estimado_poblacion
1967,Humacao,35298.0,,,,,,163.7,215.6,estimado_poblacion
1968,Humacao,35560.0,,,,,,163.7,217.2,estimado_poblacion
1969,Humacao,35824.0,,,,,,163.7,218.8,estimado_poblacion
1970,Humacao,36277.0,62.0,2300.0,17.0,6.0,28.0,163.7,221.6,censo_decenal
1971,Humacao,37285.0,61.4,2640.0,17.0,6.5,28.3,163.7,227.8,estimado_anual
1972,Humacao,38298.0,60.8,2980.0,17.0,7.0,28.6,163.7,234.0,estimado_anual
1973,Humacao,39307.0,60.2,3320.0,17.0,7.5,28.9,163.7,240.1,estimado_anual
1974,Humacao,40316.0,59.6,3660.0,17.0,8.0,29.2,163.7,246.3,estimado_anual
1975,Humacao,41332.0,59.0,4000.0,17.0,8.5,29.5,163.7,252.5,estimado_anual
1976,Humacao,42344.0,58.4,4340.0,17.0,9.0,29.8,163.7,258.7,estimado_anual
1977,Humacao,43351.0,57.8,4680.0,17.0,9.5,30.1,163.7,264.8,estimado_anual
1978,Humacao,44361.0,57.2,5020.0,17.0,10.0,30.4,163.7,271.0,estimado_anual
1979,Humacao,45372.0,56.6,5360.0,17.0,10.5,30.7,163.7,277.2,estimado_anual
1980,Humacao,46322.0,56.0,5700.0,17.0,11.0,31.0,163.7,283.0,censo_decenal
1981,Humacao,47090.0,55.6,6120.0,16.8,11.4,31.3,163.7,287.7,estimado_anual
1982,Humacao,47882.0,55.2,6540.0,16.6,11.8,31.6,163.7,292.5,estimado_anual
1983,Humacao,48711.0,54.8,6960.0,16.4,12.2,31.9,163.7,297.6,estimado_anual
1984,Humacao,49569.0,54.4,7380.0,16.2,12.6,32.2,163.7,302.8,estimado_anual
1985,Humacao,50463.0,54.0,7800.0,16.0,13.0,32.5,163.7,308.3,estimado_anual
1986,Humacao,51388.0,53.6,8220.0,15.8,13.4,32.8,163.7,313.9,estimado_anual
1987,Humacao,52352.0,53.2,8640.0,15.6,13.8,33.1,163.7,319.8,estimado_anual
1988,Humacao,53355.0,52.8,9060.0,15.4,14.2,33.4,163.7,325.9,estimado_anual
1989,Humacao,54395.0,52.4,9480.0,15.2,14.6,33.7,163.7,332.3,estimado_anual
1990,Humacao,55274.0,52.0,9900.0,15.0,15.0,34.0,163.7,337.7,censo_decenal
1991,Humacao,55562.0,51.7,10720.0,14.8,15.4,34.4,163.7,339.4,estimado_anual
1992,Humacao,55876.0,51.4,11540.0,14.6,15.8,34.8,163.7,341.3,estimado_anual
1993,Humacao,56203.0,51.1,12360.0,14.4,16.2,35.2,163.7,343.3,estimado_anual
1994,Humacao,56558.0,50.8,13180.0,14.2,16.6,35.6,163.7,345.5,estimado_anual
1995,Humacao,56931.0,50.5,14000.0,14.0,17.0,36.0,163.7,347.8,estimado_anual
1996,Humacao,57332.0,50.2,14820.0,13.8,17.4,36.4,163.7,350.2,estimado_anual
1997,Humacao,57751.0,49.9,15640.0,13.6,17.8,36.8,163.7,352.8,estimado_anual
1998,Humacao,58195.0,49.6,16460.0,13.4,18.2,37.2,163.7,355.5,estimado_anual
1999,Humacao,58666.0,49.3,17280.0,13.2,18.6,37.6,163.7,358.4,estimado_anual
2000,Humacao,59185.0,49.0,18100.0,13.0,19.0,38.0,163.7,361.5,censo_decenal
2001,Humacao,59378.0,48.1,18140.0,13.0,19.2,38.2,163.7,362.7,estimado_anual
2002,Humacao,59536.0,47.2,18180.0,13.0,19.4,38.4,163.7,363.7,estimado_anual
2003,Humacao,59618.0,46.3,18220.0,13.0,19.6,38.6,163.7,364.2,estimado_anual
2004,Humacao,59684.0,45.4,18260.0,13.0,19.8,38.8,163.7,364.6,estimado_anual
2005,Humacao,59666.0,44.5,18300.0,13.0,20.0,39.0,163.7,364.5,estimado_anual
2006,Humacao,59464.0,43.6,18340.0,13.0,20.2,39.2,163.7,363.2,estimado_anual
2007,Humacao,59191.0,42.7,18380.0,13.0,20.4,39.4,163.7,361.6,estimado_anual
2008,Humacao,58900.0,41.8,18420.0,13.0,20.6,39.6,163.7,359.8,estimado_anual
2009,Humacao,58650.0,40.9,18460.0,13.0,20.8,39.8,163.7,358.3,estimado_anual
2010,Humacao,58391.0,40.0,18500.0,13.0,21.0,40.0,163.7,356.7,censo_decenal
2011,Humacao,57862.0,40.1,18513.4,13.1,21.1,40.2,163.7,353.5,estimado_anual
2012,Humacao,57261.0,40.2,18526.8,13.2,21.2,40.4,163.7,349.8,estimado_anual
2013,Humacao,56725.0,40.3,18540.2,13.3,21.3,40.6,163.7,346.5,estimado_anual
2014,Humacao,55973.0,40.4,18553.6,13.4,21.4,40.8,163.7,341.9,estimado_anual
2015,Humacao,55126.0,40.5,18567.0,13.5,21.5,41.0,163.7,336.8,estimado_anual
2016,Humacao,54204.0,40.6,18580.4,13.6,21.6,41.2,163.7,331.1,estimado_anual
2017,Humacao,53084.0,40.7,18593.8,13.7,21.7,41.4,163.7,324.3,estimado_anual
2018,Humacao,51153.0,40.8,18607.2,13.8,21.8,41.6,163.7,312.5,estimado_anual
2019,Humacao,51201.0,40.9,18620.6,13.9,21.9,41.8,163.7,312.8,estimado_anual
2020,Humacao,50832.0,41.0,18634.0,14.0,22.0,42.0,163.7,310.5,censo_decenal
2021,Humacao,50525.0,41.1,18647.4,14.1,22.1,42.2,163.7,308.6,estimado_anual
2022,Humacao,49877.0,41.2,18660.8,14.2,22.2,42.4,163.7,304.7,estimado_anual
2023,Humacao,49634.0,41.3,18674.2,14.3,22.3,42.6,163.7,303.2,estimado_anual
2024,Humacao,49583.0,41.4,18687.6,14.4,22.4,42.8,163.7,302.9,estimado_anual
2025,Humacao,49249.0,41.5,18701.0,14.5,22.5,43.0,163.7,300.8,estimado_anual
1950,Isabela,29105.0,,,,,,139.0,209.4,estimado_poblacion
1951,Isabela,29067.0,,,,,,139.0,209.1,estimado_poblacion
1952,Isabela,29034.0,,,,,,139.0,208.9,estimado_poblacion
1953,Isabela,28995.0,,,,,,139.0,208.6,estimado_poblacion
1954,Isabela,28963.0,,,,,,139.0,208.4,estimado_poblacion
1955,Isabela,28926.0,,,,,,139.0,208.1,estimado_poblacion
1956,Isabela,28889.0,,,,,,139.0,207.8,estimado_poblacion
1957,Isabela,28850.0,,,,,,139.0,207.6,estimado_poblacion
1958,Isabela,28814.0,,,,,,139.0,207.3,estimado_poblacion
1959,Isabela,28780.0,,,,,,139.0,207.1,estimado_poblacion
1960,Isabela,28794.0,,,,,,139.0,207.2,estimado_poblacion
1961,Isabela,28962.0,,,,,,139.0,208.4,estimado_poblacion
1962,Isabela,29132.0,,,,,,139.0,209.6,estimado_poblacion
1963,Isabela,29297.0,,,,,,139.0,210.8,estimado_poblacion
1964,Isabela,29464.0,,,,,,139.0,212.0,estimado_poblacion
1965,Isabela,29630.0,,,,,,139.0,213.2,estimado_poblacion
1966,Isabela,29799.0,,,,,,139.0,214.4,estimado_poblacion
1967,Isabela,29971.0,,,,,,139.0,215.6,estimado_poblacion
1968,Isabela,30138.0,,,,,,139.0,216.8,estimado_poblacion
1969,Isabela,30302.0,,,,,,139.0,218.0,estimado_poblacion
1970,Isabela,30607.0,65.0,2100.0,18.0,5.0,28.0,139.0,220.2,censo_decenal
1971,Isabela,31306.0,64.5,2420.0,18.0,5.4,28.3,139.0,225.2,estimado_anual
1972,Isabela,32006.0,64.0,2740.0,18.0,5.8,28.6,139.0,230.3,estimado_anual
1973,Isabela,32707.0,63.5,3060.0,18.0,6.2,28.9,139.0,235.3,estimado_anual
1974,Isabela,33406.0,63.0,3380.0,18.0,6.6,29.2,139.0,240.3,estimado_anual
1975,Isabela,34107.0,62.5,3700.0,18.0,7.0,29.5,139.0,245.4,estimado_anual
1976,Isabela,34805.0,62.0,4020.0,18.0,7.4,29.8,139.0,250.4,estimado_anual
1977,Isabela,35508.0,61.5,4340.0,18.0,7.8,30.1,139.0,255.5,estimado_anual
1978,Isabela,36209.0,61.0,4660.0,18.0,8.2,30.4,139.0,260.5,estimado_anual
1979,Isabela,36911.0,60.5,4980.0,18.0,8.6,30.7,139.0,265.5,estimado_anual
1980,Isabela,37466.0,60.0,5300.0,18.0,9.0,31.0,139.0,269.5,censo_decenal
1981,Isabela,37595.0,59.5,5710.0,17.8,9.3,31.3,139.0,270.5,estimado_anual
1982,Isabela,37732.0,59.0,6120.0,17.6,9.6,31.6,139.0,271.5,estimado_anual
1983,Isabela,37879.0,58.5,6530.0,17.4,9.9,31.9,139.0,272.5,estimado_anual
1984,Isabela,38036.0,58.0,6940.0,17.2,10.2,32.2,139.0,273.6,estimado_anual
1985,Isabela,38204.0,57.5,7350.0,17.0,10.5,32.5,139.0,274.8,estimado_anual
1986,Isabela,38384.0,57.0,7760.0,16.8,10.8,32.8,139.0,276.1,estimado_anual
1987,Isabela,38572.0,56.5,8170.0,16.6,11.1,33.1,139.0,277.5,estimado_anual
1988,Isabela,38772.0,56.0,8580.0,16.4,11.4,33.4,139.0,278.9,estimado_anual
1989,Isabela,38982.0,55.5,8990.0,16.2,11.7,33.7,139.0,280.4,estimado_anual
1990,Isabela,39259.0,55.0,9400.0,16.0,12.0,34.0,139.0,282.4,censo_decenal
1991,Isabela,39723.0,54.7,10160.0,15.7,12.3,34.4,139.0,285.8,estimado_anual
1992,Isabela,40199.0,54.4,10920.0,15.4,12.6,34.8,139.0,289.2,estimado_anual
1993,Isabela,40691.0,54.1,11680.0,15.1,12.9,35.2,139.0,292.7,estimado_anual
1994,Isabela,41199.0,53.8,12440.0,14.8,13.2,35.6,139.0,296.4,estimado_anual
1995,Isabela,41724.0,53.5,13200.0,14.5,13.5,36.0,139.0,300.2,estimado_anual
1996,Isabela,42264.0,53.2,13960.0,14.2,13.8,36.4,139.0,304.1,estimado_anual
1997,Isabela,42824.0,52.9,14720.0,13.9,14.1,36.8,139.0,308.1,estimado_anual
1998,Isabela,43395.0,52.6,15480.0,13.6,14.4,37.2,139.0,312.2,estimado_anual
1999,Isabela,43988.0,52.3,16240.0,13.3,14.7,37.6,139.0,316.5,estimado_anual
2000,Isabela,44539.0,52.0,17000.0,13.0,15.0,38.0,139.0,320.4,censo_decenal
2001,Isabela,44847.0,50.7,17040.0,13.1,15.1,38.1,139.0,322.6,estimado_anual
2002,Isabela,45114.0,49.4,17080.0,13.2,15.2,38.2,139.0,324.6,estimado_anual
2003,Isabela,45365.0,48.1,17120.0,13.3,15.3,38.3,139.0,326.4,estimado_anual
2004,Isabela,45594.0,46.8,17160.0,13.4,15.4,38.4,139.0,328.0,estimado_anual
2005,Isabela,45743.0,45.5,17200.0,13.5,15.5,38.5,139.0,329.1,estimado_anual
2006,Isabela,45774.0,44.2,17240.0,13.6,15.6,38.6,139.0,329.3,estimado_anual
2007,Isabela,45715.0,42.9,17280.0,13.7,15.7,38.7,139.0,328.9,estimado_anual
2008,Isabela,45676.0,41.6,17320.0,13.8,15.8,38.8,139.0,328.6,estimado_anual
2009,Isabela,45653.0,40.3,17360.0,13.9,15.9,38.9,139.0,328.4,estimado_anual
2010,Isabela,45721.0,39.0,17400.0,14.0,16.0,39.0,139.0,328.9,censo_decenal
2011,Isabela,45658.0,39.1,17412.3,14.0,16.1,39.1,139.0,328.5,estimado_anual
2012,Isabela,45519.0,39.2,17424.6,14.0,16.2,39.2,139.0,327.5,estimado_anual
2013,Isabela,45428.0,39.3,17436.9,14.0,16.3,39.3,139.0,326.8,estimado_anual
2014,Isabela,45127.0,39.4,17449.2,14.0,16.4,39.4,139.0,324.7,estimado_anual
2015,Isabela,44764.0,39.5,17461.5,14.0,16.5,39.5,139.0,322.0,estimado_anual
2016,Isabela,44388.0,39.6,17473.8,14.0,16.6,39.6,139.0,319.3,estimado_anual
2017,Isabela,43711.0,39.7,17486.1,14.0,16.7,39.7,139.0,314.5,estimado_anual
2018,Isabela,42463.0,39.8,17498.4,14.0,16.8,39.8,139.0,305.5,estimado_anual
2019,Isabela,42939.0,39.9,17510.7,14.0,16.9,39.9,139.0,308.9,estimado_anual
2020,Isabela,42936.0,40.0,17523.0,14.0,17.0,40.0,139.0,308.9,censo_decenal
2021,Isabela,42960.0,40.1,17535.3,14.0,17.1,40.1,139.0,309.1,estimado_anual
2022,Isabela,42694.0,40.2,17547.6,14.0,17.2,40.2,139.0,307.2,estimado_anual
2023,Isabela,42704.0,40.3,17559.9,14.0,17.3,40.3,139.0,307.2,estimado_anual
2024,Isabela,42961.0,40.4,17572.2,14.0,17.4,40.4,139.0,309.1,estimado_anual
2025,Isabela,42938.0,40.5,17584.5,14.0,17.5,40.5,139.0,308.9,estimado_anual
1950,Jayuya,15102.0,,,,,,117.4,128.6,estimado_poblacion
1951,Jayuya,15053.0,,,,,,117.4,128.2,estimado_poblacion
1952,Jayuya,15005.0,,,,,,117.4,127.8,estimado_poblacion
1953,Jayuya,14957.0,,,,,,117.4,127.4,estimado_poblacion
1954,Jayuya,14907.0,,,,,,117.4,127.0,estimado_poblacion
1955,Jayuya,14863.0,,,,,,117.4,126.6,estimado_poblacion
1956,Jayuya,14812.0,,,,,,117.4,126.2,estimado_poblacion
1957,Jayuya,14767.0,,,,,,117.4,125.8,estimado_poblacion
1958,Jayuya,14718.0,,,,,,117.4,125.4,estimado_poblacion
1959,Jayuya,14669.0,,,,,,117.4,124.9,estimado_poblacion
1960,Jayuya,14607.0,,,,,,117.4,124.4,estimado_poblacion
1961,Jayuya,14505.0,,,,,,117.4,123.6,estimado_poblacion
1962,Jayuya,14401.0,,,,,,117.4,122.7,estimado_poblacion
1963,Jayuya,14293.0,,,,,,117.4,121.7,estimado_poblacion
1964,Jayuya,14188.0,,,,,,117.4,120.9,estimado_poblacion
1965,Jayuya,14083.0,,,,,,117.4,120.0,estimado_poblacion
1966,Jayuya,13982.0,,,,,,117.4,119.1,estimado_poblacion
1967,Jayuya,13876.0,,,,,,117.4,118.2,estimado_poblacion
1968,Jayuya,13772.0,,,,,,117.4,117.3,estimado_poblacion
1969,Jayuya,13666.0,,,,,,117.4,116.4,estimado_poblacion
1970,Jayuya,13615.0,72.0,1700.0,22.0,3.0,29.0,117.4,116.0,censo_decenal
1971,Jayuya,13729.0,71.6,1960.0,22.0,3.3,29.4,117.4,116.9,estimado_anual
1972,Jayuya,13845.0,71.2,2220.0,22.0,3.6,29.8,117.4,117.9,estimado_anual
1973,Jayuya,13955.0,70.8,2480.0,22.0,3.9,30.2,117.4,118.9,estimado_anual
1974,Jayuya,14069.0,70.4,2740.0,22.0,4.2,30.6,117.4,119.8,estimado_anual
1975,Jayuya,14183.0,70.0,3000.0,22.0,4.5,31.0,117.4,120.8,estimado_anual
1976,Jayuya,14295.0,69.6,3260.0,22.0,4.8,31.4,117.4,121.8,estimado_anual
1977,Jayuya,14410.0,69.2,3520.0,22.0,5.1,31.8,117.4,122.7,estimado_anual
1978,Jayuya,14522.0,68.8,3780.0,22.0,5.4,32.2,117.4,123.7,estimado_anual
1979,Jayuya,14636.0,68.4,4040.0,22.0,5.7,32.6,117.4,124.7,estimado_anual
1980,Jayuya,14736.0,68.0,4300.0,22.0,6.0,33.0,117.4,125.5,censo_decenal
1981,Jayuya,14797.0,67.6,4640.0,21.8,6.3,33.3,117.4,126.0,estimado_anual
1982,Jayuya,14861.0,67.2,4980.0,21.6,6.6,33.6,117.4,126.6,estimado_anual
1983,Jayuya,14931.0,66.8,5320.0,21.4,6.9,33.9,117.4,127.2,estimado_anual
1984,Jayuya,15007.0,66.4,5660.0,21.2,7.2,34.2,117.4,127.8,estimado_anual
1985,Jayuya,15085.0,66.0,6000.0,21.0,7.5,34.5,117.4,128.5,estimado_anual
1986,Jayuya,15166.0,65.6,6340.0,20.8,7.8,34.8,117.4,129.2,estimado_anual
1987,Jayuya,15258.0,65.2,6680.0,20.6,8.1,35.1,117.4,130.0,estimado_anual
1988,Jayuya,15349.0,64.8,7020.0,20.4,8.4,35.4,117.4,130.7,estimado_anual
1989,Jayuya,15448.0,64.4,7360.0,20.2,8.7,35.7,117.4,131.6,estimado_anual
1990,Jayuya,15563.0,64.0,7700.0,20.0,9.0,36.0,117.4,132.6,censo_decenal
1991,Jayuya,15713.0,63.6,8270.0,19.8,9.3,36.4,117.4,133.8,estimado_anual
1992,Jayuya,15870.0,63.2,8840.0,19.6,9.6,36.8,117.4,135.2,estimado_anual
1993,Jayuya,16034.0,62.8,9410.0,19.4,9.9,37.2,117.4,136.6,estimado_anual
1994,Jayuya,16200.0,62.4,9980.0,19.2,10.2,37.6,117.4,138.0,estimado_anual
1995,Jayuya,16378.0,62.0,10550.0,19.0,10.5,38.0,117.4,139.5,estimado_anual
1996,Jayuya,16562.0,61.6,11120.0,18.8,10.8,38.4,117.4,141.1,estimado_anual
1997,Jayuya,16752.0,61.2,11690.0,18.6,11.1,38.8,117.4,142.7,estimado_anual
1998,Jayuya,16949.0,60.8,12260.0,18.4,11.4,39.2,117.4,144.4,estimado_anual
1999,Jayuya,17157.0,60.4,12830.0,18.2,11.7,39.6,117.4,146.1,estimado_anual
2000,Jayuya,17317.0,60.0,13400.0,18.0,12.0,40.0,117.4,147.5,censo_decenal
2001,Jayuya,17342.0,58.0,13440.0,18.1,12.2,40.1,117.4,147.7,estimado_anual
2002,Jayuya,17342.0,56.0,13480.0,18.2,12.4,40.2,117.4,147.7,estimado_anual
2003,Jayuya,17325.0,54.0,13520.0,18.3,12.6,40.3,117.4,147.6,estimado_anual
2004,Jayuya,17311.0,52.0,13560.0,18.4,12.8,40.4,117.4,147.5,estimado_anual
2005,Jayuya,17229.0,50.0,13600.0,18.5,13.0,40.5,117.4,146.8,estimado_anual
2006,Jayuya,17133.0,48.0,13640.0,18.6,13.2,40.6,117.4,145.9,estimado_anual
2007,Jayuya,16991.0,46.0,13680.0,18.7,13.4,40.7,117.4,144.7,estimado_anual
2008,Jayuya,16855.0,44.0,13720.0,18.8,13.6,40.8,117.4,143.6,estimado_anual
2009,Jayuya,16729.0,42.0,13760.0,18.9,13.8,40.9,117.4,142.5,estimado_anual
2010,Jayuya,16666.0,40.0,13800.0,19.0,14.0,41.0,117.4,142.0,censo_decenal
2011,Jayuya,16545.0,40.2,13807.6,19.0,14.1,41.1,117.4,140.9,estimado_anual
2012,Jayuya,16390.0,40.4,13815.2,19.0,14.2,41.2,117.4,139.6,estimado_anual
2013,Jayuya,16256.0,40.6,13822.8,19.0,14.3,41.3,117.4,138.5,estimado_anual
2014,Jayuya,16088.0,40.8,13830.4,19.0,14.4,41.4,117.4,137.0,estimado_anual
2015,Jayuya,15838.0,41.0,13838.0,19.0,14.5,41.5,117.4,134.9,estimado_anual
2016,Jayuya,15647.0,41.2,13845.6,19.0,14.6,41.6,117.4,133.3,estimado_anual
2017,Jayuya,15334.0,41.4,13853.2,19.0,14.7,41.7,117.4,130.6,estimado_anual
2018,Jayuya,14778.0,41.6,13860.8,19.0,14.8,41.8,117.4,125.9,estimado_anual
2019,Jayuya,14854.0,41.8,13868.4,19.0,14.9,41.9,117.4,126.5,estimado_anual
2020,Jayuya,14765.0,42.0,13876.0,19.0,15.0,42.0,117.4,125.8,censo_decenal
2021,Jayuya,14708.0,42.2,13883.6,19.0,15.1,42.1,117.4,125.3,estimado_anual
2022,Jayuya,14510.0,42.4,13891.2,19.0,15.2,42.2,117.4,123.6,estimado_anual
2023,Jayuya,14462.0,42.6,13898.8,19.0,15.3,42.3,117.4,123.2,estimado_anual
2024,Jayuya,14483.0,42.8,13906.4,19.0,15.4,42.4,117.4,123.4,estimado_anual
2025,Jayuya,14423.0,43.0,13914.0,19.0,15.5,42.5,117.4,122.9,estimado_anual
1950,Juana Díaz,27756.0,,,,,,155.5,178.5,estimado_poblacion
1951,Juana Díaz,27989.0,,,,,,155.5,180.0,estimado_poblacion
1952,Juana Díaz,28227.0,,,,,,155.5,181.5,estimado_poblacion
1953,Juana Díaz,28459.0,,,,,,155.5,183.0,estimado_poblacion
1954,Juana Díaz,28693.0,,,,,,155.5,184.5,estimado_poblacion
1955,Juana Díaz,28925.0,,,,,,155.5,186.0,estimado_poblacion
1956,Juana Díaz,29164.0,,,,,,155.5,187.5,estimado_poblacion
1957,Juana Díaz,29400.0,,,,,,155.5,189.1,estimado_poblacion
1958,Juana Díaz,29630.0,,,,,,155.5,190.5,estimado_poblacion
1959,Juana Díaz,29866.0,,,,,,155.5,192.1,estimado_poblacion
1960,Juana Díaz,30198.0,,,,,,155.5,194.2,estimado_poblacion
1961,Juana Díaz,30820.0,,,,,,155.5,198.2,estimado_poblacion
1962,Juana Díaz,31440.0,,,,,,155.5,202.2,estimado_poblacion
1963,Juana Díaz,32066.0,,,,,,155.5,206.2,estimado_poblacion
1964,Juana Díaz,32687.0,,,,,,155.5,210.2,estimado_poblacion
1965,Juana Díaz,33313.0,,,,,,155.5,214.2,estimado_poblacion
1966,Juana Díaz,33934.0,,,,,,155.5,218.2,estimado_poblacion
1967,Juana Díaz,34555.0,,,,,,155.5,222.2,estimado_poblacion
1968,Juana Díaz,35181.0,,,,,,155.5,226.2,estimado_poblacion
1969,Juana Díaz,35802.0,,,,,,155.5,230.2,estimado_poblacion
1970,Juana Díaz,36449.0,67.0,2000.0,18.0,5.0,28.0,155.5,234.4,censo_decenal
1971,Juana Díaz,37172.0,66.5,2300.0,18.0,5.4,28.3,155.5,239.0,estimado_anual
1972,Juana Díaz,37897.0,66.0,2600.0,18.0,5.8,28.6,155.5,243.7,estimado_anual
1973,Juana Díaz,38620.0,65.5,2900.0,18.0,6.2,28.9,155.5,248.4,estimado_anual
1974,Juana Díaz,39341.0,65.0,3200.0,18.0,6.6,29.2,155.5,253.0,estimado_anual
1975,Juana Díaz,40066.0,64.5,3500.0,18.0,7.0,29.5,155.5,257.7,estimado_anual
1976,Juana Díaz,40789.0,64.0,3800.0,18.0,7.4,29.8,155.5,262.3,estimado_anual
1977,Juana Díaz,41512.0,63.5,4100.0,18.0,7.8,30.1,155.5,267.0,estimado_anual
1978,Juana Díaz,42236.0,63.0,4400.0,18.0,8.2,30.4,155.5,271.6,estimado_anual
1979,Juana Díaz,42959.0,62.5,4700.0,18.0,8.6,30.7,155.5,276.3,estimado_anual
1980,Juana Díaz,43528.0,62.0,5000.0,18.0,9.0,31.0,155.5,279.9,censo_decenal
1981,Juana Díaz,43633.0,61.6,5390.0,17.8,9.3,31.3,155.5,280.6,estimado_anual
1982,Juana Díaz,43751.0,61.2,5780.0,17.6,9.6,31.6,155.5,281.4,estimado_anual
1983,Juana Díaz,43883.0,60.8,6170.0,17.4,9.9,31.9,155.5,282.2,estimado_anual
1984,Juana Díaz,44033.0,60.4,6560.0,17.2,10.2,32.2,155.5,283.2,estimado_anual
1985,Juana Díaz,44198.0,60.0,6950.0,17.0,10.5,32.5,155.5,284.2,estimado_anual
1986,Juana Díaz,44377.0,59.6,7340.0,16.8,10.8,32.8,155.5,285.4,estimado_anual
1987,Juana Díaz,44574.0,59.2,7730.0,16.6,11.1,33.1,155.5,286.6,estimado_anual
1988,Juana Díaz,44786.0,58.8,8120.0,16.4,11.4,33.4,155.5,288.0,estimado_anual
1989,Juana Díaz,45015.0,58.4,8510.0,16.2,11.7,33.7,155.5,289.5,estimado_anual
1990,Juana Díaz,45313.0,58.0,8900.0,16.0,12.0,34.0,155.5,291.4,censo_decenal
1991,Juana Díaz,45776.0,57.7,9680.0,15.8,12.3,34.4,155.5,294.4,estimado_anual
1992,Juana Díaz,46249.0,57.4,10460.0,15.6,12.6,34.8,155.5,297.4,estimado_anual
1993,Juana Díaz,46745.0,57.1,11240.0,15.4,12.9,35.2,155.5,300.6,estimado_anual
1994,Juana Díaz,47256.0,56.8,12020.0,15.2,13.2,35.6,155.5,303.9,estimado_anual
1995,Juana Díaz,47782.0,56.5,12800.0,15.0,13.5,36.0,155.5,307.3,estimado_anual
1996,Juana Díaz,48324.0,56.2,13580.0,14.8,13.8,36.4,155.5,310.8,estimado_anual
1997,Juana Díaz,48888.0,55.9,14360.0,14.6,14.1,36.8,155.5,314.4,estimado_anual
1998,Juana Díaz,49470.0,55.6,15140.0,14.4,14.4,37.2,155.5,318.1,estimado_anual
1999,Juana Díaz,50069.0,55.3,15920.0,14.2,14.7,37.6,155.5,322.0,estimado_anual
2000,Juana Díaz,50608.0,55.0,16700.0,14.0,15.0,38.0,155.5,325.5,censo_decenal
2001,Juana Díaz,50868.0,53.6,16740.0,14.1,15.1,38.2,155.5,327.1,estimado_anual
2002,Juana Díaz,51073.0,52.2,16780.0,14.2,15.2,38.4,155.5,328.4,estimado_anual
2003,Juana Díaz,51249.0,50.8,16820.0,14.3,15.3,38.6,155.5,329.6,estimado_anual
2004,Juana Díaz,51386.0,49.4,16860.0,14.4,15.4,38.8,155.5,330.5,estimado_anual
2005,Juana Díaz,51442.0,48.0,16900.0,14.5,15.5,39.0,155.5,330.8,estimado_anual
2006,Juana Díaz,51356.0,46.6,16940.0,14.6,15.6,39.2,155.5,330.3,estimado_anual
2007,Juana Díaz,51184.0,45.2,16980.0,14.7,15.7,39.4,155.5,329.2,estimado_anual
2008,Juana Díaz,51020.0,43.8,17020.0,14.8,15.8,39.6,155.5,328.1,estimado_anual
2009,Juana Díaz,50863.0,42.4,17060.0,14.9,15.9,39.8,155.5,327.1,estimado_anual
2010,Juana Díaz,50789.0,41.0,17100.0,15.0,16.0,40.0,155.5,326.6,censo_decenal
2011,Juana Díaz,50539.0,41.1,17113.4,15.0,16.1,40.2,155.5,325.0,estimado_anual
2012,Juana Díaz,50271.0,41.2,17126.8,15.0,16.2,40.4,155.5,323.3,estimado_anual
2013,Juana Díaz,50049.0,41.3,17140.2,15.0,16.3,40.6,155.5,321.9,estimado_anual
2014,Juana Díaz,49620.0,41.4,17153.6,15.0,16.4,40.8,155.5,319.1,estimado_anual
2015,Juana Díaz,49136.0,41.5,17167.0,15.0,16.5,41.0,155.5,316.0,estimado_anual
2016,Juana Díaz,48608.0,41.6,17180.4,15.0,16.6,41.2,155.5,312.6,estimado_anual
2017,Juana Díaz,47816.0,41.7,17193.8,15.0,16.7,41.4,155.5,307.5,estimado_anual
2018,Juana Díaz,46288.0,41.8,17207.2,15.0,16.8,41.6,155.5,297.7,estimado_anual
2019,Juana Díaz,46640.0,41.9,17220.6,15.0,16.9,41.8,155.5,299.9,estimado_anual
2020,Juana Díaz,46509.0,42.0,17234.0,15.0,17.0,42.0,155.5,299.1,censo_decenal
2021,Juana Díaz,46411.0,42.1,17247.4,15.0,17.1,42.2,155.5,298.5,estimado_anual
2022,Juana Díaz,45950.0,42.2,17260.8,15.0,17.2,42.4,155.5,295.5,estimado_anual
2023,Juana Díaz,45853.0,42.3,17274.2,15.0,17.3,42.6,155.5,294.9,estimado_anual
2024,Juana Díaz,46004.0,42.4,17287.6,15.0,17.4,42.8,155.5,295.8,estimado_anual
2025,Juana Díaz,45853.0,42.5,17301.0,15.0,17.5,43.0,155.5,294.9,estimado_anual
1950,Juncos,21651.0,,,,,,69.5,311.5,estimado_poblacion
1951,Juncos,21634.0,,,,,,69.5,311.3,estimado_poblacion
1952,Juncos,21619.0,,,,,,69.5,311.1,estimado_poblacion
1953,Juncos,21603.0,,,,,,69.5,310.8,estimado_poblacion
1954,Juncos,21586.0,,,,,,69.5,310.6,estimado_poblacion
1955,Juncos,21571.0,,,,,,69.5,310.4,estimado_poblacion
1956,Juncos,21557.0,,,,,,69.5,310.2,estimado_poblacion
1957,Juncos,21538.0,,,,,,69.5,309.9,estimado_poblacion
1958,Juncos,21521.0,,,,,,69.5,309.7,estimado_poblacion
1959,Juncos,21507.0,,,,,,69.5,309.5,estimado_poblacion
1960,Juncos,21505.0,,,,,,69.5,309.4,estimado_poblacion
1961,Juncos,21535.0,,,,,,69.5,309.9,estimado_poblacion
1962,Juncos,21567.0,,,,,,69.5,310.3,estimado_poblacion
1963,Juncos,21599.0,,,,,,69.5,310.8,estimado_poblacion
1964,Juncos,21632.0,,,,,,69.5,311.3,estimado_poblacion
1965,Juncos,21664.0,,,,,,69.5,311.7,estimado_poblacion
1966,Juncos,21696.0,,,,,,69.5,312.2,estimado_poblacion
1967,Juncos,21726.0,,,,,,69.5,312.6,estimado_poblacion
1968,Juncos,21759.0,,,,,,69.5,313.1,estimado_poblacion
1969,Juncos,21792.0,,,,,,69.5,313.6,estimado_poblacion
1970,Juncos,21904.0,59.0,2600.0,15.0,7.0,27.0,69.5,315.2,censo_decenal
1971,Juncos,22258.0,58.4,2990.0,14.9,7.6,27.3,69.5,320.3,estimado_anual
1972,Juncos,22620.0,57.8,3380.0,14.8,8.2,27.6,69.5,325.5,estimado_anual
1973,Juncos,22978.0,57.2,3770.0,14.7,8.8,27.9,69.5,330.6,estimado_anual
1974,Juncos,23338.0,56.6,4160.0,14.6,9.4,28.2,69.5,335.8,estimado_anual
1975,Juncos,23693.0,56.0,4550.0,14.5,10.0,28.5,69.5,340.9,estimado_anual
1976,Juncos,24050.0,55.4,4940.0,14.4,10.6,28.8,69.5,346.0,estimado_anual
1977,Juncos,24411.0,54.8,5330.0,14.3,11.2,29.1,69.5,351.2,estimado_anual
1978,Juncos,24771.0,54.2,5720.0,14.2,11.8,29.4,69.5,356.4,estimado_anual
1979,Juncos,25127.0,53.6,6110.0,14.1,12.4,29.7,69.5,361.5,estimado_anual
1980,Juncos,25511.0,53.0,6500.0,14.0,13.0,30.0,69.5,367.1,censo_decenal
1981,Juncos,25966.0,52.6,6960.0,13.8,13.4,30.3,69.5,373.6,estimado_anual
1982,Juncos,26436.0,52.2,7420.0,13.6,13.8,30.6,69.5,380.4,estimado_anual
1983,Juncos,26922.0,51.8,7880.0,13.4,14.2,30.9,69.5,387.4,estimado_anual
1984,Juncos,27422.0,51.4,8340.0,13.2,14.6,31.2,69.5,394.6,estimado_anual
1985,Juncos,27937.0,51.0,8800.0,13.0,15.0,31.5,69.5,402.0,estimado_anual
1986,Juncos,28466.0,50.6,9260.0,12.8,15.4,31.8,69.5,409.6,estimado_anual
1987,Juncos,29015.0,50.2,9720.0,12.6,15.8,32.1,69.5,417.5,estimado_anual
1988,Juncos,29579.0,49.8,10180.0,12.4,16.2,32.4,69.5,425.6,estimado_anual
1989,Juncos,30163.0,49.4,10640.0,12.2,16.6,32.7,69.5,434.0,estimado_anual
1990,Juncos,30741.0,49.0,11100.0,12.0,17.0,33.0,69.5,442.3,censo_decenal
1991,Juncos,31256.0,48.7,12220.0,11.9,17.3,33.4,69.5,449.7,estimado_anual
1992,Juncos,31788.0,48.4,13340.0,11.8,17.6,33.8,69.5,457.4,estimado_anual
1993,Juncos,32335.0,48.1,14460.0,11.7,17.9,34.2,69.5,465.3,estimado_anual
1994,Juncos,32895.0,47.8,15580.0,11.6,18.2,34.6,69.5,473.3,estimado_anual
1995,Juncos,33472.0,47.5,16700.0,11.5,18.5,35.0,69.5,481.6,estimado_anual
1996,Juncos,34067.0,47.2,17820.0,11.4,18.8,35.4,69.5,490.2,estimado_anual
1997,Juncos,34679.0,46.9,18940.0,11.3,19.1,35.8,69.5,499.0,estimado_anual
1998,Juncos,35307.0,46.6,20060.0,11.2,19.4,36.2,69.5,508.0,estimado_anual
1999,Juncos,35954.0,46.3,21180.0,11.1,19.7,36.6,69.5,517.3,estimado_anual
2000,Juncos,36550.0,46.0,22300.0,11.0,20.0,37.0,69.5,525.9,censo_decenal
2001,Juncos,37105.0,45.1,22350.0,11.0,20.2,37.2,69.5,533.9,estimado_anual
2002,Juncos,37633.0,44.2,22400.0,11.0,20.4,37.4,69.5,541.5,estimado_anual
2003,Juncos,38128.0,43.3,22450.0,11.0,20.6,37.6,69.5,548.6,estimado_anual
2004,Juncos,38623.0,42.4,22500.0,11.0,20.8,37.8,69.5,555.7,estimado_anual
2005,Juncos,39052.0,41.5,22550.0,11.0,21.0,38.0,69.5,561.9,estimado_anual
2006,Juncos,39359.0,40.6,22600.0,11.0,21.2,38.2,69.5,566.3,estimado_anual
2007,Juncos,39607.0,39.7,22650.0,11.0,21.4,38.4,69.5,569.9,estimado_anual
2008,Juncos,39846.0,38.8,22700.0,11.0,21.6,38.6,69.5,573.3,estimado_anual
2009,Juncos,40098.0,37.9,22750.0,11.0,21.8,38.8,69.5,576.9,estimado_anual
2010,Juncos,40320.0,37.0,22800.0,11.0,22.0,39.0,69.5,580.1,censo_decenal
2011,Juncos,40151.0,37.2,22807.6,11.0,22.0,39.0,69.5,577.7,estimado_anual
2012,Juncos,39978.0,37.4,22815.2,11.0,22.0,39.0,69.5,575.2,estimado_anual
2013,Juncos,39861.0,37.6,22822.8,11.0,22.0,39.0,69.5,573.5,estimado_anual
2014,Juncos,39446.0,37.8,22830.4,11.0,22.0,39.0,69.5,567.6,estimado_anual
2015,Juncos,39101.0,38.0,22838.0,11.0,22.0,39.0,69.5,562.6,estimado_anual
2016,Juncos,38703.0,38.2,22845.6,11.0,22.0,39.0,69.5,556.9,estimado_anual
2017,Juncos,38064.0,38.4,22853.2,11.0,22.0,39.0,69.5,547.7,estimado_anual
2018,Juncos,36760.0,38.6,22860.8,11.0,22.0,39.0,69.5,528.9,estimado_anual
2019,Juncos,37082.0,38.8,22868.4,11.0,22.0,39.0,69.5,533.6,estimado_anual
2020,Juncos,37023.0,39.0,22876.0,11.0,22.0,39.0,69.5,532.7,censo_decenal
2021,Juncos,36962.0,39.2,22883.6,11.0,22.0,39.0,69.5,531.8,estimado_anual
2022,Juncos,36600.0,39.4,22891.2,11.0,22.0,39.0,69.5,526.6,estimado_anual
2023,Juncos,36586.0,39.6,22898.8,11.0,22.0,39.0,69.5,526.4,estimado_anual
2024,Juncos,36677.0,39.8,22906.4,11.0,22.0,39.0,69.5,527.7,estimado_anual
2025,Juncos,36639.0,40.0,22914.0,11.0,22.0,39.0,69.5,527.2,estimado_anual
1950,Lajas,16303.0,,,,,,156.4,104.2,estimado_poblacion
1951,Lajas,16206.0,,,,,,156.4,103.6,estimado_poblacion
1952,Lajas,16113.0,,,,,,156.4,103.0,estimado_poblacion
1953,Lajas,16016.0,,,,,,156.4,102.4,estimado_poblacion
1954,Lajas,15920.0,,,,,,156.4,101.8,estimado_poblacion
1955,Lajas,15828.0,,,,,,156.4,101.2,estimado_poblacion
1956,Lajas,15731.0,,,,,,156.4,100.6,estimado_poblacion
1957,Lajas,15637.0,,,,,,156.4,100.0,estimado_poblacion
1958,Lajas,15540.0,,,,,,156.4,99.4,estimado_poblacion
1959,Lajas,15445.0,,,,,,156.4,98.8,estimado_poblacion
1960,Lajas,15402.0,,,,,,156.4,98.5,estimado_poblacion
1961,Lajas,15523.0,,,,,,156.4,99.3,estimado_poblacion
1962,Lajas,15637.0,,,,,,156.4,100.0,estimado_poblacion
1963,Lajas,15756.0,,,,,,156.4,100.7,estimado_poblacion
1964,Lajas,15872.0,,,,,,156.4,101.5,estimado_poblacion
1965,Lajas,15990.0,,,,,,156.4,102.2,estimado_poblacion
1966,Lajas,16111.0,,,,,,156.4,103.0,estimado_poblacion
1967,Lajas,16223.0,,,,,,156.4,103.7,estimado_poblacion
1968,Lajas,16343.0,,,,,,156.4,104.5,estimado_poblacion
1969,Lajas,16457.0,,,,,,156.4,105.2,estimado_poblacion
1970,Lajas,16658.0,70.0,1900.0,21.0,4.0,30.0,156.4,106.5,censo_decenal
1971,Lajas,17131.0,69.6,2180.0,21.0,4.3,30.4,156.4,109.5,estimado_anual
1972,Lajas,17600.0,69.2,2460.0,21.0,4.6,30.8,156.4,112.5,estimado_anual
1973,Lajas,18069.0,68.8,2740.0,21.0,4.9,31.2,156.4,115.5,estimado_anual
1974,Lajas,18539.0,68.4,3020.0,21.0,5.2,31.6,156.4,118.5,estimado_anual
1975,Lajas,19006.0,68.0,3300.0,21.0,5.5,32.0,156.4,121.5,estimado_anual
1976,Lajas,19472.0,67.6,3580.0,21.0,5.8,32.4,156.4,124.5,estimado_anual
1977,Lajas,19943.0,67.2,3860.0,21.0,6.1,32.8,156.4,127.5,estimado_anual
1978,Lajas,20414.0,66.8,4140.0,21.0,6.4,33.2,156.4,130.5,estimado_anual
1979,Lajas,20885.0,66.4,4420.0,21.0,6.7,33.6,156.4,133.5,estimado_anual
1980,Lajas,21275.0,66.0,4700.0,21.0,7.0,34.0,156.4,136.0,censo_decenal
1981,Lajas,21437.0,65.6,5070.0,20.8,7.3,34.3,156.4,137.1,estimado_anual
1982,Lajas,21610.0,65.2,5440.0,20.6,7.6,34.6,156.4,138.2,estimado_anual
1983,Lajas,21791.0,64.8,5810.0,20.4,7.9,34.9,156.4,139.3,estimado_anual
1984,Lajas,21980.0,64.4,6180.0,20.2,8.2,35.2,156.4,140.5,estimado_anual
1985,Lajas,22179.0,64.0,6550.0,20.0,8.5,35.5,156.4,141.8,estimado_anual
1986,Lajas,22388.0,63.6,6920.0,19.8,8.8,35.8,156.4,143.1,estimado_anual
1987,Lajas,22611.0,63.2,7290.0,19.6,9.1,36.1,156.4,144.6,estimado_anual
1988,Lajas,22842.0,62.8,7660.0,19.4,9.4,36.4,156.4,146.0,estimado_anual
1989,Lajas,23081.0,62.4,8030.0,19.2,9.7,36.7,156.4,147.6,estimado_anual
1990,Lajas,23335.0,62.0,8400.0,19.0,10.0,37.0,156.4,149.2,censo_decenal
1991,Lajas,23585.0,61.7,8930.0,18.8,10.3,37.5,156.4,150.8,estimado_anual
1992,Lajas,23846.0,61.4,9460.0,18.6,10.6,38.0,156.4,152.5,estimado_anual
1993,Lajas,24120.0,61.1,9990.0,18.4,10.9,38.5,156.4,154.2,estimado_anual
1994,Lajas,24402.0,60.8,10520.0,18.2,11.2,39.0,156.4,156.0,estimado_anual
1995,Lajas,24697.0,60.5,11050.0,18.0,11.5,39.5,156.4,157.9,estimado_anual
1996,Lajas,25002.0,60.2,11580.0,17.8,11.8,40.0,156.4,159.9,estimado_anual
1997,Lajas,25322.0,59.9,12110.0,17.6,12.1,40.5,156.4,161.9,estimado_anual
1998,Lajas,25652.0,59.6,12640.0,17.4,12.4,41.0,156.4,164.0,estimado_anual
1999,Lajas,25996.0,59.3,13170.0,17.2,12.7,41.5,156.4,166.2,estimado_anual
2000,Lajas,26299.0,59.0,13700.0,17.0,13.0,42.0,156.4,168.2,censo_decenal
2001,Lajas,26358.0,57.4,13730.0,17.1,13.1,42.1,156.4,168.5,estimado_anual
2002,Lajas,26390.0,55.8,13760.0,17.2,13.2,42.2,156.4,168.7,estimado_anual
2003,Lajas,26415.0,54.2,13790.0,17.3,13.3,42.3,156.4,168.9,estimado_anual
2004,Lajas,26417.0,52.6,13820.0,17.4,13.4,42.4,156.4,168.9,estimado_anual
2005,Lajas,26394.0,51.0,13850.0,17.5,13.5,42.5,156.4,168.8,estimado_anual
2006,Lajas,26281.0,49.4,13880.0,17.6,13.6,42.6,156.4,168.0,estimado_anual
2007,Lajas,26140.0,47.8,13910.0,17.7,13.7,42.7,156.4,167.1,estimado_anual
2008,Lajas,25996.0,46.2,13940.0,17.8,13.8,42.8,156.4,166.2,estimado_anual
2009,Lajas,25852.0,44.6,13970.0,17.9,13.9,42.9,156.4,165.3,estimado_anual
2010,Lajas,25744.0,43.0,14000.0,18.0,14.0,43.0,156.4,164.6,censo_decenal
2011,Lajas,25583.0,43.2,14012.3,18.1,14.1,43.2,156.4,163.6,estimado_anual
2012,Lajas,25468.0,43.4,14024.6,18.2,14.2,43.4,156.4,162.8,estimado_anual
2013,Lajas,25303.0,43.6,14036.9,18.3,14.3,43.6,156.4,161.8,estimado_anual
2014,Lajas,25053.0,43.8,14049.2,18.4,14.4,43.8,156.4,160.2,estimado_anual
2015,Lajas,24735.0,44.0,14061.5,18.5,14.5,44.0,156.4,158.2,estimado_anual
2016,Lajas,24416.0,44.2,14073.8,18.6,14.6,44.2,156.4,156.1,estimado_anual
2017,Lajas,24005.0,44.4,14086.1,18.7,14.7,44.4,156.4,153.5,estimado_anual
2018,Lajas,23301.0,44.6,14098.4,18.8,14.8,44.6,156.4,149.0,estimado_anual
2019,Lajas,23438.0,44.8,14110.7,18.9,14.9,44.8,156.4,149.9,estimado_anual
2020,Lajas,23280.0,45.0,14123.0,19.0,15.0,45.0,156.4,148.8,censo_decenal
2021,Lajas,23216.0,45.2,14135.3,19.1,15.1,45.2,156.4,148.4,estimado_anual
2022,Lajas,22925.0,45.4,14147.6,19.2,15.2,45.4,156.4,146.6,estimado_anual
2023,Lajas,22860.0,45.6,14159.9,19.3,15.3,45.6,156.4,146.2,estimado_anual
2024,Lajas,22867.0,45.8,14172.2,19.4,15.4,45.8,156.4,146.2,estimado_anual
2025,Lajas,22784.0,46.0,14184.5,19.5,15.5,46.0,156.4,145.7,estimado_anual
1950,Lares,29875.0,,,,,,165.5,180.5,estimado_poblacion
1951,Lares,29574.0,,,,,,165.5,178.7,estimado_poblacion
1952,Lares,29269.0,,,,,,165.5,176.9,estimado_poblacion
1953,Lares,28966.0,,,,,,165.5,175.0,estimado_poblacion
1954,Lares,28661.0,,,,,,165.5,173.2,estimado_poblacion
1955,Lares,28362.0,,,,,,165.5,171.4,estimado_poblacion
1956,Lares,28060.0,,,,,,165.5,169.5,estimado_poblacion
1957,Lares,27757.0,,,,,,165.5,167.7,estimado_poblacion
1958,Lares,27453.0,,,,,,165.5,165.9,estimado_poblacion
1959,Lares,27150.0,,,,,,165.5,164.0,estimado_poblacion
1960,Lares,26882.0,,,,,,165.5,162.4,estimado_poblacion
1961,Lares,26713.0,,,,,,165.5,161.4,estimado_poblacion
1962,Lares,26547.0,,,,,,165.5,160.4,estimado_poblacion
1963,Lares,26383.0,,,,,,165.5,159.4,estimado_poblacion
1964,Lares,26217.0,,,,,,165.5,158.4,estimado_poblacion
1965,Lares,26050.0,,,,,,165.5,157.4,estimado_poblacion
1966,Lares,25888.0,,,,,,165.5,156.4,estimado_poblacion
1967,Lares,25718.0,,,,,,165.5,155.4,estimado_poblacion
1968,Lares,25553.0,,,,,,165.5,154.4,estimado_poblacion
1969,Lares,25389.0,,,,,,165.5,153.4,estimado_poblacion
1970,Lares,25296.0,72.0,1700.0,22.0,3.0,29.0,165.5,152.8,censo_decenal
1971,Lares,25446.0,71.6,1960.0,22.0,3.3,29.4,165.5,153.8,estimado_anual
1972,Lares,25598.0,71.2,2220.0,22.0,3.6,29.8,165.5,154.7,estimado_anual
1973,Lares,25746.0,70.8,2480.0,22.0,3.9,30.2,165.5,155.6,estimado_anual
1974,Lares,25891.0,70.4,2740.0,22.0,4.2,30.6,165.5,156.4,estimado_anual
1975,Lares,26039.0,70.0,3000.0,22.0,4.5,31.0,165.5,157.3,estimado_anual
1976,Lares,26186.0,69.6,3260.0,22.0,4.8,31.4,165.5,158.2,estimado_anual
1977,Lares,26336.0,69.2,3520.0,22.0,5.1,31.8,165.5,159.1,estimado_anual
1978,Lares,26484.0,68.8,3780.0,22.0,5.4,32.2,165.5,160.0,estimado_anual
1979,Lares,26633.0,68.4,4040.0,22.0,5.7,32.6,165.5,160.9,estimado_anual
1980,Lares,26787.0,68.0,4300.0,22.0,6.0,33.0,165.5,161.9,censo_decenal
1981,Lares,26977.0,67.6,4640.0,21.8,6.3,33.4,165.5,163.0,estimado_anual
1982,Lares,27174.0,67.2,4980.0,21.6,6.6,33.8,165.5,164.2,estimado_anual
1983,Lares,27380.0,66.8,5320.0,21.4,6.9,34.2,165.5,165.4,estimado_anual
1984,Lares,27596.0,66.4,5660.0,21.2,7.2,34.6,165.5,166.7,estimado_anual
1985,Lares,27818.0,66.0,6000.0,21.0,7.5,35.0,165.5,168.1,estimado_anual
1986,Lares,28052.0,65.6,6340.0,20.8,7.8,35.4,165.5,169.5,estimado_anual
1987,Lares,28294.0,65.2,6680.0,20.6,8.1,35.8,165.5,171.0,estimado_anual
1988,Lares,28547.0,64.8,7020.0,20.4,8.4,36.2,165.5,172.5,estimado_anual
1989,Lares,28810.0,64.4,7360.0,20.2,8.7,36.6,165.5,174.1,estimado_anual
1990,Lares,29133.0,64.0,7700.0,20.0,9.0,37.0,165.5,176.0,censo_decenal
1991,Lares,29607.0,63.7,8160.0,19.9,9.2,37.4,165.5,178.9,estimado_anual
1992,Lares,30095.0,63.4,8620.0,19.8,9.4,37.8,165.5,181.8,estimado_anual
1993,Lares,30601.0,63.1,9080.0,19.7,9.6,38.2,165.5,184.9,estimado_anual
1994,Lares,31115.0,62.8,9540.0,19.6,9.8,38.6,165.5,188.0,estimado_anual
1995,Lares,31650.0,62.5,10000.0,19.5,10.0,39.0,165.5,191.2,estimado_anual
1996,Lares,32200.0,62.2,10460.0,19.4,10.2,39.4,165.5,194.6,estimado_anual
1997,Lares,32768.0,61.9,10920.0,19.3,10.4,39.8,165.5,198.0,estimado_anual
1998,Lares,33351.0,61.6,11380.0,19.2,10.6,40.2,165.5,201.5,estimado_anual
1999,Lares,33954.0,61.3,11840.0,19.1,10.8,40.6,165.5,205.2,estimado_anual
2000,Lares,34369.0,61.0,12300.0,19.0,11.0,41.0,165.5,207.7,censo_decenal
2001,Lares,34151.0,59.0,12330.0,19.1,11.1,41.1,165.5,206.4,estimado_anual
2002,Lares,33902.0,57.0,12360.0,19.2,11.2,41.2,165.5,204.8,estimado_anual
2003,Lares,33618.0,55.0,12390.0,19.3,11.3,41.3,165.5,203.1,estimado_anual
2004,Lares,33338.0,53.0,12420.0,19.4,11.4,41.4,165.5,201.4,estimado_anual
2005,Lares,32999.0,51.0,12450.0,19.5,11.5,41.5,165.5,199.4,estimado_anual
2006,Lares,32555.0,49.0,12480.0,19.6,11.6,41.6,165.5,196.7,estimado_anual
2007,Lares,32059.0,47.0,12510.0,19.7,11.7,41.7,165.5,193.7,estimado_anual
2008,Lares,31567.0,45.0,12540.0,19.8,11.8,41.8,165.5,190.7,estimado_anual
2009,Lares,31101.0,43.0,12570.0,19.9,11.9,41.9,165.5,187.9,estimado_anual
2010,Lares,30737.0,41.0,12600.0,20.0,12.0,42.0,165.5,185.7,censo_decenal
2011,Lares,30537.0,41.2,12605.4,20.0,12.0,42.1,165.5,184.5,estimado_anual
2012,Lares,30327.0,41.4,12610.8,20.0,12.0,42.2,165.5,183.2,estimado_anual
2013,Lares,30181.0,41.6,12616.2,20.0,12.0,42.3,165.5,182.4,estimado_anual
2014,Lares,29919.0,41.8,12621.6,20.0,12.0,42.4,165.5,180.8,estimado_anual
2015,Lares,29607.0,42.0,12627.0,20.0,12.0,42.5,165.5,178.9,estimado_anual
2016,Lares,29242.0,42.2,12632.4,20.0,12.0,42.6,165.5,176.7,estimado_anual
2017,Lares,28822.0,42.4,12637.8,20.0,12.0,42.7,165.5,174.2,estimado_anual
2018,Lares,27992.0,42.6,12643.2,20.0,12.0,42.8,165.5,169.1,estimado_anual
2019,Lares,28182.0,42.8,12648.6,20.0,12.0,42.9,165.5,170.3,estimado_anual
2020,Lares,28114.0,43.0,12654.0,20.0,12.0,43.0,165.5,169.9,censo_decenal
2021,Lares,28022.0,43.2,12659.4,20.0,12.0,43.1,165.5,169.3,estimado_anual
2022,Lares,27815.0,43.4,12664.8,20.0,12.0,43.2,165.5,168.1,estimado_anual
2023,Lares,27792.0,43.6,12670.2,20.0,12.0,43.3,165.5,167.9,estimado_anual
2024,Lares,27816.0,43.8,12675.6,20.0,12.0,43.4,165.5,168.1,estimado_anual
2025,Lares,27744.0,44.0,12681.0,20.0,12.0,43.5,165.5,167.6,estimado_anual
1950,Las Marías,10768.0,,,,,,118.9,90.6,estimado_poblacion
1951,Las Marías,10610.0,,,,,,118.9,89.2,estimado_poblacion
1952,Las Marías,10454.0,,,,,,118.9,87.9,estimado_poblacion
1953,Las Marías,10299.0,,,,,,118.9,86.6,estimado_poblacion
1954,Las Marías,10138.0,,,,,,118.9,85.3,estimado_poblacion
1955,Las Marías,9983.0,,,,,,118.9,84.0,estimado_poblacion
1956,Las Marías,9827.0,,,,,,118.9,82.6,estimado_poblacion
1957,Las Marías,9669.0,,,,,,118.9,81.3,estimado_poblacion
1958,Las Marías,9512.0,,,,,,118.9,80.0,estimado_poblacion
1959,Las Marías,9353.0,,,,,,118.9,78.7,estimado_poblacion
1960,Las Marías,9202.0,,,,,,118.9,77.4,estimado_poblacion
1961,Las Marías,9066.0,,,,,,118.9,76.2,estimado_poblacion
1962,Las Marías,8924.0,,,,,,118.9,75.1,estimado_poblacion
1963,Las Marías,8785.0,,,,,,118.9,73.9,estimado_poblacion
1964,Las Marías,8645.0,,,,,,118.9,72.7,estimado_poblacion
1965,Las Marías,8504.0,,,,,,118.9,71.5,estimado_poblacion
1966,Las Marías,8367.0,,,,,,118.9,70.4,estimado_poblacion
1967,Las Marías,8224.0,,,,,,118.9,69.2,estimado_poblacion
1968,Las Marías,8084.0,,,,,,118.9,68.0,estimado_poblacion
1969,Las Marías,7945.0,,,,,,118.9,66.8,estimado_poblacion
1970,Las Marías,7866.0,77.0,1500.0,25.0,2.0,30.0,118.9,66.2,censo_decenal
1971,Las Marías,7953.0,76.6,1720.0,25.0,2.2,30.5,118.9,66.9,estimado_anual
1972,Las Marías,8045.0,76.2,1940.0,25.0,2.4,31.0,118.9,67.7,estimado_anual
1973,Las Marías,8136.0,75.8,2160.0,25.0,2.6,31.5,118.9,68.4,estimado_anual
1974,Las Marías,8226.0,75.4,2380.0,25.0,2.8,32.0,118.9,69.2,estimado_anual
1975,Las Marías,8315.0,75.0,2600.0,25.0,3.0,32.5,118.9,69.9,estimado_anual
1976,Las Marías,8407.0,74.6,2820.0,25.0,3.2,33.0,118.9,70.7,estimado_anual
1977,Las Marías,8498.0,74.2,3040.0,25.0,3.4,33.5,118.9,71.5,estimado_anual
1978,Las Marías,8589.0,73.8,3260.0,25.0,3.6,34.0,118.9,72.2,estimado_anual
1979,Las Marías,8676.0,73.4,3480.0,25.0,3.8,34.5,118.9,73.0,estimado_anual
1980,Las Marías,8757.0,73.0,3700.0,25.0,4.0,35.0,118.9,73.7,censo_decenal
1981,Las Marías,8799.0,72.7,3990.0,24.8,4.3,35.3,118.9,74.0,estimado_anual
1982,Las Marías,8841.0,72.4,4280.0,24.6,4.6,35.6,118.9,74.4,estimado_anual
1983,Las Marías,8887.0,72.1,4570.0,24.4,4.9,35.9,118.9,74.7,estimado_anual
1984,Las Marías,8942.0,71.8,4860.0,24.2,5.2,36.2,118.9,75.2,estimado_anual
1985,Las Marías,8995.0,71.5,5150.0,24.0,5.5,36.5,118.9,75.7,estimado_anual
1986,Las Marías,9054.0,71.2,5440.0,23.8,5.8,36.8,118.9,76.1,estimado_anual
1987,Las Marías,9117.0,70.9,5730.0,23.6,6.1,37.1,118.9,76.7,estimado_anual
1988,Las Marías,9184.0,70.6,6020.0,23.4,6.4,37.4,118.9,77.2,estimado_anual
1989,Las Marías,9253.0,70.3,6310.0,23.2,6.7,37.7,118.9,77.8,estimado_anual
1990,Las Marías,9342.0,70.0,6600.0,23.0,7.0,38.0,118.9,78.6,censo_decenal
1991,Las Marías,9494.0,69.7,7010.0,22.8,7.2,38.5,118.9,79.8,estimado_anual
1992,Las Marías,9647.0,69.4,7420.0,22.6,7.4,39.0,118.9,81.1,estimado_anual
1993,Las Marías,9810.0,69.1,7830.0,22.4,7.6,39.5,118.9,82.5,estimado_anual
1994,Las Marías,9978.0,68.8,8240.0,22.2,7.8,40.0,118.9,83.9,estimado_anual
1995,Las Marías,10152.0,68.5,8650.0,22.0,8.0,40.5,118.9,85.4,estimado_anual
1996,Las Marías,10328.0,68.2,9060.0,21.8,8.2,41.0,118.9,86.9,estimado_anual
1997,Las Marías,10514.0,67.9,9470.0,21.6,8.4,41.5,118.9,88.4,estimado_anual
1998,Las Marías,10708.0,67.6,9880.0,21.4,8.6,42.0,118.9,90.1,estimado_anual
1999,Las Marías,10907.0,67.3,10290.0,21.2,8.8,42.5,118.9,91.7,estimado_anual
2000,Las Marías,11040.0,67.0,10700.0,21.0,9.0,43.0,118.9,92.9,censo_decenal
2001,Las Marías,10974.0,64.8,10730.0,21.2,9.1,43.1,118.9,92.3,estimado_anual
2002,Las Marías,10893.0,62.6,10760.0,21.4,9.2,43.2,118.9,91.6,estimado_anual
2003,Las Marías,10811.0,60.4,10790.0,21.6,9.3,43.3,118.9,90.9,estimado_anual
2004,Las Marías,10720.0,58.2,10820.0,21.8,9.4,43.4,118.9,90.2,estimado_anual
2005,Las Marías,10609.0,56.0,10850.0,22.0,9.5,43.5,118.9,89.2,estimado_anual
2006,Las Marías,10462.0,53.8,10880.0,22.2,9.6,43.6,118.9,88.0,estimado_anual
2007,Las Marías,10304.0,51.6,10910.0,22.4,9.7,43.7,118.9,86.7,estimado_anual
2008,Las Marías,10147.0,49.4,10940.0,22.6,9.8,43.8,118.9,85.3,estimado_anual
2009,Las Marías,9994.0,47.2,10970.0,22.8,9.9,43.9,118.9,84.1,estimado_anual
2010,Las Marías,9896.0,45.0,11000.0,23.0,10.0,44.0,118.9,83.2,censo_decenal
2011,Las Marías,9816.0,45.2,11012.3,23.0,10.1,44.3,118.9,82.6,estimado_anual
2012,Las Marías,9748.0,45.4,11024.6,23.0,10.2,44.6,118.9,82.0,estimado_anual
2013,Las Marías,9697.0,45.6,11036.9,23.0,10.3,44.9,118.9,81.6,estimado_anual
2014,Las Marías,9575.0,45.8,11049.2,23.0,10.4,45.2,118.9,80.5,estimado_anual
2015,Las Marías,9451.0,46.0,11061.5,23.0,10.5,45.5,118.9,79.5,estimado_anual
2016,Las Marías,9346.0,46.2,11073.8,23.0,10.6,45.8,118.9,78.6,estimado_anual
2017,Las Marías,9181.0,46.4,11086.1,23.0,10.7,46.1,118.9,77.2,estimado_anual
2018,Las Marías,8871.0,46.6,11098.4,23.0,10.8,46.4,118.9,74.6,estimado_anual
2019,Las Marías,8929.0,46.8,11110.7,23.0,10.9,46.7,118.9,75.1,estimado_anual
2020,Las Marías,8848.0,47.0,11123.0,23.0,11.0,47.0,118.9,74.4,censo_decenal
2021,Las Marías,8810.0,47.2,11135.3,23.0,11.1,47.3,118.9,74.1,estimado_anual
2022,Las Marías,8697.0,47.4,11147.6,23.0,11.2,47.6,118.9,73.1,estimado_anual
2023,Las Marías,8668.0,47.6,11159.9,23.0,11.3,47.9,118.9,72.9,estimado_anual
2024,Las Marías,8690.0,47.8,11172.2,23.0,11.4,48.2,118.9,73.1,estimado_anual
2025,Las Marías,8638.0,48.0,11184.5,23.0,11.5,48.5,118.9,72.6,estimado_anual
1950,Las Piedras,16230.0,,,,,,89.5,181.3,estimado_poblacion
1951,Las Piedras,16313.0,,,,,,89.5,182.3,estimado_poblacion
1952,Las Piedras,16397.0,,,,,,89.5,183.2,estimado_poblacion
1953,Las Piedras,16481.0,,,,,,89.5,184.1,estimado_poblacion
1954,Las Piedras,16563.0,,,,,,89.5,185.1,estimado_poblacion
1955,Las Piedras,16648.0,,,,,,89.5,186.0,estimado_poblacion
1956,Las Piedras,16733.0,,,,,,89.5,187.0,estimado_poblacion
1957,Las Piedras,16818.0,,,,,,89.5,187.9,estimado_poblacion
1958,Las Piedras,16899.0,,,,,,89.5,188.8,estimado_poblacion
1959,Las Piedras,16982.0,,,,,,89.5,189.7,estimado_poblacion
1960,Las Piedras,17074.0,,,,,,89.5,190.8,estimado_poblacion
1961,Las Piedras,17177.0,,,,,,89.5,191.9,estimado_poblacion
1962,Las Piedras,17284.0,,,,,,89.5,193.1,estimado_poblacion
1963,Las Piedras,17391.0,,,,,,89.5,194.3,estimado_poblacion
1964,Las Piedras,17499.0,,,,,,89.5,195.5,estimado_poblacion
1965,Las Piedras,17604.0,,,,,,89.5,196.7,estimado_poblacion
1966,Las Piedras,17709.0,,,,,,89.5,197.9,estimado_poblacion
1967,Las Piedras,17818.0,,,,,,89.5,199.1,estimado_poblacion
1968,Las Piedras,17925.0,,,,,,89.5,200.3,estimado_poblacion
1969,Las Piedras,18030.0,,,,,,89.5,201.5,estimado_poblacion
1970,Las Piedras,18220.0,60.0,2600.0,15.0,7.0,27.0,89.5,203.6,censo_decenal
1971,Las Piedras,18649.0,59.4,2990.0,14.9,7.6,27.3,89.5,208.4,estimado_anual
1972,Las Piedras,19076.0,58.8,3380.0,14.8,8.2,27.6,89.5,213.1,estimado_anual
1973,Las Piedras,19512.0,58.2,3770.0,14.7,8.8,27.9,89.5,218.0,estimado_anual
1974,Las Piedras,19939.0,57.6,4160.0,14.6,9.4,28.2,89.5,222.8,estimado_anual
1975,Las Piedras,20373.0,57.0,4550.0,14.5,10.0,28.5,89.5,227.6,estimado_anual
1976,Las Piedras,20798.0,56.4,4940.0,14.4,10.6,28.8,89.5,232.4,estimado_anual
1977,Las Piedras,21230.0,55.8,5330.0,14.3,11.2,29.1,89.5,237.2,estimado_anual
1978,Las Piedras,21659.0,55.2,5720.0,14.2,11.8,29.4,89.5,242.0,estimado_anual
1979,Las Piedras,22090.0,54.6,6110.0,14.1,12.4,29.7,89.5,246.8,estimado_anual
1980,Las Piedras,22525.0,54.0,6500.0,14.0,13.0,30.0,89.5,251.7,censo_decenal
1981,Las Piedras,22990.0,53.6,6960.0,13.8,13.4,30.3,89.5,256.9,estimado_anual
1982,Las Piedras,23471.0,53.2,7420.0,13.6,13.8,30.6,89.5,262.2,estimado_anual
1983,Las Piedras,23974.0,52.8,7880.0,13.4,14.2,30.9,89.5,267.9,estimado_anual
1984,Las Piedras,24490.0,52.4,8340.0,13.2,14.6,31.2,89.5,273.6,estimado_anual
1985,Las Piedras,25032.0,52.0,8800.0,13.0,15.0,31.5,89.5,279.7,estimado_anual
1986,Las Piedras,25592.0,51.6,9260.0,12.8,15.4,31.8,89.5,285.9,estimado_anual
1987,Las Piedras,26175.0,51.2,9720.0,12.6,15.8,32.1,89.5,292.5,estimado_anual
1988,Las Piedras,26780.0,50.8,10180.0,12.4,16.2,32.4,89.5,299.2,estimado_anual
1989,Las Piedras,27408.0,50.4,10640.0,12.2,16.6,32.7,89.5,306.2,estimado_anual
1990,Las Piedras,28036.0,50.0,11100.0,12.0,17.0,33.0,89.5,313.3,censo_decenal
1991,Las Piedras,28607.0,49.7,12090.0,11.9,17.2,33.4,89.5,319.6,estimado_anual
1992,Las Piedras,29196.0,49.4,13080.0,11.8,17.4,33.8,89.5,326.2,estimado_anual
1993,Las Piedras,29802.0,49.1,14070.0,11.7,17.6,34.2,89.5,333.0,estimado_anual
1994,Las Piedras,30430.0,48.8,15060.0,11.6,17.8,34.6,89.5,340.0,estimado_anual
1995,Las Piedras,31080.0,48.5,16050.0,11.5,18.0,35.0,89.5,347.3,estimado_anual
1996,Las Piedras,31754.0,48.2,17040.0,11.4,18.2,35.4,89.5,354.8,estimado_anual
1997,Las Piedras,32448.0,47.9,18030.0,11.3,18.4,35.8,89.5,362.5,estimado_anual
1998,Las Piedras,33165.0,47.6,19020.0,11.2,18.6,36.2,89.5,370.6,estimado_anual
1999,Las Piedras,33908.0,47.3,20010.0,11.1,18.8,36.6,89.5,378.9,estimado_anual
2000,Las Piedras,34651.0,47.0,21000.0,11.0,19.0,37.0,89.5,387.2,censo_decenal
2001,Las Piedras,35231.0,46.1,21050.0,11.1,19.1,37.2,89.5,393.6,estimado_anual
2002,Las Piedras,35783.0,45.2,21100.0,11.2,19.2,37.4,89.5,399.8,estimado_anual
2003,Las Piedras,36305.0,44.3,21150.0,11.3,19.3,37.6,89.5,405.6,estimado_anual
2004,Las Piedras,36819.0,43.4,21200.0,11.4,19.4,37.8,89.5,411.4,estimado_anual
2005,Las Piedras,37278.0,42.5,21250.0,11.5,19.5,38.0,89.5,416.5,estimado_anual
2006,Las Piedras,37619.0,41.6,21300.0,11.6,19.6,38.2,89.5,420.3,estimado_anual
2007,Las Piedras,37883.0,40.7,21350.0,11.7,19.7,38.4,89.5,423.3,estimado_anual
2008,Las Piedras,38153.0,39.8,21400.0,11.8,19.8,38.6,89.5,426.3,estimado_anual
2009,Las Piedras,38448.0,38.9,21450.0,11.9,19.9,38.8,89.5,429.6,estimado_anual
2010,Las Piedras,38668.0,38.0,21500.0,12.0,20.0,39.0,89.5,432.0,censo_decenal
2011,Las Piedras,38537.0,38.1,21504.3,12.0,20.0,39.0,89.5,430.6,estimado_anual
2012,Las Piedras,38310.0,38.2,21508.6,12.0,20.0,39.0,89.5,428.0,estimado_anual
2013,Las Piedras,38114.0,38.3,21512.9,12.0,20.0,39.0,89.5,425.9,estimado_anual
2014,Las Piedras,37759.0,38.4,21517.2,12.0,20.0,39.0,89.5,421.9,estimado_anual
2015,Las Piedras,37336.0,38.5,21521.5,12.0,20.0,39.0,89.5,417.2,estimado_anual
2016,Las Piedras,36892.0,38.6,21525.8,12.0,20.0,39.0,89.5,412.2,estimado_anual
2017,Las Piedras,36239.0,38.7,21530.1,12.0,20.0,39.0,89.5,404.9,estimado_anual
2018,Las Piedras,34982.0,38.8,21534.4,12.0,20.0,39.0,89.5,390.9,estimado_anual
2019,Las Piedras,35272.0,38.9,21538.7,12.0,20.0,39.0,89.5,394.1,estimado_anual
2020,Las Piedras,35172.0,39.0,21543.0,12.0,20.0,39.0,89.5,393.0,censo_decenal
2021,Las Piedras,35111.0,39.1,21547.3,12.0,20.0,39.0,89.5,392.3,estimado_anual
2022,Las Piedras,34753.0,39.2,21551.6,12.0,20.0,39.0,89.5,388.3,estimado_anual
2023,Las Piedras,34672.0,39.3,21555.9,12.0,20.0,39.0,89.5,387.4,estimado_anual
2024,Las Piedras,34798.0,39.4,21560.2,12.0,20.0,39.0,89.5,388.8,estimado_anual
2025,Las Piedras,34723.0,39.5,21564.5,12.0,20.0,39.0,89.5,388.0,estimado_anual
1950,Loíza,24842.0,,,,,,51.0,487.1,estimado_poblacion
1951,Loíza,25175.0,,,,,,51.0,493.6,estimado_poblacion
1952,Loíza,25515.0,,,,,,51.0,500.3,estimado_poblacion
1953,Loíza,25852.0,,,,,,51.0,506.9,estimado_poblacion
1954,Loíza,26190.0,,,,,,51.0,513.5,estimado_poblacion
1955,Loíza,26528.0,,,,,,51.0,520.2,estimado_poblacion
1956,Loíza,26862.0,,,,,,51.0,526.7,estimado_poblacion
1957,Loíza,27204.0,,,,,,51.0,533.4,estimado_poblacion
1958,Loíza,27539.0,,,,,,51.0,540.0,estimado_poblacion
1959,Loíza,27879.0,,,,,,51.0,546.6,estimado_poblacion
1960,Loíza,28403.0,,,,,,51.0,556.9,estimado_poblacion
1961,Loíza,29495.0,,,,,,51.0,578.3,estimado_poblacion
1962,Loíza,30586.0,,,,,,51.0,599.7,estimado_poblacion
1963,Loíza,31677.0,,,,,,51.0,621.1,estimado_poblacion
1964,Loíza,32774.0,,,,,,51.0,642.6,estimado_poblacion
1965,Loíza,33872.0,,,,,,51.0,664.2,estimado_poblacion
1966,Loíza,34959.0,,,,,,51.0,685.5,estimado_poblacion
1967,Loíza,36053.0,,,,,,51.0,706.9,estimado_poblacion
1968,Loíza,37151.0,,,,,,51.0,728.5,estimado_poblacion
1969,Loíza,38236.0,,,,,,51.0,749.7,estimado_poblacion
1970,Loíza,39401.0,72.0,1800.0,22.0,3.0,27.0,51.0,772.6,censo_decenal
1971,Loíza,40770.0,71.6,2070.0,22.0,3.2,27.3,51.0,799.4,estimado_anual
1972,Loíza,42141.0,71.2,2340.0,22.0,3.4,27.6,51.0,826.3,estimado_anual
1973,Loíza,43507.0,70.8,2610.0,22.0,3.6,27.9,51.0,853.1,estimado_anual
1974,Loíza,44882.0,70.4,2880.0,22.0,3.8,28.2,51.0,880.0,estimado_anual
1975,Loíza,46243.0,70.0,3150.0,22.0,4.0,28.5,51.0,906.7,estimado_anual
1976,Loíza,47613.0,69.6,3420.0,22.0,4.2,28.8,51.0,933.6,estimado_anual
1977,Loíza,48981.0,69.2,3690.0,22.0,4.4,29.1,51.0,960.4,estimado_anual
1978,Loíza,50349.0,68.8,3960.0,22.0,4.6,29.4,51.0,987.2,estimado_anual
1979,Loíza,51721.0,68.4,4230.0,22.0,4.8,29.7,51.0,1014.1,estimado_anual
1980,Loíza,21037.0,68.0,4500.0,22.0,5.0,30.0,51.0,412.5,censo_decenal
1981,Loíza,21738.0,67.6,4850.0,21.8,5.3,30.3,51.0,426.2,estimado_anual
1982,Loíza,22463.0,67.2,5200.0,21.6,5.6,30.6,51.0,440.5,estimado_anual
1983,Loíza,23224.0,66.8,5550.0,21.4,5.9,30.9,51.0,455.4,estimado_anual
1984,Loíza,24016.0,66.4,5900.0,21.2,6.2,31.2,51.0,470.9,estimado_anual
1985,Loíza,24847.0,66.0,6250.0,21.0,6.5,31.5,51.0,487.2,estimado_anual
1986,Loíza,25708.0,65.6,6600.0,20.8,6.8,31.8,51.0,504.1,estimado_anual
1987,Loíza,26614.0,65.2,6950.0,20.6,7.1,32.1,51.0,521.8,estimado_anual
1988,Loíza,27555.0,64.8,7300.0,20.4,7.4,32.4,51.0,540.3,estimado_anual
1989,Loíza,28538.0,64.4,7650.0,20.2,7.7,32.7,51.0,559.6,estimado_anual
1990,Loíza,29368.0,64.0,8000.0,20.0,8.0,33.0,51.0,575.8,censo_decenal
1991,Loíza,29622.0,63.7,8690.0,19.8,8.3,33.3,51.0,580.8,estimado_anual
1992,Loíza,29895.0,63.4,9380.0,19.6,8.6,33.6,51.0,586.2,estimado_anual
1993,Loíza,30179.0,63.1,10070.0,19.4,8.9,33.9,51.0,591.7,estimado_anual
1994,Loíza,30480.0,62.8,10760.0,19.2,9.2,34.2,51.0,597.6,estimado_anual
1995,Loíza,30796.0,62.5,11450.0,19.0,9.5,34.5,51.0,603.8,estimado_anual
1996,Loíza,31129.0,62.2,12140.0,18.8,9.8,34.8,51.0,610.4,estimado_anual
1997,Loíza,31478.0,61.9,12830.0,18.6,10.1,35.1,51.0,617.2,estimado_anual
1998,Loíza,31849.0,61.6,13520.0,18.4,10.4,35.4,51.0,624.5,estimado_anual
1999,Loíza,32235.0,61.3,14210.0,18.2,10.7,35.7,51.0,632.1,estimado_anual
2000,Loíza,32509.0,61.0,14900.0,18.0,11.0,36.0,51.0,637.4,censo_decenal
2001,Loíza,32436.0,58.6,14930.0,18.1,11.2,36.1,51.0,636.0,estimado_anual
2002,Loíza,32311.0,56.2,14960.0,18.2,11.4,36.2,51.0,633.5,estimado_anual
2003,Loíza,32152.0,53.8,14990.0,18.3,11.6,36.3,51.0,630.4,estimado_anual
2004,Loíza,31973.0,51.4,15020.0,18.4,11.8,36.4,51.0,626.9,estimado_anual
2005,Loíza,31757.0,49.0,15050.0,18.5,12.0,36.5,51.0,622.7,estimado_anual
2006,Loíza,31442.0,46.6,15080.0,18.6,12.2,36.6,51.0,616.5,estimado_anual
2007,Loíza,31046.0,44.2,15110.0,18.7,12.4,36.7,51.0,608.7,estimado_anual
2008,Loíza,30679.0,41.8,15140.0,18.8,12.6,36.8,51.0,601.5,estimado_anual
2009,Loíza,30328.0,39.4,15170.0,18.9,12.8,36.9,51.0,594.7,estimado_anual
2010,Loíza,30003.0,37.0,15200.0,19.0,13.0,37.0,51.0,588.3,censo_decenal
2011,Loíza,29456.0,37.1,15211.2,19.0,13.0,37.1,51.0,577.6,estimado_anual
2012,Loíza,28886.0,37.2,15222.4,19.0,13.0,37.2,51.0,566.4,estimado_anual
2013,Loíza,28367.0,37.3,15233.6,19.0,13.0,37.3,51.0,556.2,estimado_anual
2014,Loíza,27697.0,37.4,15244.8,19.0,13.0,37.4,51.0,543.1,estimado_anual
2015,Loíza,26947.0,37.5,15256.0,19.0,13.0,37.5,51.0,528.4,estimado_anual
2016,Loíza,26264.0,37.6,15267.2,19.0,13.0,37.6,51.0,515.0,estimado_anual
2017,Loíza,25441.0,37.7,15278.4,19.0,13.0,37.7,51.0,498.8,estimado_anual
2018,Loíza,24217.0,37.8,15289.6,19.0,13.0,37.8,51.0,474.8,estimado_anual
2019,Loíza,24020.0,37.9,15300.8,19.0,13.0,37.9,51.0,471.0,estimado_anual
2020,Loíza,23599.0,38.0,15312.0,19.0,13.0,38.0,51.0,462.7,censo_decenal
2021,Loíza,23208.0,38.1,15323.2,19.0,13.0,38.1,51.0,455.1,estimado_anual
2022,Loíza,22599.0,38.2,15334.4,19.0,13.0,38.2,51.0,443.1,estimado_anual
2023,Loíza,22213.0,38.3,15345.6,19.0,13.0,38.3,51.0,435.5,estimado_anual
2024,Loíza,21927.0,38.4,15356.8,19.0,13.0,38.4,51.0,429.9,estimado_anual
2025,Loíza,21542.0,38.5,15368.0,19.0,13.0,38.5,51.0,422.4,estimado_anual
1950,Luquillo,9929.0,,,,,,65.8,150.9,estimado_poblacion
1951,Luquillo,9794.0,,,,,,65.8,148.8,estimado_poblacion
1952,Luquillo,9657.0,,,,,,65.8,146.8,estimado_poblacion
1953,Luquillo,9518.0,,,,,,65.8,144.7,estimado_poblacion
1954,Luquillo,9378.0,,,,,,65.8,142.5,estimado_poblacion
1955,Luquillo,9241.0,,,,,,65.8,140.4,estimado_poblacion
1956,Luquillo,9101.0,,,,,,65.8,138.3,estimado_poblacion
1957,Luquillo,8966.0,,,,,,65.8,136.3,estimado_poblacion
1958,Luquillo,8826.0,,,,,,65.8,134.1,estimado_poblacion
1959,Luquillo,8684.0,,,,,,65.8,132.0,estimado_poblacion
1960,Luquillo,8628.0,,,,,,65.8,131.1,estimado_poblacion
1961,Luquillo,8806.0,,,,,,65.8,133.8,estimado_poblacion
1962,Luquillo,8986.0,,,,,,65.8,136.6,estimado_poblacion
1963,Luquillo,9166.0,,,,,,65.8,139.3,estimado_poblacion
1964,Luquillo,9351.0,,,,,,65.8,142.1,estimado_poblacion
1965,Luquillo,9533.0,,,,,,65.8,144.9,estimado_poblacion
1966,Luquillo,9710.0,,,,,,65.8,147.6,estimado_poblacion
1967,Luquillo,9891.0,,,,,,65.8,150.3,estimado_poblacion
1968,Luquillo,10072.0,,,,,,65.8,153.1,estimado_poblacion
1969,Luquillo,10254.0,,,,,,65.8,155.8,estimado_poblacion
1970,Luquillo,10505.0,60.0,2500.0,16.0,7.0,29.0,65.8,159.7,censo_decenal
1971,Luquillo,10950.0,59.4,2870.0,16.0,7.6,29.4,65.8,166.4,estimado_anual
1972,Luquillo,11404.0,58.8,3240.0,16.0,8.2,29.8,65.8,173.3,estimado_anual
1973,Luquillo,11854.0,58.2,3610.0,16.0,8.8,30.2,65.8,180.2,estimado_anual
1974,Luquillo,12301.0,57.6,3980.0,16.0,9.4,30.6,65.8,186.9,estimado_anual
1975,Luquillo,12755.0,57.0,4350.0,16.0,10.0,31.0,65.8,193.8,estimado_anual
1976,Luquillo,13203.0,56.4,4720.0,16.0,10.6,31.4,65.8,200.7,estimado_anual
1977,Luquillo,13658.0,55.8,5090.0,16.0,11.2,31.8,65.8,207.6,estimado_anual
1978,Luquillo,14105.0,55.2,5460.0,16.0,11.8,32.2,65.8,214.4,estimado_anual
1979,Luquillo,14554.0,54.6,5830.0,16.0,12.4,32.6,65.8,221.2,estimado_anual
1980,Luquillo,14962.0,54.0,6200.0,16.0,13.0,33.0,65.8,227.4,censo_decenal
1981,Luquillo,15238.0,53.6,6640.0,15.8,13.4,33.3,65.8,231.6,estimado_anual
1982,Luquillo,15521.0,53.2,7080.0,15.6,13.8,33.6,65.8,235.9,estimado_anual
1983,Luquillo,15817.0,52.8,7520.0,15.4,14.2,33.9,65.8,240.4,estimado_anual
1984,Luquillo,16122.0,52.4,7960.0,15.2,14.6,34.2,65.8,245.0,estimado_anual
1985,Luquillo,16438.0,52.0,8400.0,15.0,15.0,34.5,65.8,249.8,estimado_anual
1986,Luquillo,16766.0,51.6,8840.0,14.8,15.4,34.8,65.8,254.8,estimado_anual
1987,Luquillo,17104.0,51.2,9280.0,14.6,15.8,35.1,65.8,259.9,estimado_anual
1988,Luquillo,17455.0,50.8,9720.0,14.4,16.2,35.4,65.8,265.3,estimado_anual
1989,Luquillo,17819.0,50.4,10160.0,14.2,16.6,35.7,65.8,270.8,estimado_anual
1990,Luquillo,18135.0,50.0,10600.0,14.0,17.0,36.0,65.8,275.6,censo_decenal
1991,Luquillo,18282.0,49.7,11500.0,13.8,17.4,36.4,65.8,277.8,estimado_anual
1992,Luquillo,18432.0,49.4,12400.0,13.6,17.8,36.8,65.8,280.1,estimado_anual
1993,Luquillo,18587.0,49.1,13300.0,13.4,18.2,37.2,65.8,282.5,estimado_anual
1994,Luquillo,18748.0,48.8,14200.0,13.2,18.6,37.6,65.8,284.9,estimado_anual
1995,Luquillo,18920.0,48.5,15100.0,13.0,19.0,38.0,65.8,287.5,estimado_anual
1996,Luquillo,19095.0,48.2,16000.0,12.8,19.4,38.4,65.8,290.2,estimado_anual
1997,Luquillo,19279.0,47.9,16900.0,12.6,19.8,38.8,65.8,293.0,estimado_anual
1998,Luquillo,19468.0,47.6,17800.0,12.4,20.2,39.2,65.8,295.9,estimado_anual
1999,Luquillo,19665.0,47.3,18700.0,12.2,20.6,39.6,65.8,298.9,estimado_anual
2000,Luquillo,19836.0,47.0,19600.0,12.0,21.0,40.0,65.8,301.5,censo_decenal
2001,Luquillo,19968.0,46.4,19640.0,12.0,21.2,40.1,65.8,303.5,estimado_anual
2002,Luquillo,20055.0,45.8,19680.0,12.0,21.4,40.2,65.8,304.8,estimado_anual
2003,Luquillo,20128.0,45.2,19720.0,12.0,21.6,40.3,65.8,305.9,estimado_anual
2004,Luquillo,20211.0,44.6,19760.0,12.0,21.8,40.4,65.8,307.2,estimado_anual
2005,Luquillo,20233.0,44.0,19800.0,12.0,22.0,40.5,65.8,307.5,estimado_anual
2006,Luquillo,20216.0,43.4,19840.0,12.0,22.2,40.6,65.8,307.2,estimado_anual
2007,Luquillo,20180.0,42.8,19880.0,12.0,22.4,40.7,65.8,306.7,estimado_anual
2008,Luquillo,20129.0,42.2,19920.0,12.0,22.6,40.8,65.8,305.9,estimado_anual
2009,Luquillo,20090.0,41.6,19960.0,12.0,22.8,40.9,65.8,305.3,estimado_anual
2010,Luquillo,20061.0,41.0,20000.0,12.0,23.0,41.0,65.8,304.9,censo_decenal
2011,Luquillo,19939.0,41.2,20012.3,12.1,23.1,41.2,65.8,303.0,estimado_anual
2012,Luquillo,19789.0,41.4,20024.6,12.2,23.2,41.4,65.8,300.7,estimado_anual
2013,Luquillo,19610.0,41.6,20036.9,12.3,23.3,41.6,65.8,298.0,estimado_anual
2014,Luquillo,19391.0,41.8,20049.2,12.4,23.4,41.8,65.8,294.7,estimado_anual
2015,Luquillo,19089.0,42.0,20061.5,12.5,23.5,42.0,65.8,290.1,estimado_anual
2016,Luquillo,18788.0,42.2,20073.8,12.6,23.6,42.2,65.8,285.5,estimado_anual
2017,Luquillo,18432.0,42.4,20086.1,12.7,23.7,42.4,65.8,280.1,estimado_anual
2018,Luquillo,17788.0,42.6,20098.4,12.8,23.8,42.6,65.8,270.3,estimado_anual
2019,Luquillo,17869.0,42.8,20110.7,12.9,23.9,42.8,65.8,271.6,estimado_anual
2020,Luquillo,17755.0,43.0,20123.0,13.0,24.0,43.0,65.8,269.8,censo_decenal
2021,Luquillo,17651.0,43.2,20135.3,13.1,24.1,43.2,65.8,268.3,estimado_anual
2022,Luquillo,17388.0,43.4,20147.6,13.2,24.2,43.4,65.8,264.3,estimado_anual
2023,Luquillo,17306.0,43.6,20159.9,13.3,24.3,43.6,65.8,263.0,estimado_anual
2024,Luquillo,17281.0,43.8,20172.2,13.4,24.4,43.8,65.8,262.6,estimado_anual
2025,Luquillo,17190.0,44.0,20184.5,13.5,24.5,44.0,65.8,261.2,estimado_anual
1950,Manatí,30421.0,,,,,,119.5,254.6,estimado_poblacion
1951,Manatí,30314.0,,,,,,119.5,253.7,estimado_poblacion
1952,Manatí,30201.0,,,,,,119.5,252.7,estimado_poblacion
1953,Manatí,30093.0,,,,,,119.5,251.8,estimado_poblacion
1954,Manatí,29981.0,,,,,,119.5,250.9,estimado_poblacion
1955,Manatí,29878.0,,,,,,119.5,250.0,estimado_poblacion
1956,Manatí,29767.0,,,,,,119.5,249.1,estimado_poblacion
1957,Manatí,29654.0,,,,,,119.5,248.2,estimado_poblacion
1958,Manatí,29545.0,,,,,,119.5,247.2,estimado_poblacion
1959,Manatí,29436.0,,,,,,119.5,246.3,estimado_poblacion
1960,Manatí,29385.0,,,,,,119.5,245.9,estimado_poblacion
1961,Manatí,29505.0,,,,,,119.5,246.9,estimado_poblacion
1962,Manatí,29626.0,,,,,,119.5,247.9,estimado_poblacion
1963,Manatí,29744.0,,,,,,119.5,248.9,estimado_poblacion
1964,Manatí,29867.0,,,,,,119.5,249.9,estimado_poblacion
1965,Manatí,29985.0,,,,,,119.5,250.9,estimado_poblacion
1966,Manatí,30108.0,,,,,,119.5,251.9,estimado_poblacion
1967,Manatí,30225.0,,,,,,119.5,252.9,estimado_poblacion
1968,Manatí,30349.0,,,,,,119.5,254.0,estimado_poblacion
1969,Manatí,30469.0,,,,,,119.5,255.0,estimado_poblacion
1970,Manatí,30710.0,66.0,2100.0,18.0,5.0,29.0,119.5,257.0,censo_decenal
1971,Manatí,31306.0,65.5,2410.0,18.0,5.4,29.3,119.5,262.0,estimado_anual
1972,Manatí,31910.0,65.0,2720.0,18.0,5.8,29.6,119.5,267.0,estimado_anual
1973,Manatí,32511.0,64.5,3030.0,18.0,6.2,29.9,119.5,272.1,estimado_anual
1974,Manatí,33109.0,64.0,3340.0,18.0,6.6,30.2,119.5,277.1,estimado_anual
1975,Manatí,33710.0,63.5,3650.0,18.0,7.0,30.5,119.5,282.1,estimado_anual
1976,Manatí,34308.0,63.0,3960.0,18.0,7.4,30.8,119.5,287.1,estimado_anual
1977,Manatí,34911.0,62.5,4270.0,18.0,7.8,31.1,119.5,292.1,estimado_anual
1978,Manatí,35508.0,62.0,4580.0,18.0,8.2,31.4,119.5,297.1,estimado_anual
1979,Manatí,36111.0,61.5,4890.0,18.0,8.6,31.7,119.5,302.2,estimado_anual
1980,Manatí,36606.0,61.0,5200.0,18.0,9.0,32.0,119.5,306.3,censo_decenal
1981,Manatí,36783.0,60.6,5610.0,17.8,9.3,32.4,119.5,307.8,estimado_anual
1982,Manatí,36968.0,60.2,6020.0,17.6,9.6,32.8,119.5,309.4,estimado_anual
1983,Manatí,37165.0,59.8,6430.0,17.4,9.9,33.2,119.5,311.0,estimado_anual
1984,Manatí,37368.0,59.4,6840.0,17.2,10.2,33.6,119.5,312.7,estimado_anual
1985,Manatí,37578.0,59.0,7250.0,17.0,10.5,34.0,119.5,314.5,estimado_anual
1986,Manatí,37797.0,58.6,7660.0,16.8,10.8,34.4,119.5,316.3,estimado_anual
1987,Manatí,38022.0,58.2,8070.0,16.6,11.1,34.8,119.5,318.2,estimado_anual
1988,Manatí,38257.0,57.8,8480.0,16.4,11.4,35.2,119.5,320.1,estimado_anual
1989,Manatí,38502.0,57.4,8890.0,16.2,11.7,35.6,119.5,322.2,estimado_anual
1990,Manatí,38842.0,57.0,9300.0,16.0,12.0,36.0,119.5,325.0,censo_decenal
1991,Manatí,39444.0,56.7,10110.0,15.7,12.4,36.4,119.5,330.1,estimado_anual
1992,Manatí,40065.0,56.4,10920.0,15.4,12.8,36.8,119.5,335.3,estimado_anual
1993,Manatí,40698.0,56.1,11730.0,15.1,13.2,37.2,119.5,340.6,estimado_anual
1994,Manatí,41348.0,55.8,12540.0,14.8,13.6,37.6,119.5,346.0,estimado_anual
1995,Manatí,42014.0,55.5,13350.0,14.5,14.0,38.0,119.5,351.6,estimado_anual
1996,Manatí,42695.0,55.2,14160.0,14.2,14.4,38.4,119.5,357.3,estimado_anual
1997,Manatí,43396.0,54.9,14970.0,13.9,14.8,38.8,119.5,363.1,estimado_anual
1998,Manatí,44113.0,54.6,15780.0,13.6,15.2,39.2,119.5,369.1,estimado_anual
1999,Manatí,44844.0,54.3,16590.0,13.3,15.6,39.6,119.5,375.3,estimado_anual
2000,Manatí,45523.0,54.0,17400.0,13.0,16.0,40.0,119.5,380.9,censo_decenal
2001,Manatí,45585.0,52.7,17440.0,13.1,16.2,40.1,119.5,381.5,estimado_anual
2002,Manatí,45610.0,51.4,17480.0,13.2,16.4,40.2,119.5,381.7,estimado_anual
2003,Manatí,45597.0,50.1,17520.0,13.3,16.6,40.3,119.5,381.6,estimado_anual
2004,Manatí,45567.0,48.8,17560.0,13.4,16.8,40.4,119.5,381.3,estimado_anual
2005,Manatí,45479.0,47.5,17600.0,13.5,17.0,40.5,119.5,380.6,estimado_anual
2006,Manatí,45239.0,46.2,17640.0,13.6,17.2,40.6,119.5,378.6,estimado_anual
2007,Manatí,44917.0,44.9,17680.0,13.7,17.4,40.7,119.5,375.9,estimado_anual
2008,Manatí,44604.0,43.6,17720.0,13.8,17.6,40.8,119.5,373.3,estimado_anual
2009,Manatí,44320.0,42.3,17760.0,13.9,17.8,40.9,119.5,370.9,estimado_anual
2010,Manatí,44105.0,41.0,17800.0,14.0,18.0,41.0,119.5,369.1,censo_decenal
2011,Manatí,43791.0,41.2,17807.6,14.0,18.1,41.2,119.5,366.5,estimado_anual
2012,Manatí,43438.0,41.4,17815.2,14.0,18.2,41.4,119.5,363.5,estimado_anual
2013,Manatí,43128.0,41.6,17822.8,14.0,18.3,41.6,119.5,360.9,estimado_anual
2014,Manatí,42596.0,41.8,17830.4,14.0,18.4,41.8,119.5,356.5,estimado_anual
2015,Manatí,42054.0,42.0,17838.0,14.0,18.5,42.0,119.5,351.9,estimado_anual
2016,Manatí,41518.0,42.2,17845.6,14.0,18.6,42.2,119.5,347.4,estimado_anual
2017,Manatí,40805.0,42.4,17853.2,14.0,18.7,42.4,119.5,341.5,estimado_anual
2018,Manatí,39487.0,42.6,17860.8,14.0,18.8,42.6,119.5,330.4,estimado_anual
2019,Manatí,39650.0,42.8,17868.4,14.0,18.9,42.8,119.5,331.8,estimado_anual
2020,Manatí,39463.0,43.0,17876.0,14.0,19.0,43.0,119.5,330.2,censo_decenal
2021,Manatí,39282.0,43.2,17883.6,14.0,19.1,43.2,119.5,328.7,estimado_anual
2022,Manatí,38760.0,43.4,17891.2,14.0,19.2,43.4,119.5,324.4,estimado_anual
2023,Manatí,38640.0,43.6,17898.8,14.0,19.3,43.6,119.5,323.3,estimado_anual
2024,Manatí,38645.0,43.8,17906.4,14.0,19.4,43.8,119.5,323.4,estimado_anual
2025,Manatí,38413.0,44.0,17914.0,14.0,19.5,44.0,119.5,321.4,estimado_anual
1950,Maricao,7392.0,,,,,,94.6,78.1,estimado_poblacion
1951,Maricao,7353.0,,,,,,94.6,77.7,estimado_poblacion
1952,Maricao,7308.0,,,,,,94.6,77.3,estimado_poblacion
1953,Maricao,7269.0,,,,,,94.6,76.8,estimado_poblacion
1954,Maricao,7229.0,,,,,,94.6,76.4,estimado_poblacion
1955,Maricao,7185.0,,,,,,94.6,76.0,estimado_poblacion
1956,Maricao,7142.0,,,,,,94.6,75.5,estimado_poblacion
1957,Maricao,7103.0,,,,,,94.6,75.1,estimado_poblacion
1958,Maricao,7065.0,,,,,,94.6,74.7,estimado_poblacion
1959,Maricao,7021.0,,,,,,94.6,74.2,estimado_poblacion
1960,Maricao,6963.0,,,,,,94.6,73.6,estimado_poblacion
1961,Maricao,6864.0,,,,,,94.6,72.6,estimado_poblacion
1962,Maricao,6766.0,,,,,,94.6,71.5,estimado_poblacion
1963,Maricao,6667.0,,,,,,94.6,70.5,estimado_poblacion
1964,Maricao,6565.0,,,,,,94.6,69.4,estimado_poblacion
1965,Maricao,6466.0,,,,,,94.6,68.4,estimado_poblacion
1966,Maricao,6365.0,,,,,,94.6,67.3,estimado_poblacion
1967,Maricao,6269.0,,,,,,94.6,66.3,estimado_poblacion
1968,Maricao,6167.0,,,,,,94.6,65.2,estimado_poblacion
1969,Maricao,6064.0,,,,,,94.6,64.1,estimado_poblacion
1970,Maricao,6011.0,77.0,1500.0,25.0,2.0,30.0,94.6,63.5,censo_decenal
1971,Maricao,6085.0,76.6,1720.0,25.0,2.2,30.5,94.6,64.3,estimado_anual
1972,Maricao,6158.0,76.2,1940.0,25.0,2.4,31.0,94.6,65.1,estimado_anual
1973,Maricao,6235.0,75.8,2160.0,25.0,2.6,31.5,94.6,65.9,estimado_anual
1974,Maricao,6306.0,75.4,2380.0,25.0,2.8,32.0,94.6,66.7,estimado_anual
1975,Maricao,6386.0,75.0,2600.0,25.0,3.0,32.5,94.6,67.5,estimado_anual
1976,Maricao,6457.0,74.6,2820.0,25.0,3.2,33.0,94.6,68.3,estimado_anual
1977,Maricao,6533.0,74.2,3040.0,25.0,3.4,33.5,94.6,69.1,estimado_anual
1978,Maricao,6606.0,73.8,3260.0,25.0,3.6,34.0,94.6,69.8,estimado_anual
1979,Maricao,6681.0,73.4,3480.0,25.0,3.8,34.5,94.6,70.6,estimado_anual
1980,Maricao,6720.0,73.0,3700.0,25.0,4.0,35.0,94.6,71.0,censo_decenal
1981,Maricao,6654.0,72.5,3990.0,24.8,4.3,35.3,94.6,70.3,estimado_anual
1982,Maricao,6591.0,72.0,4280.0,24.6,4.6,35.6,94.6,69.7,estimado_anual
1983,Maricao,6532.0,71.5,4570.0,24.4,4.9,35.9,94.6,69.0,estimado_anual
1984,Maricao,6475.0,71.0,4860.0,24.2,5.2,36.2,94.6,68.4,estimado_anual
1985,Maricao,6423.0,70.5,5150.0,24.0,5.5,36.5,94.6,67.9,estimado_anual
1986,Maricao,6369.0,70.0,5440.0,23.8,5.8,36.8,94.6,67.3,estimado_anual
1987,Maricao,6323.0,69.5,5730.0,23.6,6.1,37.1,94.6,66.8,estimado_anual
1988,Maricao,6278.0,69.0,6020.0,23.4,6.4,37.4,94.6,66.4,estimado_anual
1989,Maricao,6236.0,68.5,6310.0,23.2,6.7,37.7,94.6,65.9,estimado_anual
1990,Maricao,6207.0,68.0,6600.0,23.0,7.0,38.0,94.6,65.6,censo_decenal
1991,Maricao,6217.0,67.7,7010.0,22.8,7.2,38.5,94.6,65.7,estimado_anual
1992,Maricao,6228.0,67.4,7420.0,22.6,7.4,39.0,94.6,65.8,estimado_anual
1993,Maricao,6244.0,67.1,7830.0,22.4,7.6,39.5,94.6,66.0,estimado_anual
1994,Maricao,6266.0,66.8,8240.0,22.2,7.8,40.0,94.6,66.2,estimado_anual
1995,Maricao,6287.0,66.5,8650.0,22.0,8.0,40.5,94.6,66.5,estimado_anual
1996,Maricao,6315.0,66.2,9060.0,21.8,8.2,41.0,94.6,66.8,estimado_anual
1997,Maricao,6343.0,65.9,9470.0,21.6,8.4,41.5,94.6,67.1,estimado_anual
1998,Maricao,6379.0,65.6,9880.0,21.4,8.6,42.0,94.6,67.4,estimado_anual
1999,Maricao,6417.0,65.3,10290.0,21.2,8.8,42.5,94.6,67.8,estimado_anual
2000,Maricao,6444.0,65.0,10700.0,21.0,9.0,43.0,94.6,68.1,censo_decenal
2001,Maricao,6456.0,62.9,10740.0,21.2,9.1,43.1,94.6,68.2,estimado_anual
2002,Maricao,6463.0,60.8,10780.0,21.4,9.2,43.2,94.6,68.3,estimado_anual
2003,Maricao,6471.0,58.7,10820.0,21.6,9.3,43.3,94.6,68.4,estimado_anual
2004,Maricao,6467.0,56.6,10860.0,21.8,9.4,43.4,94.6,68.4,estimado_anual
2005,Maricao,6461.0,54.5,10900.0,22.0,9.5,43.5,94.6,68.3,estimado_anual
2006,Maricao,6428.0,52.4,10940.0,22.2,9.6,43.6,94.6,67.9,estimado_anual
2007,Maricao,6390.0,50.3,10980.0,22.4,9.7,43.7,94.6,67.5,estimado_anual
2008,Maricao,6340.0,48.2,11020.0,22.6,9.8,43.8,94.6,67.0,estimado_anual
2009,Maricao,6298.0,46.1,11060.0,22.8,9.9,43.9,94.6,66.6,estimado_anual
2010,Maricao,6261.0,44.0,11100.0,23.0,10.0,44.0,94.6,66.2,censo_decenal
2011,Maricao,6123.0,44.2,11113.4,23.0,10.0,44.2,94.6,64.7,estimado_anual
2012,Maricao,5984.0,44.4,11126.8,23.0,10.0,44.4,94.6,63.3,estimado_anual
2013,Maricao,5869.0,44.6,11140.2,23.0,10.0,44.6,94.6,62.0,estimado_anual
2014,Maricao,5710.0,44.8,11153.6,23.0,10.0,44.8,94.6,60.4,estimado_anual
2015,Maricao,5532.0,45.0,11167.0,23.0,10.0,45.0,94.6,58.5,estimado_anual
2016,Maricao,5359.0,45.2,11180.4,23.0,10.0,45.2,94.6,56.6,estimado_anual
2017,Maricao,5156.0,45.4,11193.8,23.0,10.0,45.4,94.6,54.5,estimado_anual
2018,Maricao,4887.0,45.6,11207.2,23.0,10.0,45.6,94.6,51.7,estimado_anual
2019,Maricao,4830.0,45.8,11220.6,23.0,10.0,45.8,94.6,51.1,estimado_anual
2020,Maricao,4750.0,46.0,11234.0,23.0,10.0,46.0,94.6,50.2,censo_decenal
2021,Maricao,4658.0,46.2,11247.4,23.0,10.0,46.2,94.6,49.2,estimado_anual
2022,Maricao,4527.0,46.4,11260.8,23.0,10.0,46.4,94.6,47.9,estimado_anual
2023,Maricao,4458.0,46.6,11274.2,23.0,10.0,46.6,94.6,47.1,estimado_anual
2024,Maricao,4402.0,46.8,11287.6,23.0,10.0,46.8,94.6,46.5,estimado_anual
2025,Maricao,4336.0,47.0,11301.0,23.0,10.0,47.0,94.6,45.8,estimado_anual
1950,Maunabo,11734.0,,,,,,55.1,213.0,estimado_poblacion
1951,Maunabo,11637.0,,,,,,55.1,211.2,estimado_poblacion
1952,Maunabo,11541.0,,,,,,55.1,209.5,estimado_poblacion
1953,Maunabo,11442.0,,,,,,55.1,207.7,estimado_poblacion
1954,Maunabo,11343.0,,,,,,55.1,205.9,estimado_poblacion
1955,Maunabo,11247.0,,,,,,55.1,204.1,estimado_poblacion
1956,Maunabo,11148.0,,,,,,55.1,202.3,estimado_poblacion
1957,Maunabo,11050.0,,,,,,55.1,200.5,estimado_poblacion
1958,Maunabo,10958.0,,,,,,55.1,198.9,estimado_poblacion
1959,Maunabo,10857.0,,,,,,55.1,197.0,estimado_poblacion
1960,Maunabo,10785.0,,,,,,55.1,195.7,estimado_poblacion
1961,Maunabo,10788.0,,,,,,55.1,195.8,estimado_poblacion
1962,Maunabo,10788.0,,,,,,55.1,195.8,estimado_poblacion
1963,Maunabo,10785.0,,,,,,55.1,195.7,estimado_poblacion
1964,Maunabo,10786.0,,,,,,55.1,195.8,estimado_poblacion
1965,Maunabo,10791.0,,,,,,55.1,195.8,estimado_poblacion
1966,Maunabo,10789.0,,,,,,55.1,195.8,estimado_poblacion
1967,Maunabo,10790.0,,,,,,55.1,195.8,estimado_poblacion
1968,Maunabo,10790.0,,,,,,55.1,195.8,estimado_poblacion
1969,Maunabo,10790.0,,,,,,55.1,195.8,estimado_poblacion
1970,Maunabo,10818.0,71.0,1700.0,22.0,3.0,31.0,55.1,196.3,censo_decenal
1971,Maunabo,10921.0,70.6,1960.0,22.0,3.3,31.4,55.1,198.2,estimado_anual
1972,Maunabo,11021.0,70.2,2220.0,22.0,3.6,31.8,55.1,200.0,estimado_anual
1973,Maunabo,11124.0,69.8,2480.0,22.0,3.9,32.2,55.1,201.9,estimado_anual
1974,Maunabo,11226.0,69.4,2740.0,22.0,4.2,32.6,55.1,203.7,estimado_anual
1975,Maunabo,11329.0,69.0,3000.0,22.0,4.5,33.0,55.1,205.6,estimado_anual
1976,Maunabo,11429.0,68.6,3260.0,22.0,4.8,33.4,55.1,207.4,estimado_anual
1977,Maunabo,11530.0,68.2,3520.0,22.0,5.1,33.8,55.1,209.3,estimado_anual
1978,Maunabo,11637.0,67.8,3780.0,22.0,5.4,34.2,55.1,211.2,estimado_anual
1979,Maunabo,11737.0,67.4,4040.0,22.0,5.7,34.6,55.1,213.0,estimado_anual
1980,Maunabo,11819.0,67.0,4300.0,22.0,6.0,35.0,55.1,214.5,censo_decenal
1981,Maunabo,11852.0,66.6,4640.0,21.8,6.3,35.3,55.1,215.1,estimado_anual
1982,Maunabo,11891.0,66.2,4980.0,21.6,6.6,35.6,55.1,215.8,estimado_anual
1983,Maunabo,11934.0,65.8,5320.0,21.4,6.9,35.9,55.1,216.6,estimado_anual
1984,Maunabo,11978.0,65.4,5660.0,21.2,7.2,36.2,55.1,217.4,estimado_anual
1985,Maunabo,12028.0,65.0,6000.0,21.0,7.5,36.5,55.1,218.3,estimado_anual
1986,Maunabo,12087.0,64.6,6340.0,20.8,7.8,36.8,55.1,219.4,estimado_anual
1987,Maunabo,12148.0,64.2,6680.0,20.6,8.1,37.1,55.1,220.5,estimado_anual
1988,Maunabo,12216.0,63.8,7020.0,20.4,8.4,37.4,55.1,221.7,estimado_anual
1989,Maunabo,12288.0,63.4,7360.0,20.2,8.7,37.7,55.1,223.0,estimado_anual
1990,Maunabo,12348.0,63.0,7700.0,20.0,9.0,38.0,55.1,224.1,censo_decenal
1991,Maunabo,12365.0,62.7,8230.0,19.8,9.2,38.4,55.1,224.4,estimado_anual
1992,Maunabo,12389.0,62.4,8760.0,19.6,9.4,38.8,55.1,224.8,estimado_anual
1993,Maunabo,12417.0,62.1,9290.0,19.4,9.6,39.2,55.1,225.4,estimado_anual
1994,Maunabo,12448.0,61.8,9820.0,19.2,9.8,39.6,55.1,225.9,estimado_anual
1995,Maunabo,12484.0,61.5,10350.0,19.0,10.0,40.0,55.1,226.6,estimado_anual
1996,Maunabo,12529.0,61.2,10880.0,18.8,10.2,40.4,55.1,227.4,estimado_anual
1997,Maunabo,12576.0,60.9,11410.0,18.6,10.4,40.8,55.1,228.2,estimado_anual
1998,Maunabo,12632.0,60.6,11940.0,18.4,10.6,41.2,55.1,229.3,estimado_anual
1999,Maunabo,12693.0,60.3,12470.0,18.2,10.8,41.6,55.1,230.4,estimado_anual
2000,Maunabo,12746.0,60.0,13000.0,18.0,11.0,42.0,55.1,231.3,censo_decenal
2001,Maunabo,12743.0,58.3,13030.0,18.1,11.1,42.2,55.1,231.3,estimado_anual
2002,Maunabo,12731.0,56.6,13060.0,18.2,11.2,42.4,55.1,231.1,estimado_anual
2003,Maunabo,12713.0,54.9,13090.0,18.3,11.3,42.6,55.1,230.7,estimado_anual
2004,Maunabo,12697.0,53.2,13120.0,18.4,11.4,42.8,55.1,230.4,estimado_anual
2005,Maunabo,12659.0,51.5,13150.0,18.5,11.5,43.0,55.1,229.7,estimado_anual
2006,Maunabo,12583.0,49.8,13180.0,18.6,11.6,43.2,55.1,228.4,estimado_anual
2007,Maunabo,12490.0,48.1,13210.0,18.7,11.7,43.4,55.1,226.7,estimado_anual
2008,Maunabo,12390.0,46.4,13240.0,18.8,11.8,43.6,55.1,224.9,estimado_anual
2009,Maunabo,12288.0,44.7,13270.0,18.9,11.9,43.8,55.1,223.0,estimado_anual
2010,Maunabo,12247.0,43.0,13300.0,19.0,12.0,44.0,55.1,222.3,censo_decenal
2011,Maunabo,12112.0,43.3,13315.6,19.1,12.1,44.2,55.1,219.8,estimado_anual
2012,Maunabo,11986.0,43.6,13331.2,19.2,12.2,44.4,55.1,217.5,estimado_anual
2013,Maunabo,11866.0,43.9,13346.8,19.3,12.3,44.6,55.1,215.4,estimado_anual
2014,Maunabo,11693.0,44.2,13362.4,19.4,12.4,44.8,55.1,212.2,estimado_anual
2015,Maunabo,11497.0,44.5,13378.0,19.5,12.5,45.0,55.1,208.7,estimado_anual
2016,Maunabo,11301.0,44.8,13393.6,19.6,12.6,45.2,55.1,205.1,estimado_anual
2017,Maunabo,11050.0,45.1,13409.2,19.7,12.7,45.4,55.1,200.5,estimado_anual
2018,Maunabo,10648.0,45.4,13424.8,19.8,12.8,45.6,55.1,193.2,estimado_anual
2019,Maunabo,10651.0,45.7,13440.4,19.9,12.9,45.8,55.1,193.3,estimado_anual
2020,Maunabo,10577.0,46.0,13456.0,20.0,13.0,46.0,55.1,192.0,censo_decenal
2021,Maunabo,10520.0,46.3,13471.6,20.1,13.1,46.2,55.1,190.9,estimado_anual
2022,Maunabo,10346.0,46.6,13487.2,20.2,13.2,46.4,55.1,187.8,estimado_anual
2023,Maunabo,10239.0,46.9,13502.8,20.3,13.3,46.6,55.1,185.8,estimado_anual
2024,Maunabo,10193.0,47.2,13518.4,20.4,13.4,46.8,55.1,185.0,estimado_anual
2025,Maunabo,10120.0,47.5,13534.0,20.5,13.5,47.0,55.1,183.7,estimado_anual
1950,Mayagüez,87220.0,,,,,,202.6,430.5,estimado_poblacion
1951,Mayagüez,86872.0,,,,,,202.6,428.8,estimado_poblacion
1952,Mayagüez,86528.0,,,,,,202.6,427.1,estimado_poblacion
1953,Mayagüez,86183.0,,,,,,202.6,425.4,estimado_poblacion
1954,Mayagüez,85836.0,,,,,,202.6,423.7,estimado_poblacion
1955,Mayagüez,85493.0,,,,,,202.6,422.0,estimado_poblacion
1956,Mayagüez,85146.0,,,,,,202.6,420.3,estimado_poblacion
1957,Mayagüez,84799.0,,,,,,202.6,418.6,estimado_poblacion
1958,Mayagüez,84459.0,,,,,,202.6,416.9,estimado_poblacion
1959,Mayagüez,84108.0,,,,,,202.6,415.1,estimado_poblacion
1960,Mayagüez,83897.0,,,,,,202.6,414.1,estimado_poblacion
1961,Mayagüez,84100.0,,,,,,202.6,415.1,estimado_poblacion
1962,Mayagüez,84304.0,,,,,,202.6,416.1,estimado_poblacion
1963,Mayagüez,84503.0,,,,,,202.6,417.1,estimado_poblacion
1964,Mayagüez,84704.0,,,,,,202.6,418.1,estimado_poblacion
1965,Mayagüez,84903.0,,,,,,202.6,419.1,estimado_poblacion
1966,Mayagüez,85106.0,,,,,,202.6,420.1,estimado_poblacion
1967,Mayagüez,85306.0,,,,,,202.6,421.1,estimado_poblacion
1968,Mayagüez,85506.0,,,,,,202.6,422.0,estimado_poblacion
1969,Mayagüez,85704.0,,,,,,202.6,423.0,estimado_poblacion
1970,Mayagüez,86114.0,66.0,2200.0,19.0,8.0,27.0,202.6,425.0,censo_decenal
1971,Mayagüez,87148.0,65.5,2520.0,18.9,8.7,27.3,202.6,430.1,estimado_anual
1972,Mayagüez,88184.0,65.0,2840.0,18.8,9.4,27.6,202.6,435.3,estimado_anual
1973,Mayagüez,89213.0,64.5,3160.0,18.7,10.1,27.9,202.6,440.3,estimado_anual
1974,Mayagüez,90247.0,64.0,3480.0,18.6,10.8,28.2,202.6,445.4,estimado_anual
1975,Mayagüez,91282.0,63.5,3800.0,18.5,11.5,28.5,202.6,450.6,estimado_anual
1976,Mayagüez,92314.0,63.0,4120.0,18.4,12.2,28.8,202.6,455.6,estimado_anual
1977,Mayagüez,93346.0,62.5,4440.0,18.3,12.9,29.1,202.6,460.7,estimado_anual
1978,Mayagüez,94382.0,62.0,4760.0,18.2,13.6,29.4,202.6,465.9,estimado_anual
1979,Mayagüez,95416.0,61.5,5080.0,18.1,14.3,29.7,202.6,471.0,estimado_anual
1980,Mayagüez,96273.0,61.0,5400.0,18.0,15.0,30.0,202.6,475.2,censo_decenal
1981,Mayagüez,96596.0,60.5,5820.0,17.9,15.5,30.3,202.6,476.8,estimado_anual
1982,Mayagüez,96942.0,60.0,6240.0,17.8,16.0,30.6,202.6,478.5,estimado_anual
1983,Mayagüez,97311.0,59.5,6660.0,17.7,16.5,30.9,202.6,480.3,estimado_anual
1984,Mayagüez,97697.0,59.0,7080.0,17.6,17.0,31.2,202.6,482.2,estimado_anual
1985,Mayagüez,98111.0,58.5,7500.0,17.5,17.5,31.5,202.6,484.3,estimado_anual
1986,Mayagüez,98545.0,58.0,7920.0,17.4,18.0,31.8,202.6,486.4,estimado_anual
1987,Mayagüez,99000.0,57.5,8340.0,17.3,18.5,32.1,202.6,488.6,estimado_anual
1988,Mayagüez,99478.0,57.0,8760.0,17.2,19.0,32.4,202.6,491.0,estimado_anual
1989,Mayagüez,99977.0,56.5,9180.0,17.1,19.5,32.7,202.6,493.5,estimado_anual
1990,Mayagüez,100291.0,56.0,9600.0,17.0,20.0,33.0,202.6,495.0,censo_decenal
1991,Mayagüez,99994.0,55.8,10190.0,16.9,20.5,33.4,202.6,493.6,estimado_anual
1992,Mayagüez,99718.0,55.6,10780.0,16.8,21.0,33.8,202.6,492.2,estimado_anual
1993,Mayagüez,99467.0,55.4,11370.0,16.7,21.5,34.2,202.6,491.0,estimado_anual
1994,Mayagüez,99238.0,55.2,11960.0,16.6,22.0,34.6,202.6,489.8,estimado_anual
1995,Mayagüez,99043.0,55.0,12550.0,16.5,22.5,35.0,202.6,488.9,estimado_anual
1996,Mayagüez,98868.0,54.8,13140.0,16.4,23.0,35.4,202.6,488.0,estimado_anual
1997,Mayagüez,98717.0,54.6,13730.0,16.3,23.5,35.8,202.6,487.3,estimado_anual
1998,Mayagüez,98592.0,54.4,14320.0,16.2,24.0,36.2,202.6,486.6,estimado_anual
1999,Mayagüez,98491.0,54.2,14910.0,16.1,24.5,36.6,202.6,486.1,estimado_anual
2000,Mayagüez,98329.0,54.0,15500.0,16.0,25.0,37.0,202.6,485.3,censo_decenal
2001,Mayagüez,97845.0,52.3,15530.0,16.1,25.2,37.2,202.6,482.9,estimado_anual
2002,Mayagüez,97223.0,50.6,15560.0,16.2,25.4,37.4,202.6,479.9,estimado_anual
2003,Mayagüez,96511.0,48.9,15590.0,16.3,25.6,37.6,202.6,476.4,estimado_anual
2004,Mayagüez,95735.0,47.2,15620.0,16.4,25.8,37.8,202.6,472.5,estimado_anual
2005,Mayagüez,94791.0,45.5,15650.0,16.5,26.0,38.0,202.6,467.9,estimado_anual
2006,Mayagüez,93600.0,43.8,15680.0,16.6,26.2,38.2,202.6,462.0,estimado_anual
2007,Mayagüez,92339.0,42.1,15710.0,16.7,26.4,38.4,202.6,455.8,estimado_anual
2008,Mayagüez,91114.0,40.4,15740.0,16.8,26.6,38.6,202.6,449.7,estimado_anual
2009,Mayagüez,89945.0,38.7,15770.0,16.9,26.8,38.8,202.6,444.0,estimado_anual
2010,Mayagüez,88855.0,37.0,15800.0,17.0,27.0,39.0,202.6,438.6,censo_decenal
2011,Mayagüez,87373.0,37.1,15807.6,17.0,27.1,38.9,202.6,431.3,estimado_anual
2012,Mayagüez,85861.0,37.2,15815.2,17.0,27.2,38.8,202.6,423.8,estimado_anual
2013,Mayagüez,84504.0,37.3,15822.8,17.0,27.3,38.7,202.6,417.1,estimado_anual
2014,Mayagüez,82693.0,37.4,15830.4,17.0,27.4,38.6,202.6,408.2,estimado_anual
2015,Mayagüez,80985.0,37.5,15838.0,17.0,27.5,38.5,202.6,399.7,estimado_anual
2016,Mayagüez,79207.0,37.6,15845.6,17.0,27.6,38.4,202.6,391.0,estimado_anual
2017,Mayagüez,77177.0,37.7,15853.2,17.0,27.7,38.3,202.6,380.9,estimado_anual
2018,Mayagüez,74000.0,37.8,15860.8,17.0,27.8,38.2,202.6,365.3,estimado_anual
2019,Mayagüez,73821.0,37.9,15868.4,17.0,27.9,38.1,202.6,364.4,estimado_anual
2020,Mayagüez,72882.0,38.0,15876.0,17.0,28.0,38.0,202.6,359.7,censo_decenal
2021,Mayagüez,72099.0,38.1,15883.6,17.0,28.1,37.9,202.6,355.9,estimado_anual
2022,Mayagüez,70916.0,38.2,15891.2,17.0,28.2,37.8,202.6,350.0,estimado_anual
2023,Mayagüez,70172.0,38.3,15898.8,17.0,28.3,37.7,202.6,346.4,estimado_anual
2024,Mayagüez,69578.0,38.4,15906.4,17.0,28.4,37.6,202.6,343.4,estimado_anual
2025,Mayagüez,68905.0,38.5,15914.0,17.0,28.5,37.5,202.6,340.1,estimado_anual
1950,Moca,21621.0,,,,,,134.5,160.8,estimado_poblacion
1951,Moca,21662.0,,,,,,134.5,161.1,estimado_poblacion
1952,Moca,21700.0,,,,,,134.5,161.3,estimado_poblacion
1953,Moca,21737.0,,,,,,134.5,161.6,estimado_poblacion
1954,Moca,21774.0,,,,,,134.5,161.9,estimado_poblacion
1955,Moca,21811.0,,,,,,134.5,162.2,estimado_poblacion
1956,Moca,21848.0,,,,,,134.5,162.4,estimado_poblacion
1957,Moca,21885.0,,,,,,134.5,162.7,estimado_poblacion
1958,Moca,21924.0,,,,,,134.5,163.0,estimado_poblacion
1959,Moca,21963.0,,,,,,134.5,163.3,estimado_poblacion
1960,Moca,21998.0,,,,,,134.5,163.6,estimado_poblacion
1961,Moca,22036.0,,,,,,134.5,163.8,estimado_poblacion
1962,Moca,22074.0,,,,,,134.5,164.1,estimado_poblacion
1963,Moca,22112.0,,,,,,134.5,164.4,estimado_poblacion
1964,Moca,22147.0,,,,,,134.5,164.7,estimado_poblacion
1965,Moca,22182.0,,,,,,134.5,164.9,estimado_poblacion
1966,Moca,22222.0,,,,,,134.5,165.2,estimado_poblacion
1967,Moca,22257.0,,,,,,134.5,165.5,estimado_poblacion
1968,Moca,22299.0,,,,,,134.5,165.8,estimado_poblacion
1969,Moca,22334.0,,,,,,134.5,166.1,estimado_poblacion
1970,Moca,22530.0,65.0,2100.0,17.0,5.0,27.0,134.5,167.5,censo_decenal
1971,Moca,23212.0,64.5,2410.0,17.0,5.4,27.3,134.5,172.6,estimado_anual
1972,Moca,23897.0,64.0,2720.0,17.0,5.8,27.6,134.5,177.7,estimado_anual
1973,Moca,24578.0,63.5,3030.0,17.0,6.2,27.9,134.5,182.7,estimado_anual
1974,Moca,25259.0,63.0,3340.0,17.0,6.6,28.2,134.5,187.8,estimado_anual
1975,Moca,25944.0,62.5,3650.0,17.0,7.0,28.5,134.5,192.9,estimado_anual
1976,Moca,26622.0,62.0,3960.0,17.0,7.4,28.8,134.5,197.9,estimado_anual
1977,Moca,27306.0,61.5,4270.0,17.0,7.8,29.1,134.5,203.0,estimado_anual
1978,Moca,27992.0,61.0,4580.0,17.0,8.2,29.4,134.5,208.1,estimado_anual
1979,Moca,28671.0,60.5,4890.0,17.0,8.6,29.7,134.5,213.2,estimado_anual
1980,Moca,29260.0,60.0,5200.0,17.0,9.0,30.0,134.5,217.5,censo_decenal
1981,Moca,29565.0,59.6,5610.0,16.8,9.3,30.3,134.5,219.8,estimado_anual
1982,Moca,29883.0,59.2,6020.0,16.6,9.6,30.6,134.5,222.2,estimado_anual
1983,Moca,30217.0,58.8,6430.0,16.4,9.9,30.9,134.5,224.7,estimado_anual
1984,Moca,30567.0,58.4,6840.0,16.2,10.2,31.2,134.5,227.3,estimado_anual
1985,Moca,30937.0,58.0,7250.0,16.0,10.5,31.5,134.5,230.0,estimado_anual
1986,Moca,31319.0,57.6,7660.0,15.8,10.8,31.8,134.5,232.9,estimado_anual
1987,Moca,31723.0,57.2,8070.0,15.6,11.1,32.1,134.5,235.9,estimado_anual
1988,Moca,32143.0,56.8,8480.0,15.4,11.4,32.4,134.5,239.0,estimado_anual
1989,Moca,32580.0,56.4,8890.0,15.2,11.7,32.7,134.5,242.2,estimado_anual
1990,Moca,33068.0,56.0,9300.0,15.0,12.0,33.0,134.5,245.9,censo_decenal
1991,Moca,33651.0,55.7,10040.0,14.8,12.2,33.4,134.5,250.2,estimado_anual
1992,Moca,34254.0,55.4,10780.0,14.6,12.4,33.8,134.5,254.7,estimado_anual
1993,Moca,34878.0,55.1,11520.0,14.4,12.6,34.2,134.5,259.3,estimado_anual
1994,Moca,35522.0,54.8,12260.0,14.2,12.8,34.6,134.5,264.1,estimado_anual
1995,Moca,36188.0,54.5,13000.0,14.0,13.0,35.0,134.5,269.1,estimado_anual
1996,Moca,36881.0,54.2,13740.0,13.8,13.2,35.4,134.5,274.2,estimado_anual
1997,Moca,37595.0,53.9,14480.0,13.6,13.4,35.8,134.5,279.5,estimado_anual
1998,Moca,38336.0,53.6,15220.0,13.4,13.6,36.2,134.5,285.0,estimado_anual
1999,Moca,39106.0,53.3,15960.0,13.2,13.8,36.6,134.5,290.8,estimado_anual
2000,Moca,39757.0,53.0,16700.0,13.0,14.0,37.0,134.5,295.6,censo_decenal
2001,Moca,39984.0,51.5,16740.0,13.1,14.2,37.1,134.5,297.3,estimado_anual
2002,Moca,40179.0,50.0,16780.0,13.2,14.4,37.2,134.5,298.7,estimado_anual
2003,Moca,40331.0,48.5,16820.0,13.3,14.6,37.3,134.5,299.9,estimado_anual
2004,Moca,40469.0,47.0,16860.0,13.4,14.8,37.4,134.5,300.9,estimado_anual
2005,Moca,40559.0,45.5,16900.0,13.5,15.0,37.5,134.5,301.6,estimado_anual
2006,Moca,40511.0,44.0,16940.0,13.6,15.2,37.6,134.5,301.2,estimado_anual
2007,Moca,40384.0,42.5,16980.0,13.7,15.4,37.7,134.5,300.3,estimado_anual
2008,Moca,40277.0,41.0,17020.0,13.8,15.6,37.8,134.5,299.5,estimado_anual
2009,Moca,40179.0,39.5,17060.0,13.9,15.8,37.9,134.5,298.7,estimado_anual
2010,Moca,40170.0,38.0,17100.0,14.0,16.0,38.0,134.5,298.7,censo_decenal
2011,Moca,40091.0,38.2,17113.4,14.0,16.1,38.2,134.5,298.1,estimado_anual
2012,Moca,39968.0,38.4,17126.8,14.0,16.2,38.4,134.5,297.2,estimado_anual
2013,Moca,39842.0,38.6,17140.2,14.0,16.3,38.6,134.5,296.2,estimado_anual
2014,Moca,39524.0,38.8,17153.6,14.0,16.4,38.8,134.5,293.9,estimado_anual
2015,Moca,39210.0,39.0,17167.0,14.0,16.5,39.0,134.5,291.5,estimado_anual
2016,Moca,38830.0,39.2,17180.4,14.0,16.6,39.2,134.5,288.7,estimado_anual
2017,Moca,38302.0,39.4,17193.8,14.0,16.7,39.4,134.5,284.8,estimado_anual
2018,Moca,37168.0,39.6,17207.2,14.0,16.8,39.6,134.5,276.3,estimado_anual
2019,Moca,37479.0,39.8,17220.6,14.0,16.9,39.8,134.5,278.7,estimado_anual
2020,Moca,37469.0,40.0,17234.0,14.0,17.0,40.0,134.5,278.6,censo_decenal
2021,Moca,37518.0,40.2,17247.4,14.0,17.1,40.2,134.5,278.9,estimado_anual
2022,Moca,37295.0,40.4,17260.8,14.0,17.2,40.4,134.5,277.3,estimado_anual
2023,Moca,37356.0,40.6,17274.2,14.0,17.3,40.6,134.5,277.7,estimado_anual
2024,Moca,37589.0,40.8,17287.6,14.0,17.4,40.8,134.5,279.5,estimado_anual
2025,Moca,37562.0,41.0,17301.0,14.0,17.5,41.0,134.5,279.3,estimado_anual
1950,Morovis,19263.0,,,,,,99.5,193.6,estimado_poblacion
1951,Morovis,19142.0,,,,,,99.5,192.4,estimado_poblacion
1952,Morovis,19025.0,,,,,,99.5,191.2,estimado_poblacion
1953,Morovis,18900.0,,,,,,99.5,189.9,estimado_poblacion
1954,Morovis,18782.0,,,,,,99.5,188.8,estimado_poblacion
1955,Morovis,18663.0,,,,,,99.5,187.6,estimado_poblacion
1956,Morovis,18543.0,,,,,,99.5,186.4,estimado_poblacion
1957,Morovis,18425.0,,,,,,99.5,185.2,estimado_poblacion
1958,Morovis,18302.0,,,,,,99.5,183.9,estimado_poblacion
1959,Morovis,18182.0,,,,,,99.5,182.7,estimado_poblacion
1960,Morovis,18115.0,,,,,,99.5,182.1,estimado_poblacion
1961,Morovis,18212.0,,,,,,99.5,183.0,estimado_poblacion
1962,Morovis,18310.0,,,,,,99.5,184.0,estimado_poblacion
1963,Morovis,18407.0,,,,,,99.5,185.0,estimado_poblacion
1964,Morovis,18502.0,,,,,,99.5,185.9,estimado_poblacion
1965,Morovis,18597.0,,,,,,99.5,186.9,estimado_poblacion
1966,Morovis,18695.0,,,,,,99.5,187.9,estimado_poblacion
1967,Morovis,18792.0,,,,,,99.5,188.9,estimado_poblacion
1968,Morovis,18893.0,,,,,,99.5,189.9,estimado_poblacion
1969,Morovis,18987.0,,,,,,99.5,190.8,estimado_poblacion
1970,Morovis,19109.0,66.0,2000.0,17.0,5.0,27.0,99.5,192.1,censo_decenal
1971,Morovis,19318.0,65.5,2300.0,17.0,5.4,27.3,99.5,194.2,estimado_anual
1972,Morovis,19524.0,65.0,2600.0,17.0,5.8,27.6,99.5,196.2,estimado_anual
1973,Morovis,19736.0,64.5,2900.0,17.0,6.2,27.9,99.5,198.4,estimado_anual
1974,Morovis,19943.0,64.0,3200.0,17.0,6.6,28.2,99.5,200.4,estimado_anual
1975,Morovis,20149.0,63.5,3500.0,17.0,7.0,28.5,99.5,202.5,estimado_anual
1976,Morovis,20360.0,63.0,3800.0,17.0,7.4,28.8,99.5,204.6,estimado_anual
1977,Morovis,20571.0,62.5,4100.0,17.0,7.8,29.1,99.5,206.7,estimado_anual
1978,Morovis,20776.0,62.0,4400.0,17.0,8.2,29.4,99.5,208.8,estimado_anual
1979,Morovis,20984.0,61.5,4700.0,17.0,8.6,29.7,99.5,210.9,estimado_anual
1980,Morovis,21228.0,61.0,5000.0,17.0,9.0,30.0,99.5,213.3,censo_decenal
1981,Morovis,21582.0,60.6,5400.0,16.8,9.3,30.3,99.5,216.9,estimado_anual
1982,Morovis,21944.0,60.2,5800.0,16.6,9.6,30.6,99.5,220.5,estimado_anual
1983,Morovis,22326.0,59.8,6200.0,16.4,9.9,30.9,99.5,224.4,estimado_anual
1984,Morovis,22716.0,59.4,6600.0,16.2,10.2,31.2,99.5,228.3,estimado_anual
1985,Morovis,23128.0,59.0,7000.0,16.0,10.5,31.5,99.5,232.4,estimado_anual
1986,Morovis,23552.0,58.6,7400.0,15.8,10.8,31.8,99.5,236.7,estimado_anual
1987,Morovis,23989.0,58.2,7800.0,15.6,11.1,32.1,99.5,241.1,estimado_anual
1988,Morovis,24446.0,57.8,8200.0,15.4,11.4,32.4,99.5,245.7,estimado_anual
1989,Morovis,24922.0,57.4,8600.0,15.2,11.7,32.7,99.5,250.5,estimado_anual
1990,Morovis,25391.0,57.0,9000.0,15.0,12.0,33.0,99.5,255.2,censo_decenal
1991,Morovis,25808.0,56.6,9900.0,14.8,12.3,33.4,99.5,259.4,estimado_anual
1992,Morovis,26234.0,56.2,10800.0,14.6,12.6,33.8,99.5,263.7,estimado_anual
1993,Morovis,26673.0,55.8,11700.0,14.4,12.9,34.2,99.5,268.1,estimado_anual
1994,Morovis,27119.0,55.4,12600.0,14.2,13.2,34.6,99.5,272.6,estimado_anual
1995,Morovis,27584.0,55.0,13500.0,14.0,13.5,35.0,99.5,277.2,estimado_anual
1996,Morovis,28060.0,54.6,14400.0,13.8,13.8,35.4,99.5,282.0,estimado_anual
1997,Morovis,28550.0,54.2,15300.0,13.6,14.1,35.8,99.5,286.9,estimado_anual
1998,Morovis,29053.0,53.8,16200.0,13.4,14.4,36.2,99.5,292.0,estimado_anual
1999,Morovis,29567.0,53.4,17100.0,13.2,14.7,36.6,99.5,297.2,estimado_anual
2000,Morovis,30074.0,53.0,18000.0,13.0,15.0,37.0,99.5,302.3,censo_decenal
2001,Morovis,30490.0,51.5,18050.0,13.0,15.2,37.1,99.5,306.4,estimado_anual
2002,Morovis,30875.0,50.0,18100.0,13.0,15.4,37.2,99.5,310.3,estimado_anual
2003,Morovis,31231.0,48.5,18150.0,13.0,15.6,37.3,99.5,313.9,estimado_anual
2004,Morovis,31581.0,47.0,18200.0,13.0,15.8,37.4,99.5,317.4,estimado_anual
2005,Morovis,31886.0,45.5,18250.0,13.0,16.0,37.5,99.5,320.5,estimado_anual
2006,Morovis,32079.0,44.0,18300.0,13.0,16.2,37.6,99.5,322.4,estimado_anual
2007,Morovis,32204.0,42.5,18350.0,13.0,16.4,37.7,99.5,323.7,estimado_anual
2008,Morovis,32352.0,41.0,18400.0,13.0,16.6,37.8,99.5,325.1,estimado_anual
2009,Morovis,32503.0,39.5,18450.0,13.0,16.8,37.9,99.5,326.7,estimado_anual
2010,Morovis,32611.0,38.0,18500.0,13.0,17.0,38.0,99.5,327.7,censo_decenal
2011,Morovis,32385.0,38.2,18504.3,13.0,17.0,38.2,99.5,325.5,estimado_anual
2012,Morovis,32117.0,38.4,18508.6,13.0,17.0,38.4,99.5,322.8,estimado_anual
2013,Morovis,31845.0,38.6,18512.9,13.0,17.0,38.6,99.5,320.1,estimado_anual
2014,Morovis,31437.0,38.8,18517.2,13.0,17.0,38.8,99.5,315.9,estimado_anual
2015,Morovis,31012.0,39.0,18521.5,13.0,17.0,39.0,99.5,311.7,estimado_anual
2016,Morovis,30507.0,39.2,18525.8,13.0,17.0,39.2,99.5,306.6,estimado_anual
2017,Morovis,29862.0,39.4,18530.1,13.0,17.0,39.4,99.5,300.1,estimado_anual
2018,Morovis,28706.0,39.6,18534.4,13.0,17.0,39.6,99.5,288.5,estimado_anual
2019,Morovis,28834.0,39.8,18538.7,13.0,17.0,39.8,99.5,289.8,estimado_anual
2020,Morovis,28689.0,40.0,18543.0,13.0,17.0,40.0,99.5,288.3,censo_decenal
2021,Morovis,28582.0,40.2,18547.3,13.0,17.0,40.2,99.5,287.3,estimado_anual
2022,Morovis,28274.0,40.4,18551.6,13.0,17.0,40.4,99.5,284.2,estimado_anual
2023,Morovis,28199.0,40.6,18555.9,13.0,17.0,40.6,99.5,283.4,estimado_anual
2024,Morovis,28254.0,40.8,18560.2,13.0,17.0,40.8,99.5,284.0,estimado_anual
2025,Morovis,28170.0,41.0,18564.5,13.0,17.0,41.0,99.5,283.1,estimado_anual
1950,Naguabo,20926.0,,,,,,126.6,165.3,estimado_poblacion
1951,Naguabo,20544.0,,,,,,126.6,162.3,estimado_poblacion
1952,Naguabo,20159.0,,,,,,126.6,159.2,estimado_poblacion
1953,Naguabo,19779.0,,,,,,126.6,156.2,estimado_poblacion
1954,Naguabo,19394.0,,,,,,126.6,153.2,estimado_poblacion
1955,Naguabo,19015.0,,,,,,126.6,150.2,estimado_poblacion
1956,Naguabo,18633.0,,,,,,126.6,147.2,estimado_poblacion
1957,Naguabo,18244.0,,,,,,126.6,144.1,estimado_poblacion
1958,Naguabo,17864.0,,,,,,126.6,141.1,estimado_poblacion
1959,Naguabo,17483.0,,,,,,126.6,138.1,estimado_poblacion
1960,Naguabo,17215.0,,,,,,126.6,136.0,estimado_poblacion
1961,Naguabo,17293.0,,,,,,126.6,136.6,estimado_poblacion
1962,Naguabo,17375.0,,,,,,126.6,137.2,estimado_poblacion
1963,Naguabo,17458.0,,,,,,126.6,137.9,estimado_poblacion
1964,Naguabo,17538.0,,,,,,126.6,138.5,estimado_poblacion
1965,Naguabo,17616.0,,,,,,126.6,139.1,estimado_poblacion
1966,Naguabo,17692.0,,,,,,126.6,139.7,estimado_poblacion
1967,Naguabo,17773.0,,,,,,126.6,140.4,estimado_poblacion
1968,Naguabo,17855.0,,,,,,126.6,141.0,estimado_poblacion
1969,Naguabo,17937.0,,,,,,126.6,141.7,estimado_poblacion
1970,Naguabo,18062.0,67.0,2000.0,18.0,5.0,28.0,126.6,142.7,censo_decenal
1971,Naguabo,18322.0,66.5,2300.0,18.0,5.4,28.3,126.6,144.7,estimado_anual
1972,Naguabo,18586.0,66.0,2600.0,18.0,5.8,28.6,126.6,146.8,estimado_anual
1973,Naguabo,18846.0,65.5,2900.0,18.0,6.2,28.9,126.6,148.9,estimado_anual
1974,Naguabo,19110.0,65.0,3200.0,18.0,6.6,29.2,126.6,150.9,estimado_anual
1975,Naguabo,19372.0,64.5,3500.0,18.0,7.0,29.5,126.6,153.0,estimado_anual
1976,Naguabo,19634.0,64.0,3800.0,18.0,7.4,29.8,126.6,155.1,estimado_anual
1977,Naguabo,19896.0,63.5,4100.0,18.0,7.8,30.1,126.6,157.2,estimado_anual
1978,Naguabo,20159.0,63.0,4400.0,18.0,8.2,30.4,126.6,159.2,estimado_anual
1979,Naguabo,20419.0,62.5,4700.0,18.0,8.6,30.7,126.6,161.3,estimado_anual
1980,Naguabo,20657.0,62.0,5000.0,18.0,9.0,31.0,126.6,163.2,censo_decenal
1981,Naguabo,20827.0,61.6,5390.0,17.8,9.3,31.3,126.6,164.5,estimado_anual
1982,Naguabo,21005.0,61.2,5780.0,17.6,9.6,31.6,126.6,165.9,estimado_anual
1983,Naguabo,21185.0,60.8,6170.0,17.4,9.9,31.9,126.6,167.3,estimado_anual
1984,Naguabo,21379.0,60.4,6560.0,17.2,10.2,32.2,126.6,168.9,estimado_anual
1985,Naguabo,21576.0,60.0,6950.0,17.0,10.5,32.5,126.6,170.4,estimado_anual
1986,Naguabo,21780.0,59.6,7340.0,16.8,10.8,32.8,126.6,172.0,estimado_anual
1987,Naguabo,21993.0,59.2,7730.0,16.6,11.1,33.1,126.6,173.7,estimado_anual
1988,Naguabo,22213.0,58.8,8120.0,16.4,11.4,33.4,126.6,175.5,estimado_anual
1989,Naguabo,22444.0,58.4,8510.0,16.2,11.7,33.7,126.6,177.3,estimado_anual
1990,Naguabo,22640.0,58.0,8900.0,16.0,12.0,34.0,126.6,178.8,censo_decenal
1991,Naguabo,22724.0,57.7,9620.0,15.8,12.3,34.4,126.6,179.5,estimado_anual
1992,Naguabo,22819.0,57.4,10340.0,15.6,12.6,34.8,126.6,180.2,estimado_anual
1993,Naguabo,22912.0,57.1,11060.0,15.4,12.9,35.2,126.6,181.0,estimado_anual
1994,Naguabo,23020.0,56.8,11780.0,15.2,13.2,35.6,126.6,181.8,estimado_anual
1995,Naguabo,23129.0,56.5,12500.0,15.0,13.5,36.0,126.6,182.7,estimado_anual
1996,Naguabo,23246.0,56.2,13220.0,14.8,13.8,36.4,126.6,183.6,estimado_anual
1997,Naguabo,23374.0,55.9,13940.0,14.6,14.1,36.8,126.6,184.6,estimado_anual
1998,Naguabo,23503.0,55.6,14660.0,14.4,14.4,37.2,126.6,185.6,estimado_anual
1999,Naguabo,23644.0,55.3,15380.0,14.2,14.7,37.6,126.6,186.8,estimado_anual
2000,Naguabo,23865.0,55.0,16100.0,14.0,15.0,38.0,126.6,188.5,censo_decenal
2001,Naguabo,24258.0,53.5,16140.0,14.1,15.1,38.2,126.6,191.6,estimado_anual
2002,Naguabo,24646.0,52.0,16180.0,14.2,15.2,38.4,126.6,194.7,estimado_anual
2003,Naguabo,25024.0,50.5,16220.0,14.3,15.3,38.6,126.6,197.7,estimado_anual
2004,Naguabo,25383.0,49.0,16260.0,14.4,15.4,38.8,126.6,200.5,estimado_anual
2005,Naguabo,25694.0,47.5,16300.0,14.5,15.5,39.0,126.6,203.0,estimado_anual
2006,Naguabo,25940.0,46.0,16340.0,14.6,15.6,39.2,126.6,204.9,estimado_anual
2007,Naguabo,26138.0,44.5,16380.0,14.7,15.7,39.4,126.6,206.5,estimado_anual
2008,Naguabo,26340.0,43.0,16420.0,14.8,15.8,39.6,126.6,208.1,estimado_anual
2009,Naguabo,26559.0,41.5,16460.0,14.9,15.9,39.8,126.6,209.8,estimado_anual
2010,Naguabo,26713.0,40.0,16500.0,15.0,16.0,40.0,126.6,211.0,censo_decenal
2011,Naguabo,26533.0,40.2,16504.3,15.0,16.0,40.2,126.6,209.6,estimado_anual
2012,Naguabo,26314.0,40.4,16508.6,15.0,16.0,40.4,126.6,207.9,estimado_anual
2013,Naguabo,26100.0,40.6,16512.9,15.0,16.0,40.6,126.6,206.2,estimado_anual
2014,Naguabo,25741.0,40.8,16517.2,15.0,16.0,40.8,126.6,203.3,estimado_anual
2015,Naguabo,25347.0,41.0,16521.5,15.0,16.0,41.0,126.6,200.2,estimado_anual
2016,Naguabo,24932.0,41.2,16525.8,15.0,16.0,41.2,126.6,196.9,estimado_anual
2017,Naguabo,24369.0,41.4,16530.1,15.0,16.0,41.4,126.6,192.5,estimado_anual
2018,Naguabo,23391.0,41.6,16534.4,15.0,16.0,41.6,126.6,184.8,estimado_anual
2019,Naguabo,23516.0,41.8,16538.7,15.0,16.0,41.8,126.6,185.8,estimado_anual
2020,Naguabo,23385.0,42.0,16543.0,15.0,16.0,42.0,126.6,184.7,censo_decenal
2021,Naguabo,23276.0,42.2,16547.3,15.0,16.0,42.2,126.6,183.9,estimado_anual
2022,Naguabo,22946.0,42.4,16551.6,15.0,16.0,42.4,126.6,181.2,estimado_anual
2023,Naguabo,22803.0,42.6,16555.9,15.0,16.0,42.6,126.6,180.1,estimado_anual
2024,Naguabo,22790.0,42.8,16560.2,15.0,16.0,42.8,126.6,180.0,estimado_anual
2025,Naguabo,22666.0,43.0,16564.5,15.0,16.0,43.0,126.6,179.0,estimado_anual
1950,Naranjito,15959.0,,,,,,70.2,227.3,estimado_poblacion
1951,Naranjito,16101.0,,,,,,70.2,229.4,estimado_poblacion
1952,Naranjito,16239.0,,,,,,70.2,231.3,estimado_poblacion
1953,Naranjito,16381.0,,,,,,70.2,233.3,estimado_poblacion
1954,Naranjito,16518.0,,,,,,70.2,235.3,estimado_poblacion
1955,Naranjito,16657.0,,,,,,70.2,237.3,estimado_poblacion
1956,Naranjito,16795.0,,,,,,70.2,239.2,estimado_poblacion
1957,Naranjito,16937.0,,,,,,70.2,241.3,estimado_poblacion
1958,Naranjito,17076.0,,,,,,70.2,243.2,estimado_poblacion
1959,Naranjito,17215.0,,,,,,70.2,245.2,estimado_poblacion
1960,Naranjito,17383.0,,,,,,70.2,247.6,estimado_poblacion
1961,Naranjito,17641.0,,,,,,70.2,251.3,estimado_poblacion
1962,Naranjito,17904.0,,,,,,70.2,255.0,estimado_poblacion
1963,Naranjito,18160.0,,,,,,70.2,258.7,estimado_poblacion
1964,Naranjito,18421.0,,,,,,70.2,262.4,estimado_poblacion
1965,Naranjito,18680.0,,,,,,70.2,266.1,estimado_poblacion
1966,Naranjito,18938.0,,,,,,70.2,269.8,estimado_poblacion
1967,Naranjito,19201.0,,,,,,70.2,273.5,estimado_poblacion
1968,Naranjito,19459.0,,,,,,70.2,277.2,estimado_poblacion
1969,Naranjito,19715.0,,,,,,70.2,280.8,estimado_poblacion
1970,Naranjito,20002.0,65.0,2100.0,17.0,5.0,28.0,70.2,284.9,censo_decenal
1971,Naranjito,20375.0,64.5,2410.0,17.0,5.4,28.3,70.2,290.2,estimado_anual
1972,Naranjito,20753.0,64.0,2720.0,17.0,5.8,28.6,70.2,295.6,estimado_anual
1973,Naranjito,21119.0,63.5,3030.0,17.0,6.2,28.9,70.2,300.8,estimado_anual
1974,Naranjito,21492.0,63.0,3340.0,17.0,6.6,29.2,70.2,306.2,estimado_anual
1975,Naranjito,21862.0,62.5,3650.0,17.0,7.0,29.5,70.2,311.4,estimado_anual
1976,Naranjito,22236.0,62.0,3960.0,17.0,7.4,29.8,70.2,316.8,estimado_anual
1977,Naranjito,22610.0,61.5,4270.0,17.0,7.8,30.1,70.2,322.1,estimado_anual
1978,Naranjito,22981.0,61.0,4580.0,17.0,8.2,30.4,70.2,327.4,estimado_anual
1979,Naranjito,23355.0,60.5,4890.0,17.0,8.6,30.7,70.2,332.7,estimado_anual
1980,Naranjito,23724.0,60.0,5200.0,17.0,9.0,31.0,70.2,337.9,censo_decenal
1981,Naranjito,24089.0,59.6,5610.0,16.8,9.3,31.3,70.2,343.1,estimado_anual
1982,Naranjito,24468.0,59.2,6020.0,16.6,9.6,31.6,70.2,348.5,estimado_anual
1983,Naranjito,24864.0,58.8,6430.0,16.4,9.9,31.9,70.2,354.2,estimado_anual
1984,Naranjito,25269.0,58.4,6840.0,16.2,10.2,32.2,70.2,360.0,estimado_anual
1985,Naranjito,25694.0,58.0,7250.0,16.0,10.5,32.5,70.2,366.0,estimado_anual
1986,Naranjito,26126.0,57.6,7660.0,15.8,10.8,32.8,70.2,372.2,estimado_anual
1987,Naranjito,26583.0,57.2,8070.0,15.6,11.1,33.1,70.2,378.7,estimado_anual
1988,Naranjito,27050.0,56.8,8480.0,15.4,11.4,33.4,70.2,385.3,estimado_anual
1989,Naranjito,27538.0,56.4,8890.0,15.2,11.7,33.7,70.2,392.3,estimado_anual
1990,Naranjito,27945.0,56.0,9300.0,15.0,12.0,34.0,70.2,398.1,censo_decenal
1991,Naranjito,28081.0,55.7,10110.0,14.8,12.3,34.3,70.2,400.0,estimado_anual
1992,Naranjito,28225.0,55.4,10920.0,14.6,12.6,34.6,70.2,402.1,estimado_anual
1993,Naranjito,28377.0,55.1,11730.0,14.4,12.9,34.9,70.2,404.2,estimado_anual
1994,Naranjito,28543.0,54.8,12540.0,14.2,13.2,35.2,70.2,406.6,estimado_anual
1995,Naranjito,28716.0,54.5,13350.0,14.0,13.5,35.5,70.2,409.1,estimado_anual
1996,Naranjito,28905.0,54.2,14160.0,13.8,13.8,35.8,70.2,411.8,estimado_anual
1997,Naranjito,29101.0,53.9,14970.0,13.6,14.1,36.1,70.2,414.5,estimado_anual
1998,Naranjito,29311.0,53.6,15780.0,13.4,14.4,36.4,70.2,417.5,estimado_anual
1999,Naranjito,29532.0,53.3,16590.0,13.2,14.7,36.7,70.2,420.7,estimado_anual
2000,Naranjito,29752.0,53.0,17400.0,13.0,15.0,37.0,70.2,423.8,censo_decenal
2001,Naranjito,29968.0,51.7,17440.0,13.0,15.3,37.1,70.2,426.9,estimado_anual
2002,Naranjito,30150.0,50.4,17480.0,13.0,15.6,37.2,70.2,429.5,estimado_anual
2003,Naranjito,30316.0,49.1,17520.0,13.0,15.9,37.3,70.2,431.9,estimado_anual
2004,Naranjito,30451.0,47.8,17560.0,13.0,16.2,37.4,70.2,433.8,estimado_anual
2005,Naranjito,30566.0,46.5,17600.0,13.0,16.5,37.5,70.2,435.4,estimado_anual
2006,Naranjito,30558.0,45.2,17640.0,13.0,16.8,37.6,70.2,435.3,estimado_anual
2007,Naranjito,30499.0,43.9,17680.0,13.0,17.1,37.7,70.2,434.5,estimado_anual
2008,Naranjito,30454.0,42.6,17720.0,13.0,17.4,37.8,70.2,433.8,estimado_anual
2009,Naranjito,30420.0,41.3,17760.0,13.0,17.7,37.9,70.2,433.3,estimado_anual
2010,Naranjito,30438.0,40.0,17800.0,13.0,18.0,38.0,70.2,433.6,censo_decenal
2011,Naranjito,30445.0,40.2,17805.6,13.0,18.1,38.4,70.2,433.7,estimado_anual
2012,Naranjito,30476.0,40.4,17811.2,13.0,18.2,38.8,70.2,434.1,estimado_anual
2013,Naranjito,30488.0,40.6,17816.8,13.0,18.3,39.2,70.2,434.3,estimado_anual
2014,Naranjito,30371.0,40.8,17822.4,13.0,18.4,39.6,70.2,432.6,estimado_anual
2015,Naranjito,30216.0,41.0,17828.0,13.0,18.5,40.0,70.2,430.4,estimado_anual
2016,Naranjito,30002.0,41.2,17833.6,13.0,18.6,40.4,70.2,427.4,estimado_anual
2017,Naranjito,29656.0,41.4,17839.2,13.0,18.7,40.8,70.2,422.5,estimado_anual
2018,Naranjito,28862.0,41.6,17844.8,13.0,18.8,41.2,70.2,411.1,estimado_anual
2019,Naranjito,29207.0,41.8,17850.4,13.0,18.9,41.6,70.2,416.1,estimado_anual
2020,Naranjito,29239.0,42.0,17856.0,13.0,19.0,42.0,70.2,416.5,censo_decenal
2021,Naranjito,29335.0,42.2,17861.6,13.0,19.1,42.4,70.2,417.9,estimado_anual
2022,Naranjito,29180.0,42.4,17867.2,13.0,19.2,42.8,70.2,415.7,estimado_anual
2023,Naranjito,29267.0,42.6,17872.8,13.0,19.3,43.2,70.2,416.9,estimado_anual
2024,Naranjito,29526.0,42.8,17878.4,13.0,19.4,43.6,70.2,420.6,estimado_anual
2025,Naranjito,29627.0,43.0,17884.0,13.0,19.5,44.0,70.2,422.0,estimado_anual
1950,Orocovis,21161.0,,,,,,165.9,127.6,estimado_poblacion
1951,Orocovis,21079.0,,,,,,165.9,127.1,estimado_poblacion
1952,Orocovis,20995.0,,,,,,165.9,126.6,estimado_poblacion
1953,Orocovis,20915.0,,,,,,165.9,126.1,estimado_poblacion
1954,Orocovis,20834.0,,,,,,165.9,125.6,estimado_poblacion
1955,Orocovis,20754.0,,,,,,165.9,125.1,estimado_poblacion
1956,Orocovis,20670.0,,,,,,165.9,124.6,estimado_poblacion
1957,Orocovis,20588.0,,,,,,165.9,124.1,estimado_poblacion
1958,Orocovis,20505.0,,,,,,165.9,123.6,estimado_poblacion
1959,Orocovis,20426.0,,,,,,165.9,123.1,estimado_poblacion
1960,Orocovis,20359.0,,,,,,165.9,122.7,estimado_poblacion
1961,Orocovis,20339.0,,,,,,165.9,122.6,estimado_poblacion
1962,Orocovis,20325.0,,,,,,165.9,122.5,estimado_poblacion
1963,Orocovis,20309.0,,,,,,165.9,122.4,estimado_poblacion
1964,Orocovis,20293.0,,,,,,165.9,122.3,estimado_poblacion
1965,Orocovis,20279.0,,,,,,165.9,122.2,estimado_poblacion
1966,Orocovis,20260.0,,,,,,165.9,122.1,estimado_poblacion
1967,Orocovis,20246.0,,,,,,165.9,122.0,estimado_poblacion
1968,Orocovis,20226.0,,,,,,165.9,121.9,estimado_poblacion
1969,Orocovis,20214.0,,,,,,165.9,121.8,estimado_poblacion
1970,Orocovis,20179.0,72.0,1700.0,22.0,3.0,29.0,165.9,121.6,censo_decenal
1971,Orocovis,20092.0,71.6,1960.0,22.0,3.3,29.4,165.9,121.1,estimado_anual
1972,Orocovis,20006.0,71.2,2220.0,22.0,3.6,29.8,165.9,120.6,estimado_anual
1973,Orocovis,19921.0,70.8,2480.0,22.0,3.9,30.2,165.9,120.1,estimado_anual
1974,Orocovis,19830.0,70.4,2740.0,22.0,4.2,30.6,165.9,119.5,estimado_anual
1975,Orocovis,19747.0,70.0,3000.0,22.0,4.5,31.0,165.9,119.0,estimado_anual
1976,Orocovis,19659.0,69.6,3260.0,22.0,4.8,31.4,165.9,118.5,estimado_anual
1977,Orocovis,19571.0,69.2,3520.0,22.0,5.1,31.8,165.9,118.0,estimado_anual
1978,Orocovis,19485.0,68.8,3780.0,22.0,5.4,32.2,165.9,117.5,estimado_anual
1979,Orocovis,19400.0,68.4,4040.0,22.0,5.7,32.6,165.9,116.9,estimado_anual
1980,Orocovis,19368.0,68.0,4300.0,22.0,6.0,33.0,165.9,116.7,censo_decenal
1981,Orocovis,19510.0,67.6,4640.0,21.8,6.3,33.4,165.9,117.6,estimado_anual
1982,Orocovis,19662.0,67.2,4980.0,21.6,6.6,33.8,165.9,118.5,estimado_anual
1983,Orocovis,19823.0,66.8,5320.0,21.4,6.9,34.2,165.9,119.5,estimado_anual
1984,Orocovis,19991.0,66.4,5660.0,21.2,7.2,34.6,165.9,120.5,estimado_anual
1985,Orocovis,20173.0,66.0,6000.0,21.0,7.5,35.0,165.9,121.6,estimado_anual
1986,Orocovis,20359.0,65.6,6340.0,20.8,7.8,35.4,165.9,122.7,estimado_anual
1987,Orocovis,20558.0,65.2,6680.0,20.6,8.1,35.8,165.9,123.9,estimado_anual
1988,Orocovis,20768.0,64.8,7020.0,20.4,8.4,36.2,165.9,125.2,estimado_anual
1989,Orocovis,20988.0,64.4,7360.0,20.2,8.7,36.6,165.9,126.5,estimado_anual
1990,Orocovis,21213.0,64.0,7700.0,20.0,9.0,37.0,165.9,127.9,censo_decenal
1991,Orocovis,21443.0,63.7,8170.0,19.9,9.2,37.4,165.9,129.3,estimado_anual
1992,Orocovis,21679.0,63.4,8640.0,19.8,9.4,37.8,165.9,130.7,estimado_anual
1993,Orocovis,21927.0,63.1,9110.0,19.7,9.6,38.2,165.9,132.2,estimado_anual
1994,Orocovis,22181.0,62.8,9580.0,19.6,9.8,38.6,165.9,133.7,estimado_anual
1995,Orocovis,22448.0,62.5,10050.0,19.5,10.0,39.0,165.9,135.3,estimado_anual
1996,Orocovis,22720.0,62.2,10520.0,19.4,10.2,39.4,165.9,136.9,estimado_anual
1997,Orocovis,23005.0,61.9,10990.0,19.3,10.4,39.8,165.9,138.7,estimado_anual
1998,Orocovis,23300.0,61.6,11460.0,19.2,10.6,40.2,165.9,140.4,estimado_anual
1999,Orocovis,23607.0,61.3,11930.0,19.1,10.8,40.6,165.9,142.3,estimado_anual
2000,Orocovis,23847.0,61.0,12400.0,19.0,11.0,41.0,165.9,143.7,censo_decenal
2001,Orocovis,23922.0,59.0,12430.0,19.2,11.1,41.1,165.9,144.2,estimado_anual
2002,Orocovis,23975.0,57.0,12460.0,19.4,11.2,41.2,165.9,144.5,estimado_anual
2003,Orocovis,23994.0,55.0,12490.0,19.6,11.3,41.3,165.9,144.6,estimado_anual
2004,Orocovis,24015.0,53.0,12520.0,19.8,11.4,41.4,165.9,144.8,estimado_anual
2005,Orocovis,23997.0,51.0,12550.0,20.0,11.5,41.5,165.9,144.6,estimado_anual
2006,Orocovis,23905.0,49.0,12580.0,20.2,11.6,41.6,165.9,144.1,estimado_anual
2007,Orocovis,23773.0,47.0,12610.0,20.4,11.7,41.7,165.9,143.3,estimado_anual
2008,Orocovis,23642.0,45.0,12640.0,20.6,11.8,41.8,165.9,142.5,estimado_anual
2009,Orocovis,23517.0,43.0,12670.0,20.8,11.9,41.9,165.9,141.8,estimado_anual
2010,Orocovis,23455.0,41.0,12700.0,21.0,12.0,42.0,165.9,141.4,censo_decenal
2011,Orocovis,23325.0,41.2,12706.5,21.0,12.0,42.1,165.9,140.6,estimado_anual
2012,Orocovis,23186.0,41.4,12713.0,21.0,12.0,42.2,165.9,139.8,estimado_anual
2013,Orocovis,23096.0,41.6,12719.5,21.0,12.0,42.3,165.9,139.2,estimado_anual
2014,Orocovis,22888.0,41.8,12726.0,21.0,12.0,42.4,165.9,138.0,estimado_anual
2015,Orocovis,22644.0,42.0,12732.5,21.0,12.0,42.5,165.9,136.5,estimado_anual
2016,Orocovis,22380.0,42.2,12739.0,21.0,12.0,42.6,165.9,134.9,estimado_anual
2017,Orocovis,22005.0,42.4,12745.5,21.0,12.0,42.7,165.9,132.6,estimado_anual
2018,Orocovis,21323.0,42.6,12752.0,21.0,12.0,42.8,165.9,128.5,estimado_anual
2019,Orocovis,21482.0,42.8,12758.5,21.0,12.0,42.9,165.9,129.5,estimado_anual
2020,Orocovis,21431.0,43.0,12765.0,21.0,12.0,43.0,165.9,129.2,censo_decenal
2021,Orocovis,21430.0,43.2,12771.5,21.0,12.0,43.1,165.9,129.2,estimado_anual
2022,Orocovis,21254.0,43.4,12778.0,21.0,12.0,43.2,165.9,128.1,estimado_anual
2023,Orocovis,21255.0,43.6,12784.5,21.0,12.0,43.3,165.9,128.1,estimado_anual
2024,Orocovis,21335.0,43.8,12791.0,21.0,12.0,43.4,165.9,128.6,estimado_anual
2025,Orocovis,21329.0,44.0,12797.5,21.0,12.0,43.5,165.9,128.6,estimado_anual
1950,Patillas,18806.0,,,,,,118.9,158.2,estimado_poblacion
1951,Patillas,18633.0,,,,,,118.9,156.7,estimado_poblacion
1952,Patillas,18460.0,,,,,,118.9,155.3,estimado_poblacion
1953,Patillas,18285.0,,,,,,118.9,153.8,estimado_poblacion
1954,Patillas,18108.0,,,,,,118.9,152.3,estimado_poblacion
1955,Patillas,17936.0,,,,,,118.9,150.8,estimado_poblacion
1956,Patillas,17758.0,,,,,,118.9,149.4,estimado_poblacion
1957,Patillas,17587.0,,,,,,118.9,147.9,estimado_poblacion
1958,Patillas,17413.0,,,,,,118.9,146.5,estimado_poblacion
1959,Patillas,17238.0,,,,,,118.9,145.0,estimado_poblacion
1960,Patillas,17121.0,,,,,,118.9,144.0,estimado_poblacion
1961,Patillas,17194.0,,,,,,118.9,144.6,estimado_poblacion
1962,Patillas,17271.0,,,,,,118.9,145.3,estimado_poblacion
1963,Patillas,17339.0,,,,,,118.9,145.8,estimado_poblacion
1964,Patillas,17412.0,,,,,,118.9,146.4,estimado_poblacion
1965,Patillas,17485.0,,,,,,118.9,147.1,estimado_poblacion
1966,Patillas,17557.0,,,,,,118.9,147.7,estimado_poblacion
1967,Patillas,17632.0,,,,,,118.9,148.3,estimado_poblacion
1968,Patillas,17701.0,,,,,,118.9,148.9,estimado_poblacion
1969,Patillas,17774.0,,,,,,118.9,149.5,estimado_poblacion
1970,Patillas,17828.0,70.0,1800.0,21.0,3.0,30.0,118.9,149.9,censo_decenal
1971,Patillas,17822.0,69.6,2080.0,21.0,3.3,30.4,118.9,149.9,estimado_anual
1972,Patillas,17814.0,69.2,2360.0,21.0,3.6,30.8,118.9,149.8,estimado_anual
1973,Patillas,17812.0,68.8,2640.0,21.0,3.9,31.2,118.9,149.8,estimado_anual
1974,Patillas,17808.0,68.4,2920.0,21.0,4.2,31.6,118.9,149.8,estimado_anual
1975,Patillas,17802.0,68.0,3200.0,21.0,4.5,32.0,118.9,149.7,estimado_anual
1976,Patillas,17796.0,67.6,3480.0,21.0,4.8,32.4,118.9,149.7,estimado_anual
1977,Patillas,17788.0,67.2,3760.0,21.0,5.1,32.8,118.9,149.6,estimado_anual
1978,Patillas,17785.0,66.8,4040.0,21.0,5.4,33.2,118.9,149.6,estimado_anual
1979,Patillas,17782.0,66.4,4320.0,21.0,5.7,33.6,118.9,149.6,estimado_anual
1980,Patillas,17810.0,66.0,4600.0,21.0,6.0,34.0,118.9,149.8,censo_decenal
1981,Patillas,17966.0,65.6,4960.0,20.8,6.3,34.4,118.9,151.1,estimado_anual
1982,Patillas,18124.0,65.2,5320.0,20.6,6.6,34.8,118.9,152.4,estimado_anual
1983,Patillas,18289.0,64.8,5680.0,20.4,6.9,35.2,118.9,153.8,estimado_anual
1984,Patillas,18464.0,64.4,6040.0,20.2,7.2,35.6,118.9,155.3,estimado_anual
1985,Patillas,18647.0,64.0,6400.0,20.0,7.5,36.0,118.9,156.8,estimado_anual
1986,Patillas,18835.0,63.6,6760.0,19.8,7.8,36.4,118.9,158.4,estimado_anual
1987,Patillas,19037.0,63.2,7120.0,19.6,8.1,36.8,118.9,160.1,estimado_anual
1988,Patillas,19244.0,62.8,7480.0,19.4,8.4,37.2,118.9,161.9,estimado_anual
1989,Patillas,19464.0,62.4,7840.0,19.2,8.7,37.6,118.9,163.7,estimado_anual
1990,Patillas,19636.0,62.0,8200.0,19.0,9.0,38.0,118.9,165.1,censo_decenal
1991,Patillas,19655.0,61.7,8670.0,18.8,9.3,38.4,118.9,165.3,estimado_anual
1992,Patillas,19679.0,61.4,9140.0,18.6,9.6,38.8,118.9,165.5,estimado_anual
1993,Patillas,19712.0,61.1,9610.0,18.4,9.9,39.2,118.9,165.8,estimado_anual
1994,Patillas,19753.0,60.8,10080.0,18.2,10.2,39.6,118.9,166.1,estimado_anual
1995,Patillas,19802.0,60.5,10550.0,18.0,10.5,40.0,118.9,166.5,estimado_anual
1996,Patillas,19859.0,60.2,11020.0,17.8,10.8,40.4,118.9,167.0,estimado_anual
1997,Patillas,19923.0,59.9,11490.0,17.6,11.1,40.8,118.9,167.6,estimado_anual
1998,Patillas,20000.0,59.6,11960.0,17.4,11.4,41.2,118.9,168.2,estimado_anual
1999,Patillas,20084.0,59.3,12430.0,17.2,11.7,41.6,118.9,168.9,estimado_anual
2000,Patillas,20160.0,59.0,12900.0,17.0,12.0,42.0,118.9,169.6,censo_decenal
2001,Patillas,20158.0,57.4,12930.0,17.2,12.1,42.2,118.9,169.5,estimado_anual
2002,Patillas,20138.0,55.8,12960.0,17.4,12.2,42.4,118.9,169.4,estimado_anual
2003,Patillas,20111.0,54.2,12990.0,17.6,12.3,42.6,118.9,169.1,estimado_anual
2004,Patillas,20078.0,52.6,13020.0,17.8,12.4,42.8,118.9,168.9,estimado_anual
2005,Patillas,19996.0,51.0,13050.0,18.0,12.5,43.0,118.9,168.2,estimado_anual
2006,Patillas,19871.0,49.4,13080.0,18.2,12.6,43.2,118.9,167.1,estimado_anual
2007,Patillas,19702.0,47.8,13110.0,18.4,12.7,43.4,118.9,165.7,estimado_anual
2008,Patillas,19541.0,46.2,13140.0,18.6,12.8,43.6,118.9,164.3,estimado_anual
2009,Patillas,19389.0,44.6,13170.0,18.8,12.9,43.8,118.9,163.1,estimado_anual
2010,Patillas,19223.0,43.0,13200.0,19.0,13.0,44.0,118.9,161.7,censo_decenal
2011,Patillas,18946.0,43.2,13203.4,19.1,13.0,44.2,118.9,159.3,estimado_anual
2012,Patillas,18683.0,43.4,13206.8,19.2,13.0,44.4,118.9,157.1,estimado_anual
2013,Patillas,18450.0,43.6,13210.2,19.3,13.0,44.6,118.9,155.2,estimado_anual
2014,Patillas,18120.0,43.8,13213.6,19.4,13.0,44.8,118.9,152.4,estimado_anual
2015,Patillas,17748.0,44.0,13217.0,19.5,13.0,45.0,118.9,149.3,estimado_anual
2016,Patillas,17368.0,44.2,13220.4,19.6,13.0,45.2,118.9,146.1,estimado_anual
2017,Patillas,16912.0,44.4,13223.8,19.7,13.0,45.4,118.9,142.2,estimado_anual
2018,Patillas,16217.0,44.6,13227.2,19.8,13.0,45.6,118.9,136.4,estimado_anual
2019,Patillas,16158.0,44.8,13230.6,19.9,13.0,45.8,118.9,135.9,estimado_anual
2020,Patillas,15944.0,45.0,13234.0,20.0,13.0,46.0,118.9,134.1,censo_decenal
2021,Patillas,15803.0,45.2,13237.4,20.1,13.0,46.2,118.9,132.9,estimado_anual
2022,Patillas,15513.0,45.4,13240.8,20.2,13.0,46.4,118.9,130.5,estimado_anual
2023,Patillas,15329.0,45.6,13244.2,20.3,13.0,46.6,118.9,128.9,estimado_anual
2024,Patillas,15204.0,45.8,13247.6,20.4,13.0,46.8,118.9,127.9,estimado_anual
2025,Patillas,15077.0,46.0,13251.0,20.5,13.0,47.0,118.9,126.8,estimado_anual
1950,Peñuelas,14929.0,,,,,,116.9,127.7,estimado_poblacion
1951,Peñuelas,14925.0,,,,,,116.9,127.7,estimado_poblacion
1952,Peñuelas,14923.0,,,,,,116.9,127.7,estimado_poblacion
1953,Peñuelas,14917.0,,,,,,116.9,127.6,estimado_poblacion
1954,Peñuelas,14909.0,,,,,,116.9,127.5,estimado_poblacion
1955,Peñuelas,14907.0,,,,,,116.9,127.5,estimado_poblacion
1956,Peñuelas,14903.0,,,,,,116.9,127.5,estimado_poblacion
1957,Peñuelas,14901.0,,,,,,116.9,127.5,estimado_poblacion
1958,Peñuelas,14895.0,,,,,,116.9,127.4,estimado_poblacion
1959,Peñuelas,14889.0,,,,,,116.9,127.4,estimado_poblacion
1960,Peñuelas,14914.0,,,,,,116.9,127.6,estimado_poblacion
1961,Peñuelas,15024.0,,,,,,116.9,128.5,estimado_poblacion
1962,Peñuelas,15133.0,,,,,,116.9,129.5,estimado_poblacion
1963,Peñuelas,15239.0,,,,,,116.9,130.4,estimado_poblacion
1964,Peñuelas,15351.0,,,,,,116.9,131.3,estimado_poblacion
1965,Peñuelas,15458.0,,,,,,116.9,132.2,estimado_poblacion
1966,Peñuelas,15566.0,,,,,,116.9,133.2,estimado_poblacion
1967,Peñuelas,15675.0,,,,,,116.9,134.1,estimado_poblacion
1968,Peñuelas,15785.0,,,,,,116.9,135.0,estimado_poblacion
1969,Peñuelas,15888.0,,,,,,116.9,135.9,estimado_poblacion
1970,Peñuelas,16050.0,72.0,1800.0,22.0,3.0,30.0,116.9,137.3,censo_decenal
1971,Peñuelas,16365.0,71.6,2070.0,22.0,3.3,30.4,116.9,140.0,estimado_anual
1972,Peñuelas,16684.0,71.2,2340.0,22.0,3.6,30.8,116.9,142.7,estimado_anual
1973,Peñuelas,16991.0,70.8,2610.0,22.0,3.9,31.2,116.9,145.3,estimado_anual
1974,Peñuelas,17308.0,70.4,2880.0,22.0,4.2,31.6,116.9,148.1,estimado_anual
1975,Peñuelas,17625.0,70.0,3150.0,22.0,4.5,32.0,116.9,150.8,estimado_anual
1976,Peñuelas,17935.0,69.6,3420.0,22.0,4.8,32.4,116.9,153.4,estimado_anual
1977,Peñuelas,18250.0,69.2,3690.0,22.0,5.1,32.8,116.9,156.1,estimado_anual
1978,Peñuelas,18564.0,68.8,3960.0,22.0,5.4,33.2,116.9,158.8,estimado_anual
1979,Peñuelas,18879.0,68.4,4230.0,22.0,5.7,33.6,116.9,161.5,estimado_anual
1980,Peñuelas,19188.0,68.0,4500.0,22.0,6.0,34.0,116.9,164.1,censo_decenal
1981,Peñuelas,19485.0,67.6,4850.0,21.8,6.3,34.3,116.9,166.7,estimado_anual
1982,Peñuelas,19791.0,67.2,5200.0,21.6,6.6,34.6,116.9,169.3,estimado_anual
1983,Peñuelas,20109.0,66.8,5550.0,21.4,6.9,34.9,116.9,172.0,estimado_anual
1984,Peñuelas,20434.0,66.4,5900.0,21.2,7.2,35.2,116.9,174.8,estimado_anual
1985,Peñuelas,20770.0,66.0,6250.0,21.0,7.5,35.5,116.9,177.7,estimado_anual
1986,Peñuelas,21117.0,65.6,6600.0,20.8,7.8,35.8,116.9,180.6,estimado_anual
1987,Peñuelas,21475.0,65.2,6950.0,20.6,8.1,36.1,116.9,183.7,estimado_anual
1988,Peñuelas,21843.0,64.8,7300.0,20.4,8.4,36.4,116.9,186.9,estimado_anual
1989,Peñuelas,22220.0,64.4,7650.0,20.2,8.7,36.7,116.9,190.1,estimado_anual
1990,Peñuelas,22604.0,64.0,8000.0,20.0,9.0,37.0,116.9,193.4,censo_decenal
1991,Peñuelas,22970.0,63.7,8570.0,19.8,9.3,37.4,116.9,196.5,estimado_anual
1992,Peñuelas,23344.0,63.4,9140.0,19.6,9.6,37.8,116.9,199.7,estimado_anual
1993,Peñuelas,23735.0,63.1,9710.0,19.4,9.9,38.2,116.9,203.0,estimado_anual
1994,Peñuelas,24134.0,62.8,10280.0,19.2,10.2,38.6,116.9,206.4,estimado_anual
1995,Peñuelas,24549.0,62.5,10850.0,19.0,10.5,39.0,116.9,210.0,estimado_anual
1996,Peñuelas,24977.0,62.2,11420.0,18.8,10.8,39.4,116.9,213.7,estimado_anual
1997,Peñuelas,25422.0,61.9,11990.0,18.6,11.1,39.8,116.9,217.5,estimado_anual
1998,Peñuelas,25880.0,61.6,12560.0,18.4,11.4,40.2,116.9,221.4,estimado_anual
1999,Peñuelas,26354.0,61.3,13130.0,18.2,11.7,40.6,116.9,225.4,estimado_anual
2000,Peñuelas,26689.0,61.0,13700.0,18.0,12.0,41.0,116.9,228.3,censo_decenal
2001,Peñuelas,26576.0,59.1,13730.0,18.1,12.1,41.1,116.9,227.3,estimado_anual
2002,Peñuelas,26435.0,57.2,13760.0,18.2,12.2,41.2,116.9,226.1,estimado_anual
2003,Peñuelas,26262.0,55.3,13790.0,18.3,12.3,41.3,116.9,224.7,estimado_anual
2004,Peñuelas,26088.0,53.4,13820.0,18.4,12.4,41.4,116.9,223.2,estimado_anual
2005,Peñuelas,25871.0,51.5,13850.0,18.5,12.5,41.5,116.9,221.3,estimado_anual
2006,Peñuelas,25561.0,49.6,13880.0,18.6,12.6,41.6,116.9,218.7,estimado_anual
2007,Peñuelas,25206.0,47.7,13910.0,18.7,12.7,41.7,116.9,215.6,estimado_anual
2008,Peñuelas,24867.0,45.8,13940.0,18.8,12.8,41.8,116.9,212.7,estimado_anual
2009,Peñuelas,24523.0,43.9,13970.0,18.9,12.9,41.9,116.9,209.8,estimado_anual
2010,Peñuelas,24250.0,42.0,14000.0,19.0,13.0,42.0,116.9,207.4,censo_decenal
2011,Peñuelas,23943.0,42.2,14012.3,19.0,13.0,42.2,116.9,204.8,estimado_anual
2012,Peñuelas,23599.0,42.4,14024.6,19.0,13.0,42.4,116.9,201.9,estimado_anual
2013,Peñuelas,23285.0,42.6,14036.9,19.0,13.0,42.6,116.9,199.2,estimado_anual
2014,Peñuelas,22904.0,42.8,14049.2,19.0,13.0,42.8,116.9,195.9,estimado_anual
2015,Peñuelas,22491.0,43.0,14061.5,19.0,13.0,43.0,116.9,192.4,estimado_anual
2016,Peñuelas,22029.0,43.2,14073.8,19.0,13.0,43.2,116.9,188.4,estimado_anual
2017,Peñuelas,21476.0,43.4,14086.1,19.0,13.0,43.4,116.9,183.7,estimado_anual
2018,Peñuelas,20604.0,43.6,14098.4,19.0,13.0,43.6,116.9,176.3,estimado_anual
2019,Peñuelas,20595.0,43.8,14110.7,19.0,13.0,43.8,116.9,176.2,estimado_anual
2020,Peñuelas,20347.0,44.0,14123.0,19.0,13.0,44.0,116.9,174.1,censo_decenal
2021,Peñuelas,20177.0,44.2,14135.3,19.0,13.0,44.2,116.9,172.6,estimado_anual
2022,Peñuelas,19806.0,44.4,14147.6,19.0,13.0,44.4,116.9,169.4,estimado_anual
2023,Peñuelas,19635.0,44.6,14159.9,19.0,13.0,44.6,116.9,168.0,estimado_anual
2024,Peñuelas,19533.0,44.8,14172.2,19.0,13.0,44.8,116.9,167.1,estimado_anual
2025,Peñuelas,19325.0,45.0,14184.5,19.0,13.0,45.0,116.9,165.3,estimado_anual
1950,Ponce,127276.0,,,,,,299.3,425.2,estimado_poblacion
1951,Ponce,129151.0,,,,,,299.3,431.5,estimado_poblacion
1952,Ponce,131033.0,,,,,,299.3,437.8,estimado_poblacion
1953,Ponce,132910.0,,,,,,299.3,444.1,estimado_poblacion
1954,Ponce,134788.0,,,,,,299.3,450.3,estimado_poblacion
1955,Ponce,136659.0,,,,,,299.3,456.6,estimado_poblacion
1956,Ponce,138543.0,,,,,,299.3,462.9,estimado_poblacion
1957,Ponce,140419.0,,,,,,299.3,469.2,estimado_poblacion
1958,Ponce,142295.0,,,,,,299.3,475.4,estimado_poblacion
1959,Ponce,144172.0,,,,,,299.3,481.7,estimado_poblacion
1960,Ponce,145919.0,,,,,,299.3,487.5,estimado_poblacion
1961,Ponce,147259.0,,,,,,299.3,492.0,estimado_poblacion
1962,Ponce,148593.0,,,,,,299.3,496.5,estimado_poblacion
1963,Ponce,149936.0,,,,,,299.3,501.0,estimado_poblacion
1964,Ponce,151278.0,,,,,,299.3,505.4,estimado_poblacion
1965,Ponce,152618.0,,,,,,299.3,509.9,estimado_poblacion
1966,Ponce,153956.0,,,,,,299.3,514.4,estimado_poblacion
1967,Ponce,155295.0,,,,,,299.3,518.9,estimado_poblacion
1968,Ponce,156636.0,,,,,,299.3,523.3,estimado_poblacion
1969,Ponce,157976.0,,,,,,299.3,527.8,estimado_poblacion
1970,Ponce,159726.0,66.0,2200.0,19.0,7.0,28.0,299.3,533.7,censo_decenal
1971,Ponce,162733.0,65.5,2520.0,18.9,7.6,28.3,299.3,543.7,estimado_anual
1972,Ponce,165745.0,65.0,2840.0,18.8,8.2,28.6,299.3,553.8,estimado_anual
1973,Ponce,168752.0,64.5,3160.0,18.7,8.8,28.9,299.3,563.8,estimado_anual
1974,Ponce,171752.0,64.0,3480.0,18.6,9.4,29.2,299.3,573.8,estimado_anual
1975,Ponce,174760.0,63.5,3800.0,18.5,10.0,29.5,299.3,583.9,estimado_anual
1976,Ponce,177770.0,63.0,4120.0,18.4,10.6,29.8,299.3,594.0,estimado_anual
1977,Ponce,180775.0,62.5,4440.0,18.3,11.2,30.1,299.3,604.0,estimado_anual
1978,Ponce,183777.0,62.0,4760.0,18.2,11.8,30.4,299.3,614.0,estimado_anual
1979,Ponce,186781.0,61.5,5080.0,18.1,12.4,30.7,299.3,624.1,estimado_anual
1980,Ponce,188962.0,61.0,5400.0,18.0,13.0,31.0,299.3,631.3,censo_decenal
1981,Ponce,188655.0,60.6,5820.0,17.9,13.4,31.3,299.3,630.3,estimado_anual
1982,Ponce,188389.0,60.2,6240.0,17.8,13.8,31.6,299.3,629.4,estimado_anual
1983,Ponce,188166.0,59.8,6660.0,17.7,14.2,31.9,299.3,628.7,estimado_anual
1984,Ponce,187983.0,59.4,7080.0,17.6,14.6,32.2,299.3,628.1,estimado_anual
1985,Ponce,187842.0,59.0,7500.0,17.5,15.0,32.5,299.3,627.6,estimado_anual
1986,Ponce,187742.0,58.6,7920.0,17.4,15.4,32.8,299.3,627.3,estimado_anual
1987,Ponce,187683.0,58.2,8340.0,17.3,15.8,33.1,299.3,627.1,estimado_anual
1988,Ponce,187670.0,57.8,8760.0,17.2,16.2,33.4,299.3,627.0,estimado_anual
1989,Ponce,187697.0,57.4,9180.0,17.1,16.6,33.7,299.3,627.1,estimado_anual
1990,Ponce,187661.0,57.0,9600.0,17.0,17.0,34.0,299.3,627.0,censo_decenal
1991,Ponce,187345.0,56.7,10120.0,16.9,17.3,34.4,299.3,625.9,estimado_anual
1992,Ponce,187073.0,56.4,10640.0,16.8,17.6,34.8,299.3,625.0,estimado_anual
1993,Ponce,186843.0,56.1,11160.0,16.7,17.9,35.2,299.3,624.3,estimado_anual
1994,Ponce,186661.0,55.8,11680.0,16.6,18.2,35.6,299.3,623.7,estimado_anual
1995,Ponce,186518.0,55.5,12200.0,16.5,18.5,36.0,299.3,623.2,estimado_anual
1996,Ponce,186426.0,55.2,12720.0,16.4,18.8,36.4,299.3,622.9,estimado_anual
1997,Ponce,186376.0,54.9,13240.0,16.3,19.1,36.8,299.3,622.7,estimado_anual
1998,Ponce,186371.0,54.6,13760.0,16.2,19.4,37.2,299.3,622.7,estimado_anual
1999,Ponce,186413.0,54.3,14280.0,16.1,19.7,37.6,299.3,622.8,estimado_anual
2000,Ponce,186166.0,54.0,14800.0,16.0,20.0,38.0,299.3,622.0,censo_decenal
2001,Ponce,184896.0,52.6,14820.0,16.2,20.2,38.2,299.3,617.8,estimado_anual
2002,Ponce,183499.0,51.2,14840.0,16.4,20.4,38.4,299.3,613.1,estimado_anual
2003,Ponce,182003.0,49.8,14860.0,16.6,20.6,38.6,299.3,608.1,estimado_anual
2004,Ponce,180411.0,48.4,14880.0,16.8,20.8,38.8,299.3,602.8,estimado_anual
2005,Ponce,178443.0,47.0,14900.0,17.0,21.0,39.0,299.3,596.2,estimado_anual
2006,Ponce,176058.0,45.6,14920.0,17.2,21.2,39.2,299.3,588.2,estimado_anual
2007,Ponce,173449.0,44.2,14940.0,17.4,21.4,39.4,299.3,579.5,estimado_anual
2008,Ponce,170742.0,42.8,14960.0,17.6,21.6,39.6,299.3,570.5,estimado_anual
2009,Ponce,168186.0,41.4,14980.0,17.8,21.8,39.8,299.3,561.9,estimado_anual
2010,Ponce,165919.0,40.0,15000.0,18.0,22.0,40.0,299.3,554.4,censo_decenal
2011,Ponce,163600.0,40.2,15012.3,18.0,22.0,40.2,299.3,546.6,estimado_anual
2012,Ponce,161082.0,40.4,15024.6,18.0,22.0,40.4,299.3,538.2,estimado_anual
2013,Ponce,158948.0,40.6,15036.9,18.0,22.0,40.6,299.3,531.1,estimado_anual
2014,Ponce,156345.0,40.8,15049.2,18.0,22.0,40.8,299.3,522.4,estimado_anual
2015,Ponce,153170.0,41.0,15061.5,18.0,22.0,41.0,299.3,511.8,estimado_anual
2016,Ponce,149414.0,41.2,15073.8,18.0,22.0,41.2,299.3,499.2,estimado_anual
2017,Ponce,145596.0,41.4,15086.1,18.0,22.0,41.4,299.3,486.5,estimado_anual
2018,Ponce,139643.0,41.6,15098.4,18.0,22.0,41.6,299.3,466.6,estimado_anual
2019,Ponce,139237.0,41.8,15110.7,18.0,22.0,41.8,299.3,465.2,estimado_anual
2020,Ponce,137196.0,42.0,15123.0,18.0,22.0,42.0,299.3,458.4,censo_decenal
2021,Ponce,134901.0,42.2,15135.3,18.0,22.0,42.2,299.3,450.7,estimado_anual
2022,Ponce,132290.0,42.4,15147.6,18.0,22.0,42.4,299.3,442.0,estimado_anual
2023,Ponce,130664.0,42.6,15159.9,18.0,22.0,42.6,299.3,436.6,estimado_anual
2024,Ponce,130077.0,42.8,15172.2,18.0,22.0,42.8,299.3,434.6,estimado_anual
2025,Ponce,128384.0,43.0,15184.5,18.0,22.0,43.0,299.3,428.9,estimado_anual
1950,Quebradillas,13696.0,,,,,,34.6,395.8,estimado_poblacion
1951,Quebradillas,13630.0,,,,,,34.6,393.9,estimado_poblacion
1952,Quebradillas,13568.0,,,,,,34.6,392.1,estimado_poblacion
1953,Quebradillas,13506.0,,,,,,34.6,390.3,estimado_poblacion
1954,Quebradillas,13440.0,,,,,,34.6,388.4,estimado_poblacion
1955,Quebradillas,13377.0,,,,,,34.6,386.6,estimado_poblacion
1956,Quebradillas,13313.0,,,,,,34.6,384.8,estimado_poblacion
1957,Quebradillas,13250.0,,,,,,34.6,382.9,estimado_poblacion
1958,Quebradillas,13188.0,,,,,,34.6,381.2,estimado_poblacion
1959,Quebradillas,13121.0,,,,,,34.6,379.2,estimado_poblacion
1960,Quebradillas,13137.0,,,,,,34.6,379.7,estimado_poblacion
1961,Quebradillas,13383.0,,,,,,34.6,386.8,estimado_poblacion
1962,Quebradillas,13637.0,,,,,,34.6,394.1,estimado_poblacion
1963,Quebradillas,13887.0,,,,,,34.6,401.4,estimado_poblacion
1964,Quebradillas,14138.0,,,,,,34.6,408.6,estimado_poblacion
1965,Quebradillas,14390.0,,,,,,34.6,415.9,estimado_poblacion
1966,Quebradillas,14638.0,,,,,,34.6,423.1,estimado_poblacion
1967,Quebradillas,14891.0,,,,,,34.6,430.4,estimado_poblacion
1968,Quebradillas,15143.0,,,,,,34.6,437.7,estimado_poblacion
1969,Quebradillas,15390.0,,,,,,34.6,444.8,estimado_poblacion
1970,Quebradillas,15683.0,65.0,2100.0,17.0,5.0,28.0,34.6,453.3,censo_decenal
1971,Quebradillas,16095.0,64.5,2420.0,17.0,5.4,28.3,34.6,465.2,estimado_anual
1972,Quebradillas,16513.0,64.0,2740.0,17.0,5.8,28.6,34.6,477.3,estimado_anual
1973,Quebradillas,16928.0,63.5,3060.0,17.0,6.2,28.9,34.6,489.2,estimado_anual
1974,Quebradillas,17343.0,63.0,3380.0,17.0,6.6,29.2,34.6,501.2,estimado_anual
1975,Quebradillas,17755.0,62.5,3700.0,17.0,7.0,29.5,34.6,513.2,estimado_anual
1976,Quebradillas,18171.0,62.0,4020.0,17.0,7.4,29.8,34.6,525.2,estimado_anual
1977,Quebradillas,18587.0,61.5,4340.0,17.0,7.8,30.1,34.6,537.2,estimado_anual
1978,Quebradillas,19001.0,61.0,4660.0,17.0,8.2,30.4,34.6,549.2,estimado_anual
1979,Quebradillas,19417.0,60.5,4980.0,17.0,8.6,30.7,34.6,561.2,estimado_anual
1980,Quebradillas,19759.0,60.0,5300.0,17.0,9.0,31.0,34.6,571.1,censo_decenal
1981,Quebradillas,19894.0,59.6,5700.0,16.8,9.3,31.3,34.6,575.0,estimado_anual
1982,Quebradillas,20034.0,59.2,6100.0,16.6,9.6,31.6,34.6,579.0,estimado_anual
1983,Quebradillas,20181.0,58.8,6500.0,16.4,9.9,31.9,34.6,583.3,estimado_anual
1984,Quebradillas,20337.0,58.4,6900.0,16.2,10.2,32.2,34.6,587.8,estimado_anual
1985,Quebradillas,20505.0,58.0,7300.0,16.0,10.5,32.5,34.6,592.6,estimado_anual
1986,Quebradillas,20680.0,57.6,7700.0,15.8,10.8,32.8,34.6,597.7,estimado_anual
1987,Quebradillas,20865.0,57.2,8100.0,15.6,11.1,33.1,34.6,603.0,estimado_anual
1988,Quebradillas,21061.0,56.8,8500.0,15.4,11.4,33.4,34.6,608.7,estimado_anual
1989,Quebradillas,21264.0,56.4,8900.0,15.2,11.7,33.7,34.6,614.6,estimado_anual
1990,Quebradillas,21510.0,56.0,9300.0,15.0,12.0,34.0,34.6,621.7,censo_decenal
1991,Quebradillas,21860.0,55.7,10010.0,14.8,12.3,34.3,34.6,631.8,estimado_anual
1992,Quebradillas,22225.0,55.4,10720.0,14.6,12.6,34.6,34.6,642.3,estimado_anual
1993,Quebradillas,22598.0,55.1,11430.0,14.4,12.9,34.9,34.6,653.1,estimado_anual
1994,Quebradillas,22986.0,54.8,12140.0,14.2,13.2,35.2,34.6,664.3,estimado_anual
1995,Quebradillas,23380.0,54.5,12850.0,14.0,13.5,35.5,34.6,675.7,estimado_anual
1996,Quebradillas,23790.0,54.2,13560.0,13.8,13.8,35.8,34.6,687.6,estimado_anual
1997,Quebradillas,24213.0,53.9,14270.0,13.6,14.1,36.1,34.6,699.8,estimado_anual
1998,Quebradillas,24652.0,53.6,14980.0,13.4,14.4,36.4,34.6,712.5,estimado_anual
1999,Quebradillas,25103.0,53.3,15690.0,13.2,14.7,36.7,34.6,725.5,estimado_anual
2000,Quebradillas,25511.0,53.0,16400.0,13.0,15.0,37.0,34.6,737.3,censo_decenal
2001,Quebradillas,25661.0,51.6,16440.0,13.1,15.2,37.1,34.6,741.6,estimado_anual
2002,Quebradillas,25789.0,50.2,16480.0,13.2,15.4,37.2,34.6,745.3,estimado_anual
2003,Quebradillas,25911.0,48.8,16520.0,13.3,15.6,37.3,34.6,748.9,estimado_anual
2004,Quebradillas,26017.0,47.4,16560.0,13.4,15.8,37.4,34.6,751.9,estimado_anual
2005,Quebradillas,26083.0,46.0,16600.0,13.5,16.0,37.5,34.6,753.8,estimado_anual
2006,Quebradillas,26083.0,44.6,16640.0,13.6,16.2,37.6,34.6,753.8,estimado_anual
2007,Quebradillas,26025.0,43.2,16680.0,13.7,16.4,37.7,34.6,752.2,estimado_anual
2008,Quebradillas,25988.0,41.8,16720.0,13.8,16.6,37.8,34.6,751.1,estimado_anual
2009,Quebradillas,25934.0,40.4,16760.0,13.9,16.8,37.9,34.6,749.5,estimado_anual
2010,Quebradillas,25916.0,39.0,16800.0,14.0,17.0,38.0,34.6,749.0,censo_decenal
2011,Quebradillas,25801.0,39.1,16807.6,14.0,17.1,38.2,34.6,745.7,estimado_anual
2012,Quebradillas,25681.0,39.2,16815.2,14.0,17.2,38.4,34.6,742.2,estimado_anual
2013,Quebradillas,25567.0,39.3,16822.8,14.0,17.3,38.6,34.6,738.9,estimado_anual
2014,Quebradillas,25304.0,39.4,16830.4,14.0,17.4,38.8,34.6,731.3,estimado_anual
2015,Quebradillas,25025.0,39.5,16838.0,14.0,17.5,39.0,34.6,723.3,estimado_anual
2016,Quebradillas,24705.0,39.6,16845.6,14.0,17.6,39.2,34.6,714.0,estimado_anual
2017,Quebradillas,24271.0,39.7,16853.2,14.0,17.7,39.4,34.6,701.5,estimado_anual
2018,Quebradillas,23524.0,39.8,16860.8,14.0,17.8,39.6,34.6,679.9,estimado_anual
2019,Quebradillas,23708.0,39.9,16868.4,14.0,17.9,39.8,34.6,685.2,estimado_anual
2020,Quebradillas,23610.0,40.0,16876.0,14.0,18.0,40.0,34.6,682.4,censo_decenal
2021,Quebradillas,23530.0,40.1,16883.6,14.0,18.1,40.2,34.6,680.1,estimado_anual
2022,Quebradillas,23308.0,40.2,16891.2,14.0,18.2,40.4,34.6,673.6,estimado_anual
2023,Quebradillas,23224.0,40.3,16898.8,14.0,18.3,40.6,34.6,671.2,estimado_anual
2024,Quebradillas,23273.0,40.4,16906.4,14.0,18.4,40.8,34.6,672.6,estimado_anual
2025,Quebradillas,23189.0,40.5,16914.0,14.0,18.5,41.0,34.6,670.2,estimado_anual
1950,Rincón,9859.0,,,,,,35.7,276.2,estimado_poblacion
1951,Rincón,9742.0,,,,,,35.7,272.9,estimado_poblacion
1952,Rincón,9621.0,,,,,,35.7,269.5,estimado_poblacion
1953,Rincón,9503.0,,,,,,35.7,266.2,estimado_poblacion
1954,Rincón,9389.0,,,,,,35.7,263.0,estimado_poblacion
1955,Rincón,9268.0,,,,,,35.7,259.6,estimado_poblacion
1956,Rincón,9148.0,,,,,,35.7,256.2,estimado_poblacion
1957,Rincón,9031.0,,,,,,35.7,253.0,estimado_poblacion
1958,Rincón,8914.0,,,,,,35.7,249.7,estimado_poblacion
1959,Rincón,8797.0,,,,,,35.7,246.4,estimado_poblacion
1960,Rincón,8711.0,,,,,,35.7,244.0,estimado_poblacion
1961,Rincón,8753.0,,,,,,35.7,245.2,estimado_poblacion
1962,Rincón,8793.0,,,,,,35.7,246.3,estimado_poblacion
1963,Rincón,8835.0,,,,,,35.7,247.5,estimado_poblacion
1964,Rincón,8868.0,,,,,,35.7,248.4,estimado_poblacion
1965,Rincón,8910.0,,,,,,35.7,249.6,estimado_poblacion
1966,Rincón,8947.0,,,,,,35.7,250.6,estimado_poblacion
1967,Rincón,8989.0,,,,,,35.7,251.8,estimado_poblacion
1968,Rincón,9027.0,,,,,,35.7,252.9,estimado_poblacion
1969,Rincón,9064.0,,,,,,35.7,253.9,estimado_poblacion
1970,Rincón,9161.0,63.0,2300.0,16.0,7.0,30.0,35.7,256.6,censo_decenal
1971,Rincón,9431.0,62.4,2640.0,16.0,7.6,30.4,35.7,264.2,estimado_anual
1972,Rincón,9702.0,61.8,2980.0,16.0,8.2,30.8,35.7,271.8,estimado_anual
1973,Rincón,9973.0,61.2,3320.0,16.0,8.8,31.2,35.7,279.4,estimado_anual
1974,Rincón,10239.0,60.6,3660.0,16.0,9.4,31.6,35.7,286.8,estimado_anual
1975,Rincón,10508.0,60.0,4000.0,16.0,10.0,32.0,35.7,294.3,estimado_anual
1976,Rincón,10779.0,59.4,4340.0,16.0,10.6,32.4,35.7,301.9,estimado_anual
1977,Rincón,11047.0,58.8,4680.0,16.0,11.2,32.8,35.7,309.4,estimado_anual
1978,Rincón,11317.0,58.2,5020.0,16.0,11.8,33.2,35.7,317.0,estimado_anual
1979,Rincón,11583.0,57.6,5360.0,16.0,12.4,33.6,35.7,324.5,estimado_anual
1980,Rincón,11791.0,57.0,5700.0,16.0,13.0,34.0,35.7,330.3,censo_decenal
1981,Rincón,11817.0,56.6,6120.0,15.8,13.4,34.3,35.7,331.0,estimado_anual
1982,Rincón,11846.0,56.2,6540.0,15.6,13.8,34.6,35.7,331.8,estimado_anual
1983,Rincón,11877.0,55.8,6960.0,15.4,14.2,34.9,35.7,332.7,estimado_anual
1984,Rincón,11915.0,55.4,7380.0,15.2,14.6,35.2,35.7,333.8,estimado_anual
1985,Rincón,11955.0,55.0,7800.0,15.0,15.0,35.5,35.7,334.9,estimado_anual
1986,Rincón,11998.0,54.6,8220.0,14.8,15.4,35.8,35.7,336.1,estimado_anual
1987,Rincón,12049.0,54.2,8640.0,14.6,15.8,36.1,35.7,337.5,estimado_anual
1988,Rincón,12103.0,53.8,9060.0,14.4,16.2,36.4,35.7,339.0,estimado_anual
1989,Rincón,12165.0,53.4,9480.0,14.2,16.6,36.7,35.7,340.8,estimado_anual
1990,Rincón,12267.0,53.0,9900.0,14.0,17.0,37.0,35.7,343.6,censo_decenal
1991,Rincón,12485.0,52.7,10850.0,13.8,17.4,37.4,35.7,349.7,estimado_anual
1992,Rincón,12710.0,52.4,11800.0,13.6,17.8,37.8,35.7,356.0,estimado_anual
1993,Rincón,12945.0,52.1,12750.0,13.4,18.2,38.2,35.7,362.6,estimado_anual
1994,Rincón,13186.0,51.8,13700.0,13.2,18.6,38.6,35.7,369.4,estimado_anual
1995,Rincón,13440.0,51.5,14650.0,13.0,19.0,39.0,35.7,376.5,estimado_anual
1996,Rincón,13701.0,51.2,15600.0,12.8,19.4,39.4,35.7,383.8,estimado_anual
1997,Rincón,13972.0,50.9,16550.0,12.6,19.8,39.8,35.7,391.4,estimado_anual
1998,Rincón,14249.0,50.6,17500.0,12.4,20.2,40.2,35.7,399.1,estimado_anual
1999,Rincón,14541.0,50.3,18450.0,12.2,20.6,40.6,35.7,407.3,estimado_anual
2000,Rincón,14783.0,50.0,19400.0,12.0,21.0,41.0,35.7,414.1,censo_decenal
2001,Rincón,14891.0,49.2,19430.0,12.0,21.2,41.2,35.7,417.1,estimado_anual
2002,Rincón,14983.0,48.4,19460.0,12.0,21.4,41.4,35.7,419.7,estimado_anual
2003,Rincón,15071.0,47.6,19490.0,12.0,21.6,41.6,35.7,422.2,estimado_anual
2004,Rincón,15149.0,46.8,19520.0,12.0,21.8,41.8,35.7,424.3,estimado_anual
2005,Rincón,15205.0,46.0,19550.0,12.0,22.0,42.0,35.7,425.9,estimado_anual
2006,Rincón,15213.0,45.2,19580.0,12.0,22.2,42.2,35.7,426.1,estimado_anual
2007,Rincón,15202.0,44.4,19610.0,12.0,22.4,42.4,35.7,425.8,estimado_anual
2008,Rincón,15207.0,43.6,19640.0,12.0,22.6,42.6,35.7,426.0,estimado_anual
2009,Rincón,15202.0,42.8,19670.0,12.0,22.8,42.8,35.7,425.8,estimado_anual
2010,Rincón,15243.0,42.0,19700.0,12.0,23.0,43.0,35.7,427.0,censo_decenal
2011,Rincón,15294.0,42.2,19717.6,12.0,23.1,43.1,35.7,428.4,estimado_anual
2012,Rincón,15339.0,42.4,19735.2,12.0,23.2,43.2,35.7,429.7,estimado_anual
2013,Rincón,15389.0,42.6,19752.8,12.0,23.3,43.3,35.7,431.1,estimado_anual
2014,Rincón,15406.0,42.8,19770.4,12.0,23.4,43.4,35.7,431.5,estimado_anual
2015,Rincón,15400.0,43.0,19788.0,12.0,23.5,43.5,35.7,431.4,estimado_anual
2016,Rincón,15355.0,43.2,19805.6,12.0,23.6,43.6,35.7,430.1,estimado_anual
2017,Rincón,15242.0,43.4,19823.2,12.0,23.7,43.7,35.7,426.9,estimado_anual
2018,Rincón,14928.0,43.6,19840.8,12.0,23.8,43.8,35.7,418.2,estimado_anual
2019,Rincón,15125.0,43.8,19858.4,12.0,23.9,43.9,35.7,423.7,estimado_anual
2020,Rincón,15185.0,44.0,19876.0,12.0,24.0,44.0,35.7,425.4,censo_decenal
2021,Rincón,15299.0,44.2,19893.6,12.0,24.1,44.1,35.7,428.5,estimado_anual
2022,Rincón,15243.0,44.4,19911.2,12.0,24.2,44.2,35.7,427.0,estimado_anual
2023,Rincón,15339.0,44.6,19928.8,12.0,24.3,44.3,35.7,429.7,estimado_anual
2024,Rincón,15518.0,44.8,19946.4,12.0,24.4,44.4,35.7,434.7,estimado_anual
2025,Rincón,15582.0,45.0,19964.0,12.0,24.5,44.5,35.7,436.5,estimado_anual
1950,Río Grande,16668.0,,,,,,157.4,105.9,estimado_poblacion
1951,Río Grande,16724.0,,,,,,157.4,106.3,estimado_poblacion
1952,Río Grande,16782.0,,,,,,157.4,106.6,estimado_poblacion
1953,Río Grande,16838.0,,,,,,157.4,107.0,estimado_poblacion
1954,Río Grande,16896.0,,,,,,157.4,107.3,estimado_poblacion
1955,Río Grande,16962.0,,,,,,157.4,107.8,estimado_poblacion
1956,Río Grande,17015.0,,,,,,157.4,108.1,estimado_poblacion
1957,Río Grande,17077.0,,,,,,157.4,108.5,estimado_poblacion
1958,Río Grande,17130.0,,,,,,157.4,108.8,estimado_poblacion
1959,Río Grande,17190.0,,,,,,157.4,109.2,estimado_poblacion
1960,Río Grande,17352.0,,,,,,157.4,110.2,estimado_poblacion
1961,Río Grande,17831.0,,,,,,157.4,113.3,estimado_poblacion
1962,Río Grande,18313.0,,,,,,157.4,116.3,estimado_poblacion
1963,Río Grande,18791.0,,,,,,157.4,119.4,estimado_poblacion
1964,Río Grande,19270.0,,,,,,157.4,122.4,estimado_poblacion
1965,Río Grande,19751.0,,,,,,157.4,125.5,estimado_poblacion
1966,Río Grande,20230.0,,,,,,157.4,128.5,estimado_poblacion
1967,Río Grande,20713.0,,,,,,157.4,131.6,estimado_poblacion
1968,Río Grande,21192.0,,,,,,157.4,134.6,estimado_poblacion
1969,Río Grande,21673.0,,,,,,157.4,137.7,estimado_poblacion
1970,Río Grande,22338.0,63.0,2300.0,16.0,6.0,27.0,157.4,141.9,censo_decenal
1971,Río Grande,23560.0,62.4,2650.0,16.0,6.5,27.3,157.4,149.7,estimado_anual
1972,Río Grande,24791.0,61.8,3000.0,16.0,7.0,27.6,157.4,157.5,estimado_anual
1973,Río Grande,26015.0,61.2,3350.0,16.0,7.5,27.9,157.4,165.3,estimado_anual
1974,Río Grande,27237.0,60.6,3700.0,16.0,8.0,28.2,157.4,173.0,estimado_anual
1975,Río Grande,28464.0,60.0,4050.0,16.0,8.5,28.5,157.4,180.8,estimado_anual
1976,Río Grande,29688.0,59.4,4400.0,16.0,9.0,28.8,157.4,188.6,estimado_anual
1977,Río Grande,30915.0,58.8,4750.0,16.0,9.5,29.1,157.4,196.4,estimado_anual
1978,Río Grande,32137.0,58.2,5100.0,16.0,10.0,29.4,157.4,204.2,estimado_anual
1979,Río Grande,33363.0,57.6,5450.0,16.0,10.5,29.7,157.4,212.0,estimado_anual
1980,Río Grande,34515.0,57.0,5800.0,16.0,11.0,30.0,157.4,219.3,censo_decenal
1981,Río Grande,35466.0,56.6,6230.0,15.8,11.4,30.3,157.4,225.3,estimado_anual
1982,Río Grande,36455.0,56.2,6660.0,15.6,11.8,30.6,157.4,231.6,estimado_anual
1983,Río Grande,37485.0,55.8,7090.0,15.4,12.2,30.9,157.4,238.2,estimado_anual
1984,Río Grande,38557.0,55.4,7520.0,15.2,12.6,31.2,157.4,245.0,estimado_anual
1985,Río Grande,39672.0,55.0,7950.0,15.0,13.0,31.5,157.4,252.0,estimado_anual
1986,Río Grande,40834.0,54.6,8380.0,14.8,13.4,31.8,157.4,259.4,estimado_anual
1987,Río Grande,42043.0,54.2,8810.0,14.6,13.8,32.1,157.4,267.1,estimado_anual
1988,Río Grande,43307.0,53.8,9240.0,14.4,14.2,32.4,157.4,275.1,estimado_anual
1989,Río Grande,44624.0,53.4,9670.0,14.2,14.6,32.7,157.4,283.5,estimado_anual
1990,Río Grande,45790.0,53.0,10100.0,14.0,15.0,33.0,157.4,290.9,censo_decenal
1991,Río Grande,46365.0,52.7,10940.0,13.8,15.3,33.4,157.4,294.6,estimado_anual
1992,Río Grande,46963.0,52.4,11780.0,13.6,15.6,33.8,157.4,298.4,estimado_anual
1993,Río Grande,47578.0,52.1,12620.0,13.4,15.9,34.2,157.4,302.3,estimado_anual
1994,Río Grande,48215.0,51.8,13460.0,13.2,16.2,34.6,157.4,306.3,estimado_anual
1995,Río Grande,48880.0,51.5,14300.0,13.0,16.5,35.0,157.4,310.5,estimado_anual
1996,Río Grande,49564.0,51.2,15140.0,12.8,16.8,35.4,157.4,314.9,estimado_anual
1997,Río Grande,50277.0,50.9,15980.0,12.6,17.1,35.8,157.4,319.4,estimado_anual
1998,Río Grande,51010.0,50.6,16820.0,12.4,17.4,36.2,157.4,324.1,estimado_anual
1999,Río Grande,51772.0,50.3,17660.0,12.2,17.7,36.6,157.4,328.9,estimado_anual
2000,Río Grande,52458.0,50.0,18500.0,12.0,18.0,37.0,157.4,333.3,censo_decenal
2001,Río Grande,52872.0,48.9,18540.0,12.1,18.2,37.1,157.4,335.9,estimado_anual
2002,Río Grande,53270.0,47.8,18580.0,12.2,18.4,37.2,157.4,338.4,estimado_anual
2003,Río Grande,53611.0,46.7,18620.0,12.3,18.6,37.3,157.4,340.6,estimado_anual
2004,Río Grande,53926.0,45.6,18660.0,12.4,18.8,37.4,157.4,342.6,estimado_anual
2005,Río Grande,54172.0,44.5,18700.0,12.5,19.0,37.5,157.4,344.2,estimado_anual
2006,Río Grande,54267.0,43.4,18740.0,12.6,19.2,37.6,157.4,344.8,estimado_anual
2007,Río Grande,54285.0,42.3,18780.0,12.7,19.4,37.7,157.4,344.9,estimado_anual
2008,Río Grande,54264.0,41.2,18820.0,12.8,19.6,37.8,157.4,344.8,estimado_anual
2009,Río Grande,54281.0,40.1,18860.0,12.9,19.8,37.9,157.4,344.9,estimado_anual
2010,Río Grande,54276.0,39.0,18900.0,13.0,20.0,38.0,157.4,344.8,censo_decenal
2011,Río Grande,53785.0,39.1,18907.6,13.0,20.0,38.2,157.4,341.7,estimado_anual
2012,Río Grande,53525.0,39.2,18915.2,13.0,20.0,38.4,157.4,340.1,estimado_anual
2013,Río Grande,53104.0,39.3,18922.8,13.0,20.0,38.6,157.4,337.4,estimado_anual
2014,Río Grande,52283.0,39.4,18930.4,13.0,20.0,38.8,157.4,332.2,estimado_anual
2015,Río Grande,51375.0,39.5,18938.0,13.0,20.0,39.0,157.4,326.4,estimado_anual
2016,Río Grande,50329.0,39.6,18945.6,13.0,20.0,39.2,157.4,319.8,estimado_anual
2017,Río Grande,49084.0,39.7,18953.2,13.0,20.0,39.4,157.4,311.8,estimado_anual
2018,Río Grande,47212.0,39.8,18960.8,13.0,20.0,39.6,157.4,299.9,estimado_anual
2019,Río Grande,47352.0,39.9,18968.4,13.0,20.0,39.8,157.4,300.8,estimado_anual
2020,Río Grande,47003.0,40.0,18976.0,13.0,20.0,40.0,157.4,298.6,censo_decenal
2021,Río Grande,46549.0,40.1,18983.6,13.0,20.0,40.2,157.4,295.7,estimado_anual
2022,Río Grande,45772.0,40.2,18991.2,13.0,20.0,40.4,157.4,290.8,estimado_anual
2023,Río Grande,45479.0,40.3,18998.8,13.0,20.0,40.6,157.4,288.9,estimado_anual
2024,Río Grande,45204.0,40.4,19006.4,13.0,20.0,40.8,157.4,287.2,estimado_anual
2025,Río Grande,44799.0,40.5,19014.0,13.0,20.0,41.0,157.4,284.6,estimado_anual
1950,Sabana Grande,16093.0,,,,,,94.5,170.3,estimado_poblacion
1951,Sabana Grande,16072.0,,,,,,94.5,170.1,estimado_poblacion
1952,Sabana Grande,16055.0,,,,,,94.5,169.9,estimado_poblacion
1953,Sabana Grande,16037.0,,,,,,94.5,169.7,estimado_poblacion
1954,Sabana Grande,16018.0,,,,,,94.5,169.5,estimado_poblacion
1955,Sabana Grande,15997.0,,,,,,94.5,169.3,estimado_poblacion
1956,Sabana Grande,15980.0,,,,,,94.5,169.1,estimado_poblacion
1957,Sabana Grande,15958.0,,,,,,94.5,168.9,estimado_poblacion
1958,Sabana Grande,15942.0,,,,,,94.5,168.7,estimado_poblacion
1959,Sabana Grande,15925.0,,,,,,94.5,168.5,estimado_poblacion
1960,Sabana Grande,15920.0,,,,,,94.5,168.5,estimado_poblacion
1961,Sabana Grande,15962.0,,,,,,94.5,168.9,estimado_poblacion
1962,Sabana Grande,16009.0,,,,,,94.5,169.4,estimado_poblacion
1963,Sabana Grande,16048.0,,,,,,94.5,169.8,estimado_poblacion
1964,Sabana Grande,16094.0,,,,,,94.5,170.3,estimado_poblacion
1965,Sabana Grande,16138.0,,,,,,94.5,170.8,estimado_poblacion
1966,Sabana Grande,16180.0,,,,,,94.5,171.2,estimado_poblacion
1967,Sabana Grande,16224.0,,,,,,94.5,171.7,estimado_poblacion
1968,Sabana Grande,16267.0,,,,,,94.5,172.1,estimado_poblacion
1969,Sabana Grande,16310.0,,,,,,94.5,172.6,estimado_poblacion
1970,Sabana Grande,16437.0,67.0,2000.0,18.0,5.0,29.0,94.5,173.9,censo_decenal
1971,Sabana Grande,16824.0,66.5,2300.0,18.0,5.4,29.3,94.5,178.0,estimado_anual
1972,Sabana Grande,17213.0,66.0,2600.0,18.0,5.8,29.6,94.5,182.1,estimado_anual
1973,Sabana Grande,17598.0,65.5,2900.0,18.0,6.2,29.9,94.5,186.2,estimado_anual
1974,Sabana Grande,17983.0,65.0,3200.0,18.0,6.6,30.2,94.5,190.3,estimado_anual
1975,Sabana Grande,18370.0,64.5,3500.0,18.0,7.0,30.5,94.5,194.4,estimado_anual
1976,Sabana Grande,18757.0,64.0,3800.0,18.0,7.4,30.8,94.5,198.5,estimado_anual
1977,Sabana Grande,19144.0,63.5,4100.0,18.0,7.8,31.1,94.5,202.6,estimado_anual
1978,Sabana Grande,19530.0,63.0,4400.0,18.0,8.2,31.4,94.5,206.7,estimado_anual
1979,Sabana Grande,19917.0,62.5,4700.0,18.0,8.6,31.7,94.5,210.8,estimado_anual
1980,Sabana Grande,20258.0,62.0,5000.0,18.0,9.0,32.0,94.5,214.4,censo_decenal
1981,Sabana Grande,20483.0,61.6,5390.0,17.8,9.3,32.3,94.5,216.8,estimado_anual
1982,Sabana Grande,20718.0,61.2,5780.0,17.6,9.6,32.6,94.5,219.2,estimado_anual
1983,Sabana Grande,20958.0,60.8,6170.0,17.4,9.9,32.9,94.5,221.8,estimado_anual
1984,Sabana Grande,21207.0,60.4,6560.0,17.2,10.2,33.2,94.5,224.4,estimado_anual
1985,Sabana Grande,21466.0,60.0,6950.0,17.0,10.5,33.5,94.5,227.2,estimado_anual
1986,Sabana Grande,21736.0,59.6,7340.0,16.8,10.8,33.8,94.5,230.0,estimado_anual
1987,Sabana Grande,22015.0,59.2,7730.0,16.6,11.1,34.1,94.5,233.0,estimado_anual
1988,Sabana Grande,22307.0,58.8,8120.0,16.4,11.4,34.4,94.5,236.1,estimado_anual
1989,Sabana Grande,22610.0,58.4,8510.0,16.2,11.7,34.7,94.5,239.3,estimado_anual
1990,Sabana Grande,22908.0,58.0,8900.0,16.0,12.0,35.0,94.5,242.4,censo_decenal
1991,Sabana Grande,23174.0,57.7,9620.0,15.8,12.3,35.3,94.5,245.2,estimado_anual
1992,Sabana Grande,23449.0,57.4,10340.0,15.6,12.6,35.6,94.5,248.1,estimado_anual
1993,Sabana Grande,23734.0,57.1,11060.0,15.4,12.9,35.9,94.5,251.2,estimado_anual
1994,Sabana Grande,24030.0,56.8,11780.0,15.2,13.2,36.2,94.5,254.3,estimado_anual
1995,Sabana Grande,24334.0,56.5,12500.0,15.0,13.5,36.5,94.5,257.5,estimado_anual
1996,Sabana Grande,24654.0,56.2,13220.0,14.8,13.8,36.8,94.5,260.9,estimado_anual
1997,Sabana Grande,24976.0,55.9,13940.0,14.6,14.1,37.1,94.5,264.3,estimado_anual
1998,Sabana Grande,25315.0,55.6,14660.0,14.4,14.4,37.4,94.5,267.9,estimado_anual
1999,Sabana Grande,25665.0,55.3,15380.0,14.2,14.7,37.7,94.5,271.6,estimado_anual
2000,Sabana Grande,25914.0,55.0,16100.0,14.0,15.0,38.0,94.5,274.2,censo_decenal
2001,Sabana Grande,25958.0,53.5,16140.0,14.1,15.1,38.2,94.5,274.7,estimado_anual
2002,Sabana Grande,25978.0,52.0,16180.0,14.2,15.2,38.4,94.5,274.9,estimado_anual
2003,Sabana Grande,25988.0,50.5,16220.0,14.3,15.3,38.6,94.5,275.0,estimado_anual
2004,Sabana Grande,25987.0,49.0,16260.0,14.4,15.4,38.8,94.5,275.0,estimado_anual
2005,Sabana Grande,25959.0,47.5,16300.0,14.5,15.5,39.0,94.5,274.7,estimado_anual
2006,Sabana Grande,25836.0,46.0,16340.0,14.6,15.6,39.2,94.5,273.4,estimado_anual
2007,Sabana Grande,25677.0,44.5,16380.0,14.7,15.7,39.4,94.5,271.7,estimado_anual
2008,Sabana Grande,25528.0,43.0,16420.0,14.8,15.8,39.6,94.5,270.1,estimado_anual
2009,Sabana Grande,25376.0,41.5,16460.0,14.9,15.9,39.8,94.5,268.5,estimado_anual
2010,Sabana Grande,25374.0,40.0,16500.0,15.0,16.0,40.0,94.5,268.5,censo_decenal
2011,Sabana Grande,25204.0,40.2,16504.3,15.0,16.1,40.2,94.5,266.7,estimado_anual
2012,Sabana Grande,24995.0,40.4,16508.6,15.0,16.2,40.4,94.5,264.5,estimado_anual
2013,Sabana Grande,24873.0,40.6,16512.9,15.0,16.3,40.6,94.5,263.2,estimado_anual
2014,Sabana Grande,24617.0,40.8,16517.2,15.0,16.4,40.8,94.5,260.5,estimado_anual
2015,Sabana Grande,24264.0,41.0,16521.5,15.0,16.5,41.0,94.5,256.8,estimado_anual
2016,Sabana Grande,23946.0,41.2,16525.8,15.0,16.6,41.2,94.5,253.4,estimado_anual
2017,Sabana Grande,23498.0,41.4,16530.1,15.0,16.7,41.4,94.5,248.7,estimado_anual
2018,Sabana Grande,22731.0,41.6,16534.4,15.0,16.8,41.6,94.5,240.5,estimado_anual
2019,Sabana Grande,22841.0,41.8,16538.7,15.0,16.9,41.8,94.5,241.7,estimado_anual
2020,Sabana Grande,22702.0,42.0,16543.0,15.0,17.0,42.0,94.5,240.2,censo_decenal
2021,Sabana Grande,22629.0,42.2,16547.3,15.0,17.1,42.2,94.5,239.5,estimado_anual
2022,Sabana Grande,22345.0,42.4,16551.6,15.0,17.2,42.4,94.5,236.5,estimado_anual
2023,Sabana Grande,22196.0,42.6,16555.9,15.0,17.3,42.6,94.5,234.9,estimado_anual
2024,Sabana Grande,22181.0,42.8,16560.2,15.0,17.4,42.8,94.5,234.7,estimado_anual
2025,Sabana Grande,22055.0,43.0,16564.5,15.0,17.5,43.0,94.5,233.4,estimado_anual
1950,Salinas,23427.0,,,,,,178.1,131.5,estimado_poblacion
1951,Salinas,23395.0,,,,,,178.1,131.4,estimado_poblacion
1952,Salinas,23369.0,,,,,,178.1,131.2,estimado_poblacion
1953,Salinas,23335.0,,,,,,178.1,131.0,estimado_poblacion
1954,Salinas,23308.0,,,,,,178.1,130.9,estimado_poblacion
1955,Salinas,23275.0,,,,,,178.1,130.7,estimado_poblacion
1956,Salinas,23246.0,,,,,,178.1,130.5,estimado_poblacion
1957,Salinas,23217.0,,,,,,178.1,130.4,estimado_poblacion
1958,Salinas,23186.0,,,,,,178.1,130.2,estimado_poblacion
1959,Salinas,23153.0,,,,,,178.1,130.0,estimado_poblacion
1960,Salinas,23101.0,,,,,,178.1,129.7,estimado_poblacion
1961,Salinas,22971.0,,,,,,178.1,129.0,estimado_poblacion
1962,Salinas,22842.0,,,,,,178.1,128.3,estimado_poblacion
1963,Salinas,22713.0,,,,,,178.1,127.5,estimado_poblacion
1964,Salinas,22584.0,,,,,,178.1,126.8,estimado_poblacion
1965,Salinas,22452.0,,,,,,178.1,126.1,estimado_poblacion
1966,Salinas,22323.0,,,,,,178.1,125.3,estimado_poblacion
1967,Salinas,22196.0,,,,,,178.1,124.6,estimado_poblacion
1968,Salinas,22065.0,,,,,,178.1,123.9,estimado_poblacion
1969,Salinas,21935.0,,,,,,178.1,123.2,estimado_poblacion
1970,Salinas,21952.0,68.0,2000.0,19.0,4.0,28.0,178.1,123.3,censo_decenal
1971,Salinas,22410.0,67.5,2300.0,19.0,4.4,28.3,178.1,125.8,estimado_anual
1972,Salinas,22873.0,67.0,2600.0,19.0,4.8,28.6,178.1,128.4,estimado_anual
1973,Salinas,23330.0,66.5,2900.0,19.0,5.2,28.9,178.1,131.0,estimado_anual
1974,Salinas,23791.0,66.0,3200.0,19.0,5.6,29.2,178.1,133.6,estimado_anual
1975,Salinas,24252.0,65.5,3500.0,19.0,6.0,29.5,178.1,136.2,estimado_anual
1976,Salinas,24709.0,65.0,3800.0,19.0,6.4,29.8,178.1,138.7,estimado_anual
1977,Salinas,25170.0,64.5,4100.0,19.0,6.8,30.1,178.1,141.3,estimado_anual
1978,Salinas,25629.0,64.0,4400.0,19.0,7.2,30.4,178.1,143.9,estimado_anual
1979,Salinas,26090.0,63.5,4700.0,19.0,7.6,30.7,178.1,146.5,estimado_anual
1980,Salinas,26476.0,63.0,5000.0,19.0,8.0,31.0,178.1,148.7,censo_decenal
1981,Salinas,26626.0,62.6,5390.0,18.8,8.3,31.3,178.1,149.5,estimado_anual
1982,Salinas,26786.0,62.2,5780.0,18.6,8.6,31.6,178.1,150.4,estimado_anual
1983,Salinas,26955.0,61.8,6170.0,18.4,8.9,31.9,178.1,151.3,estimado_anual
1984,Salinas,27132.0,61.4,6560.0,18.2,9.2,32.2,178.1,152.3,estimado_anual
1985,Salinas,27316.0,61.0,6950.0,18.0,9.5,32.5,178.1,153.4,estimado_anual
1986,Salinas,27514.0,60.6,7340.0,17.8,9.8,32.8,178.1,154.5,estimado_anual
1987,Salinas,27718.0,60.2,7730.0,17.6,10.1,33.1,178.1,155.6,estimado_anual
1988,Salinas,27934.0,59.8,8120.0,17.4,10.4,33.4,178.1,156.8,estimado_anual
1989,Salinas,28159.0,59.4,8510.0,17.2,10.7,33.7,178.1,158.1,estimado_anual
1990,Salinas,28392.0,59.0,8900.0,17.0,11.0,34.0,178.1,159.4,censo_decenal
1991,Salinas,28631.0,58.7,9660.0,16.7,11.2,34.4,178.1,160.8,estimado_anual
1992,Salinas,28878.0,58.4,10420.0,16.4,11.4,34.8,178.1,162.1,estimado_anual
1993,Salinas,29134.0,58.1,11180.0,16.1,11.6,35.2,178.1,163.6,estimado_anual
1994,Salinas,29400.0,57.8,11940.0,15.8,11.8,35.6,178.1,165.1,estimado_anual
1995,Salinas,29675.0,57.5,12700.0,15.5,12.0,36.0,178.1,166.6,estimado_anual
1996,Salinas,29957.0,57.2,13460.0,15.2,12.2,36.4,178.1,168.2,estimado_anual
1997,Salinas,30255.0,56.9,14220.0,14.9,12.4,36.8,178.1,169.9,estimado_anual
1998,Salinas,30557.0,56.6,14980.0,14.6,12.6,37.2,178.1,171.6,estimado_anual
1999,Salinas,30871.0,56.3,15740.0,14.3,12.8,37.6,178.1,173.3,estimado_anual
2000,Salinas,31139.0,56.0,16500.0,14.0,13.0,38.0,178.1,174.8,censo_decenal
2001,Salinas,31285.0,54.3,16530.0,14.1,13.2,38.1,178.1,175.7,estimado_anual
2002,Salinas,31388.0,52.6,16560.0,14.2,13.4,38.2,178.1,176.2,estimado_anual
2003,Salinas,31474.0,50.9,16590.0,14.3,13.6,38.3,178.1,176.7,estimado_anual
2004,Salinas,31544.0,49.2,16620.0,14.4,13.8,38.4,178.1,177.1,estimado_anual
2005,Salinas,31566.0,47.5,16650.0,14.5,14.0,38.5,178.1,177.2,estimado_anual
2006,Salinas,31505.0,45.8,16680.0,14.6,14.2,38.6,178.1,176.9,estimado_anual
2007,Salinas,31369.0,44.1,16710.0,14.7,14.4,38.7,178.1,176.1,estimado_anual
2008,Salinas,31251.0,42.4,16740.0,14.8,14.6,38.8,178.1,175.5,estimado_anual
2009,Salinas,31161.0,40.7,16770.0,14.9,14.8,38.9,178.1,175.0,estimado_anual
2010,Salinas,31012.0,39.0,16800.0,15.0,15.0,39.0,178.1,174.1,censo_decenal
2011,Salinas,30612.0,39.2,16807.6,15.0,15.0,39.2,178.1,171.9,estimado_anual
2012,Salinas,30140.0,39.4,16815.2,15.0,15.0,39.4,178.1,169.2,estimado_anual
2013,Salinas,29787.0,39.6,16822.8,15.0,15.0,39.6,178.1,167.2,estimado_anual
2014,Salinas,29230.0,39.8,16830.4,15.0,15.0,39.8,178.1,164.1,estimado_anual
2015,Salinas,28664.0,40.0,16838.0,15.0,15.0,40.0,178.1,160.9,estimado_anual
2016,Salinas,28059.0,40.2,16845.6,15.0,15.0,40.2,178.1,157.5,estimado_anual
2017,Salinas,27375.0,40.4,16853.2,15.0,15.0,40.4,178.1,153.7,estimado_anual
2018,Salinas,26106.0,40.6,16860.8,15.0,15.0,40.6,178.1,146.6,estimado_anual
2019,Salinas,25986.0,40.8,16868.4,15.0,15.0,40.8,178.1,145.9,estimado_anual
2020,Salinas,25703.0,41.0,16876.0,15.0,15.0,41.0,178.1,144.3,censo_decenal
2021,Salinas,25468.0,41.2,16883.6,15.0,15.0,41.2,178.1,143.0,estimado_anual
2022,Salinas,25012.0,41.4,16891.2,15.0,15.0,41.4,178.1,140.4,estimado_anual
2023,Salinas,24748.0,41.6,16898.8,15.0,15.0,41.6,178.1,139.0,estimado_anual
2024,Salinas,24563.0,41.8,16906.4,15.0,15.0,41.8,178.1,137.9,estimado_anual
2025,Salinas,24218.0,42.0,16914.0,15.0,15.0,42.0,178.1,136.0,estimado_anual
1950,San Germán,29503.0,,,,,,140.7,209.7,estimado_poblacion
1951,San Germán,29318.0,,,,,,140.7,208.4,estimado_poblacion
1952,San Germán,29129.0,,,,,,140.7,207.0,estimado_poblacion
1953,San Germán,28942.0,,,,,,140.7,205.7,estimado_poblacion
1954,San Germán,28755.0,,,,,,140.7,204.4,estimado_poblacion
1955,San Germán,28559.0,,,,,,140.7,203.0,estimado_poblacion
1956,San Germán,28378.0,,,,,,140.7,201.7,estimado_poblacion
1957,San Germán,28185.0,,,,,,140.7,200.3,estimado_poblacion
1958,San Germán,27999.0,,,,,,140.7,199.0,estimado_poblacion
1959,San Germán,27809.0,,,,,,140.7,197.6,estimado_poblacion
1960,San Germán,27675.0,,,,,,140.7,196.7,estimado_poblacion
1961,San Germán,27707.0,,,,,,140.7,196.9,estimado_poblacion
1962,San Germán,27740.0,,,,,,140.7,197.2,estimado_poblacion
1963,San Germán,27773.0,,,,,,140.7,197.4,estimado_poblacion
1964,San Germán,27804.0,,,,,,140.7,197.6,estimado_poblacion
1965,San Germán,27835.0,,,,,,140.7,197.8,estimado_poblacion
1966,San Germán,27868.0,,,,,,140.7,198.1,estimado_poblacion
1967,San Germán,27902.0,,,,,,140.7,198.3,estimado_poblacion
1968,San Germán,27935.0,,,,,,140.7,198.5,estimado_poblacion
1969,San Germán,27967.0,,,,,,140.7,198.8,estimado_poblacion
1970,San Germán,28112.0,67.0,2200.0,18.0,8.0,27.0,140.7,199.8,censo_decenal
1971,San Germán,28604.0,66.5,2520.0,18.0,8.7,27.3,140.7,203.3,estimado_anual
1972,San Germán,29099.0,66.0,2840.0,18.0,9.4,27.6,140.7,206.8,estimado_anual
1973,San Germán,29596.0,65.5,3160.0,18.0,10.1,27.9,140.7,210.3,estimado_anual
1974,San Germán,30088.0,65.0,3480.0,18.0,10.8,28.2,140.7,213.8,estimado_anual
1975,San Germán,30576.0,64.5,3800.0,18.0,11.5,28.5,140.7,217.3,estimado_anual
1976,San Germán,31069.0,64.0,4120.0,18.0,12.2,28.8,140.7,220.8,estimado_anual
1977,San Germán,31564.0,63.5,4440.0,18.0,12.9,29.1,140.7,224.3,estimado_anual
1978,San Germán,32055.0,63.0,4760.0,18.0,13.6,29.4,140.7,227.8,estimado_anual
1979,San Germán,32549.0,62.5,5080.0,18.0,14.3,29.7,140.7,231.3,estimado_anual
1980,San Germán,32960.0,62.0,5400.0,18.0,15.0,30.0,140.7,234.3,censo_decenal
1981,San Germán,33119.0,61.6,5820.0,17.8,15.4,30.3,140.7,235.4,estimado_anual
1982,San Germán,33291.0,61.2,6240.0,17.6,15.8,30.6,140.7,236.6,estimado_anual
1983,San Germán,33470.0,60.8,6660.0,17.4,16.2,30.9,140.7,237.9,estimado_anual
1984,San Germán,33656.0,60.4,7080.0,17.2,16.6,31.2,140.7,239.2,estimado_anual
1985,San Germán,33858.0,60.0,7500.0,17.0,17.0,31.5,140.7,240.6,estimado_anual
1986,San Germán,34069.0,59.6,7920.0,16.8,17.4,31.8,140.7,242.1,estimado_anual
1987,San Germán,34291.0,59.2,8340.0,16.6,17.8,32.1,140.7,243.7,estimado_anual
1988,San Germán,34524.0,58.8,8760.0,16.4,18.2,32.4,140.7,245.4,estimado_anual
1989,San Germán,34768.0,58.4,9180.0,16.2,18.6,32.7,140.7,247.1,estimado_anual
1990,San Germán,35004.0,58.0,9600.0,16.0,19.0,33.0,140.7,248.8,censo_decenal
1991,San Germán,35169.0,57.8,10180.0,15.9,19.2,33.4,140.7,250.0,estimado_anual
1992,San Germán,35344.0,57.6,10760.0,15.8,19.4,33.8,140.7,251.2,estimado_anual
1993,San Germán,35530.0,57.4,11340.0,15.7,19.6,34.2,140.7,252.5,estimado_anual
1994,San Germán,35729.0,57.2,11920.0,15.6,19.8,34.6,140.7,253.9,estimado_anual
1995,San Germán,35937.0,57.0,12500.0,15.5,20.0,35.0,140.7,255.4,estimado_anual
1996,San Germán,36160.0,56.8,13080.0,15.4,20.2,35.4,140.7,257.0,estimado_anual
1997,San Germán,36393.0,56.6,13660.0,15.3,20.4,35.8,140.7,258.7,estimado_anual
1998,San Germán,36639.0,56.4,14240.0,15.2,20.6,36.2,140.7,260.4,estimado_anual
1999,San Germán,36900.0,56.2,14820.0,15.1,20.8,36.6,140.7,262.3,estimado_anual
2000,San Germán,37102.0,56.0,15400.0,15.0,21.0,37.0,140.7,263.7,censo_decenal
2001,San Germán,37078.0,54.1,15430.0,15.1,21.3,37.1,140.7,263.5,estimado_anual
2002,San Germán,37033.0,52.2,15460.0,15.2,21.6,37.2,140.7,263.2,estimado_anual
2003,San Germán,36963.0,50.3,15490.0,15.3,21.9,37.3,140.7,262.7,estimado_anual
2004,San Germán,36889.0,48.4,15520.0,15.4,22.2,37.4,140.7,262.2,estimado_anual
2005,San Germán,36750.0,46.5,15550.0,15.5,22.5,37.5,140.7,261.2,estimado_anual
2006,San Germán,36518.0,44.6,15580.0,15.6,22.8,37.6,140.7,259.5,estimado_anual
2007,San Germán,36258.0,42.7,15610.0,15.7,23.1,37.7,140.7,257.7,estimado_anual
2008,San Germán,35978.0,40.8,15640.0,15.8,23.4,37.8,140.7,255.7,estimado_anual
2009,San Germán,35720.0,38.9,15670.0,15.9,23.7,37.9,140.7,253.9,estimado_anual
2010,San Germán,35675.0,37.0,15700.0,16.0,24.0,38.0,140.7,253.6,censo_decenal
2011,San Germán,35441.0,37.1,15708.9,16.1,24.0,38.0,140.7,251.9,estimado_anual
2012,San Germán,35164.0,37.2,15717.8,16.2,24.0,38.0,140.7,249.9,estimado_anual
2013,San Germán,34807.0,37.3,15726.7,16.3,24.0,38.0,140.7,247.4,estimado_anual
2014,San Germán,34416.0,37.4,15735.6,16.4,24.0,38.0,140.7,244.6,estimado_anual
2015,San Germán,33997.0,37.5,15744.5,16.5,24.0,38.0,140.7,241.6,estimado_anual
2016,San Germán,33580.0,37.6,15753.4,16.6,24.0,38.0,140.7,238.7,estimado_anual
2017,San Germán,32917.0,37.7,15762.3,16.7,24.0,38.0,140.7,234.0,estimado_anual
2018,San Germán,31890.0,37.8,15771.2,16.8,24.0,38.0,140.7,226.7,estimado_anual
2019,San Germán,32031.0,37.9,15780.1,16.9,24.0,38.0,140.7,227.7,estimado_anual
2020,San Germán,31826.0,38.0,15789.0,17.0,24.0,38.0,140.7,226.2,censo_decenal
2021,San Germán,31582.0,38.1,15797.9,17.1,24.0,38.0,140.7,224.5,estimado_anual
2022,San Germán,31172.0,38.2,15806.8,17.2,24.0,38.0,140.7,221.5,estimado_anual
2023,San Germán,30974.0,38.3,15815.7,17.3,24.0,38.0,140.7,220.1,estimado_anual
2024,San Germán,30979.0,38.4,15824.6,17.4,24.0,38.0,140.7,220.2,estimado_anual
2025,San Germán,30809.0,38.5,15833.5,17.5,24.0,38.0,140.7,219.0,estimado_anual
1950,San Juan,370820.0,,,,,,243.1,1525.4,estimado_poblacion
1951,San Juan,379106.0,,,,,,243.1,1559.5,estimado_poblacion
1952,San Juan,387407.0,,,,,,243.1,1593.6,estimado_poblacion
1953,San Juan,395696.0,,,,,,243.1,1627.7,estimado_poblacion
1954,San Juan,403977.0,,,,,,243.1,1661.8,estimado_poblacion
1955,San Juan,412259.0,,,,,,243.1,1695.8,estimado_poblacion
1956,San Juan,420568.0,,,,,,243.1,1730.0,estimado_poblacion
1957,San Juan,428852.0,,,,,,243.1,1764.1,estimado_poblacion
1958,San Juan,437135.0,,,,,,243.1,1798.2,estimado_poblacion
1959,San Juan,445418.0,,,,,,243.1,1832.2,estimado_poblacion
1960,San Juan,451947.0,,,,,,243.1,1859.1,estimado_poblacion
1961,San Juan,453104.0,,,,,,243.1,1863.9,estimado_poblacion
1962,San Juan,454262.0,,,,,,243.1,1868.6,estimado_poblacion
1963,San Juan,455419.0,,,,,,243.1,1873.4,estimado_poblacion
1964,San Juan,456579.0,,,,,,243.1,1878.2,estimado_poblacion
1965,San Juan,457740.0,,,,,,243.1,1882.9,estimado_poblacion
1966,San Juan,458893.0,,,,,,243.1,1887.7,estimado_poblacion
1967,San Juan,460055.0,,,,,,243.1,1892.5,estimado_poblacion
1968,San Juan,461216.0,,,,,,243.1,1897.2,estimado_poblacion
1969,San Juan,462372.0,,,,,,243.1,1902.0,estimado_poblacion
1970,San Juan,462535.0,58.0,2800.0,16.0,11.0,27.0,243.1,1902.7,censo_decenal
1971,San Juan,459698.0,57.4,3220.0,15.9,12.0,27.3,243.1,1891.0,estimado_anual
1972,San Juan,456853.0,56.8,3640.0,15.8,13.0,27.6,243.1,1879.3,estimado_anual
1973,San Juan,454014.0,56.2,4060.0,15.7,14.0,27.9,243.1,1867.6,estimado_anual
1974,San Juan,451181.0,55.6,4480.0,15.6,15.0,28.2,243.1,1855.9,estimado_anual
1975,San Juan,448339.0,55.0,4900.0,15.5,16.0,28.5,243.1,1844.3,estimado_anual
1976,San Juan,445495.0,54.4,5320.0,15.4,17.0,28.8,243.1,1832.6,estimado_anual
1977,San Juan,442659.0,53.8,5740.0,15.3,18.0,29.1,243.1,1820.9,estimado_anual
1978,San Juan,439823.0,53.2,6160.0,15.2,19.0,29.4,243.1,1809.2,estimado_anual
1979,San Juan,436988.0,52.6,6580.0,15.1,20.0,29.7,243.1,1797.6,estimado_anual
1980,San Juan,434812.0,52.0,7000.0,15.0,21.0,30.0,243.1,1788.6,censo_decenal
1981,San Juan,434722.0,51.6,7480.0,14.8,21.6,30.3,243.1,1788.2,estimado_anual
1982,San Juan,434718.0,51.2,7960.0,14.6,22.2,30.6,243.1,1788.2,estimado_anual
1983,San Juan,434804.0,50.8,8440.0,14.4,22.8,30.9,243.1,1788.6,estimado_anual
1984,San Juan,434976.0,50.4,8920.0,14.2,23.4,31.2,243.1,1789.3,estimado_anual
1985,San Juan,435239.0,50.0,9400.0,14.0,24.0,31.5,243.1,1790.4,estimado_anual
1986,San Juan,435592.0,49.6,9880.0,13.8,24.6,31.8,243.1,1791.8,estimado_anual
1987,San Juan,436037.0,49.2,10360.0,13.6,25.2,32.1,243.1,1793.7,estimado_anual
1988,San Juan,436576.0,48.8,10840.0,13.4,25.8,32.4,243.1,1795.9,estimado_anual
1989,San Juan,437209.0,48.4,11320.0,13.2,26.4,32.7,243.1,1798.5,estimado_anual
1990,San Juan,437584.0,48.0,11800.0,13.0,27.0,33.0,243.1,1800.0,censo_decenal
1991,San Juan,436982.0,47.8,12830.0,12.9,27.4,33.6,243.1,1797.5,estimado_anual
1992,San Juan,436440.0,47.6,13860.0,12.8,27.8,34.2,243.1,1795.3,estimado_anual
1993,San Juan,435960.0,47.4,14890.0,12.7,28.2,34.8,243.1,1793.3,estimado_anual
1994,San Juan,435544.0,47.2,15920.0,12.6,28.6,35.4,243.1,1791.6,estimado_anual
1995,San Juan,435189.0,47.0,16950.0,12.5,29.0,36.0,243.1,1790.2,estimado_anual
1996,San Juan,434896.0,46.8,17980.0,12.4,29.4,36.6,243.1,1789.0,estimado_anual
1997,San Juan,434669.0,46.6,19010.0,12.3,29.8,37.2,243.1,1788.0,estimado_anual
1998,San Juan,434504.0,46.4,20040.0,12.2,30.2,37.8,243.1,1787.3,estimado_anual
1999,San Juan,434405.0,46.2,21070.0,12.1,30.6,38.4,243.1,1786.9,estimado_anual
2000,San Juan,434488.0,46.0,22100.0,12.0,31.0,39.0,243.1,1787.3,censo_decenal
2001,San Juan,432191.0,45.3,22140.0,12.1,31.3,39.2,243.1,1777.8,estimado_anual
2002,San Juan,429574.0,44.6,22180.0,12.2,31.6,39.4,243.1,1767.1,estimado_anual
2003,San Juan,426736.0,43.9,22220.0,12.3,31.9,39.6,243.1,1755.4,estimado_anual
2004,San Juan,423669.0,43.2,22260.0,12.4,32.2,39.8,243.1,1742.8,estimado_anual
2005,San Juan,420025.0,42.5,22300.0,12.5,32.5,40.0,243.1,1727.8,estimado_anual
2006,San Juan,415200.0,41.8,22340.0,12.6,32.8,40.2,243.1,1707.9,estimado_anual
2007,San Juan,409906.0,41.1,22380.0,12.7,33.1,40.4,243.1,1686.2,estimado_anual
2008,San Juan,404405.0,40.4,22420.0,12.8,33.4,40.6,243.1,1663.5,estimado_anual
2009,San Juan,399153.0,39.7,22460.0,12.9,33.7,40.8,243.1,1641.9,estimado_anual
2010,San Juan,394929.0,39.0,22500.0,13.0,34.0,41.0,243.1,1624.6,censo_decenal
2011,San Juan,390338.0,39.2,22515.4,13.0,34.2,41.0,243.1,1605.7,estimado_anual
2012,San Juan,385753.0,39.4,22530.8,13.0,34.4,41.0,243.1,1586.8,estimado_anual
2013,San Juan,381493.0,39.6,22546.2,13.0,34.6,41.0,243.1,1569.3,estimado_anual
2014,San Juan,375922.0,39.8,22561.6,13.0,34.8,41.0,243.1,1546.4,estimado_anual
2015,San Juan,370125.0,40.0,22577.0,13.0,35.0,41.0,243.1,1522.5,estimado_anual
2016,San Juan,363803.0,40.2,22592.4,13.0,35.2,41.0,243.1,1496.5,estimado_anual
2017,San Juan,356296.0,40.4,22607.8,13.0,35.4,41.0,243.1,1465.6,estimado_anual
2018,San Juan,343692.0,40.6,22623.2,13.0,35.6,41.0,243.1,1413.8,estimado_anual
2019,San Juan,344399.0,40.8,22638.6,13.0,35.8,41.0,243.1,1416.7,estimado_anual
2020,San Juan,341656.0,41.0,22654.0,13.0,36.0,41.0,243.1,1405.4,censo_decenal
2021,San Juan,339292.0,41.2,22669.4,13.0,36.2,41.0,243.1,1395.7,estimado_anual
2022,San Juan,334402.0,41.4,22684.8,13.0,36.4,41.0,243.1,1375.6,estimado_anual
2023,San Juan,332472.0,41.6,22700.2,13.0,36.6,41.0,243.1,1367.6,estimado_anual
2024,San Juan,332006.0,41.8,22715.6,13.0,36.8,41.0,243.1,1365.7,estimado_anual
2025,San Juan,329737.0,42.0,22731.0,13.0,37.0,41.0,243.1,1356.4,estimado_anual
1950,San Lorenzo,29217.0,,,,,,138.3,211.3,estimado_poblacion
1951,San Lorenzo,29084.0,,,,,,138.3,210.3,estimado_poblacion
1952,San Lorenzo,28956.0,,,,,,138.3,209.4,estimado_poblacion
1953,San Lorenzo,28823.0,,,,,,138.3,208.4,estimado_poblacion
1954,San Lorenzo,28694.0,,,,,,138.3,207.5,estimado_poblacion
1955,San Lorenzo,28566.0,,,,,,138.3,206.6,estimado_poblacion
1956,San Lorenzo,28434.0,,,,,,138.3,205.6,estimado_poblacion
1957,San Lorenzo,28307.0,,,,,,138.3,204.7,estimado_poblacion
1958,San Lorenzo,28177.0,,,,,,138.3,203.7,estimado_poblacion
1959,San Lorenzo,28043.0,,,,,,138.3,202.8,estimado_poblacion
1960,San Lorenzo,27946.0,,,,,,138.3,202.1,estimado_poblacion
1961,San Lorenzo,27924.0,,,,,,138.3,201.9,estimado_poblacion
1962,San Lorenzo,27907.0,,,,,,138.3,201.8,estimado_poblacion
1963,San Lorenzo,27886.0,,,,,,138.3,201.6,estimado_poblacion
1964,San Lorenzo,27867.0,,,,,,138.3,201.5,estimado_poblacion
1965,San Lorenzo,27846.0,,,,,,138.3,201.3,estimado_poblacion
1966,San Lorenzo,27826.0,,,,,,138.3,201.2,estimado_poblacion
1967,San Lorenzo,27807.0,,,,,,138.3,201.1,estimado_poblacion
1968,San Lorenzo,27790.0,,,,,,138.3,200.9,estimado_poblacion
1969,San Lorenzo,27772.0,,,,,,138.3,200.8,estimado_poblacion
1970,San Lorenzo,27870.0,65.0,2100.0,17.0,5.0,28.0,138.3,201.5,censo_decenal
1971,San Lorenzo,28337.0,64.4,2410.0,17.0,5.4,28.3,138.3,204.9,estimado_anual
1972,San Lorenzo,28810.0,63.8,2720.0,17.0,5.8,28.6,138.3,208.3,estimado_anual
1973,San Lorenzo,29270.0,63.2,3030.0,17.0,6.2,28.9,138.3,211.6,estimado_anual
1974,San Lorenzo,29739.0,62.6,3340.0,17.0,6.6,29.2,138.3,215.0,estimado_anual
1975,San Lorenzo,30205.0,62.0,3650.0,17.0,7.0,29.5,138.3,218.4,estimado_anual
1976,San Lorenzo,30671.0,61.4,3960.0,17.0,7.4,29.8,138.3,221.8,estimado_anual
1977,San Lorenzo,31144.0,60.8,4270.0,17.0,7.8,30.1,138.3,225.2,estimado_anual
1978,San Lorenzo,31607.0,60.2,4580.0,17.0,8.2,30.4,138.3,228.5,estimado_anual
1979,San Lorenzo,32074.0,59.6,4890.0,17.0,8.6,30.7,138.3,231.9,estimado_anual
1980,San Lorenzo,32481.0,59.0,5200.0,17.0,9.0,31.0,138.3,234.9,censo_decenal
1981,San Lorenzo,32689.0,58.6,5610.0,16.8,9.3,31.3,138.3,236.4,estimado_anual
1982,San Lorenzo,32915.0,58.2,6020.0,16.6,9.6,31.6,138.3,238.0,estimado_anual
1983,San Lorenzo,33153.0,57.8,6430.0,16.4,9.9,31.9,138.3,239.7,estimado_anual
1984,San Lorenzo,33407.0,57.4,6840.0,16.2,10.2,32.2,138.3,241.6,estimado_anual
1985,San Lorenzo,33676.0,57.0,7250.0,16.0,10.5,32.5,138.3,243.5,estimado_anual
1986,San Lorenzo,33959.0,56.6,7660.0,15.8,10.8,32.8,138.3,245.5,estimado_anual
1987,San Lorenzo,34255.0,56.2,8070.0,15.6,11.1,33.1,138.3,247.7,estimado_anual
1988,San Lorenzo,34574.0,55.8,8480.0,15.4,11.4,33.4,138.3,250.0,estimado_anual
1989,San Lorenzo,34903.0,55.4,8890.0,15.2,11.7,33.7,138.3,252.4,estimado_anual
1990,San Lorenzo,35289.0,55.0,9300.0,15.0,12.0,34.0,138.3,255.2,censo_decenal
1991,San Lorenzo,35806.0,54.7,10150.0,14.8,12.4,34.4,138.3,258.9,estimado_anual
1992,San Lorenzo,36337.0,54.4,11000.0,14.6,12.8,34.8,138.3,262.7,estimado_anual
1993,San Lorenzo,36883.0,54.1,11850.0,14.4,13.2,35.2,138.3,266.7,estimado_anual
1994,San Lorenzo,37445.0,53.8,12700.0,14.2,13.6,35.6,138.3,270.8,estimado_anual
1995,San Lorenzo,38021.0,53.5,13550.0,14.0,14.0,36.0,138.3,274.9,estimado_anual
1996,San Lorenzo,38613.0,53.2,14400.0,13.8,14.4,36.4,138.3,279.2,estimado_anual
1997,San Lorenzo,39227.0,52.9,15250.0,13.6,14.8,36.8,138.3,283.6,estimado_anual
1998,San Lorenzo,39854.0,52.6,16100.0,13.4,15.2,37.2,138.3,288.2,estimado_anual
1999,San Lorenzo,40501.0,52.3,16950.0,13.2,15.6,37.6,138.3,292.8,estimado_anual
2000,San Lorenzo,41043.0,52.0,17800.0,13.0,16.0,38.0,138.3,296.8,censo_decenal
2001,San Lorenzo,41230.0,50.7,17840.0,13.1,16.1,38.1,138.3,298.1,estimado_anual
2002,San Lorenzo,41392.0,49.4,17880.0,13.2,16.2,38.2,138.3,299.3,estimado_anual
2003,San Lorenzo,41526.0,48.1,17920.0,13.3,16.3,38.3,138.3,300.3,estimado_anual
2004,San Lorenzo,41630.0,46.8,17960.0,13.4,16.4,38.4,138.3,301.0,estimado_anual
2005,San Lorenzo,41663.0,45.5,18000.0,13.5,16.5,38.5,138.3,301.3,estimado_anual
2006,San Lorenzo,41596.0,44.2,18040.0,13.6,16.6,38.6,138.3,300.8,estimado_anual
2007,San Lorenzo,41444.0,42.9,18080.0,13.7,16.7,38.7,138.3,299.7,estimado_anual
2008,San Lorenzo,41301.0,41.6,18120.0,13.8,16.8,38.8,138.3,298.6,estimado_anual
2009,San Lorenzo,41150.0,40.3,18160.0,13.9,16.9,38.9,138.3,297.5,estimado_anual
2010,San Lorenzo,41071.0,39.0,18200.0,14.0,17.0,39.0,138.3,297.0,censo_decenal
2011,San Lorenzo,40884.0,39.2,18203.4,14.0,17.0,39.2,138.3,295.6,estimado_anual
2012,San Lorenzo,40700.0,39.4,18206.8,14.0,17.0,39.4,138.3,294.3,estimado_anual
2013,San Lorenzo,40558.0,39.6,18210.2,14.0,17.0,39.6,138.3,293.3,estimado_anual
2014,San Lorenzo,40155.0,39.8,18213.6,14.0,17.0,39.8,138.3,290.3,estimado_anual
2015,San Lorenzo,39772.0,40.0,18217.0,14.0,17.0,40.0,138.3,287.6,estimado_anual
2016,San Lorenzo,39341.0,40.2,18220.4,14.0,17.0,40.2,138.3,284.5,estimado_anual
2017,San Lorenzo,38697.0,40.4,18223.8,14.0,17.0,40.4,138.3,279.8,estimado_anual
2018,San Lorenzo,37515.0,40.6,18227.2,14.0,17.0,40.6,138.3,271.3,estimado_anual
2019,San Lorenzo,37776.0,40.8,18230.6,14.0,17.0,40.8,138.3,273.1,estimado_anual
2020,San Lorenzo,37670.0,41.0,18234.0,14.0,17.0,41.0,138.3,272.4,censo_decenal
2021,San Lorenzo,37630.0,41.2,18237.4,14.0,17.0,41.2,138.3,272.1,estimado_anual
2022,San Lorenzo,37233.0,41.4,18240.8,14.0,17.0,41.4,138.3,269.2,estimado_anual
2023,San Lorenzo,37223.0,41.6,18244.2,14.0,17.0,41.6,138.3,269.1,estimado_anual
2024,San Lorenzo,37343.0,41.8,18247.6,14.0,17.0,41.8,138.3,270.0,estimado_anual
2025,San Lorenzo,37275.0,42.0,18251.0,14.0,17.0,42.0,138.3,269.5,estimado_anual
1950,San Sebastián,35329.0,,,,,,181.3,194.9,estimado_poblacion
1951,San Sebastián,35132.0,,,,,,181.3,193.8,estimado_poblacion
1952,San Sebastián,34941.0,,,,,,181.3,192.7,estimado_poblacion
1953,San Sebastián,34750.0,,,,,,181.3,191.7,estimado_poblacion
1954,San Sebastián,34558.0,,,,,,181.3,190.6,estimado_poblacion
1955,San Sebastián,34365.0,,,,,,181.3,189.5,estimado_poblacion
1956,San Sebastián,34171.0,,,,,,181.3,188.5,estimado_poblacion
1957,San Sebastián,33979.0,,,,,,181.3,187.4,estimado_poblacion
1958,San Sebastián,33787.0,,,,,,181.3,186.4,estimado_poblacion
1959,San Sebastián,33596.0,,,,,,181.3,185.3,estimado_poblacion
1960,San Sebastián,33370.0,,,,,,181.3,184.1,estimado_poblacion
1961,San Sebastián,33040.0,,,,,,181.3,182.2,estimado_poblacion
1962,San Sebastián,32712.0,,,,,,181.3,180.4,estimado_poblacion
1963,San Sebastián,32380.0,,,,,,181.3,178.6,estimado_poblacion
1964,San Sebastián,32052.0,,,,,,181.3,176.8,estimado_poblacion
1965,San Sebastián,31723.0,,,,,,181.3,175.0,estimado_poblacion
1966,San Sebastián,31390.0,,,,,,181.3,173.1,estimado_poblacion
1967,San Sebastián,31064.0,,,,,,181.3,171.3,estimado_poblacion
1968,San Sebastián,30731.0,,,,,,181.3,169.5,estimado_poblacion
1969,San Sebastián,30404.0,,,,,,181.3,167.7,estimado_poblacion
1970,San Sebastián,30295.0,68.0,2000.0,19.0,4.0,28.0,181.3,167.1,censo_decenal
1971,San Sebastián,30846.0,67.5,2300.0,19.0,4.4,28.3,181.3,170.1,estimado_anual
1972,San Sebastián,31402.0,67.0,2600.0,19.0,4.8,28.6,181.3,173.2,estimado_anual
1973,San Sebastián,31955.0,66.5,2900.0,19.0,5.2,28.9,181.3,176.3,estimado_anual
1974,San Sebastián,32506.0,66.0,3200.0,19.0,5.6,29.2,181.3,179.3,estimado_anual
1975,San Sebastián,33060.0,65.5,3500.0,19.0,6.0,29.5,181.3,182.3,estimado_anual
1976,San Sebastián,33610.0,65.0,3800.0,19.0,6.4,29.8,181.3,185.4,estimado_anual
1977,San Sebastián,34166.0,64.5,4100.0,19.0,6.8,30.1,181.3,188.5,estimado_anual
1978,San Sebastián,34719.0,64.0,4400.0,19.0,7.2,30.4,181.3,191.5,estimado_anual
1979,San Sebastián,35272.0,63.5,4700.0,19.0,7.6,30.7,181.3,194.6,estimado_anual
1980,San Sebastián,35751.0,63.0,5000.0,19.0,8.0,31.0,181.3,197.2,censo_decenal
1981,San Sebastián,36009.0,62.6,5390.0,18.8,8.3,31.3,181.3,198.6,estimado_anual
1982,San Sebastián,36276.0,62.2,5780.0,18.6,8.6,31.6,181.3,200.1,estimado_anual
1983,San Sebastián,36560.0,61.8,6170.0,18.4,8.9,31.9,181.3,201.7,estimado_anual
1984,San Sebastián,36855.0,61.4,6560.0,18.2,9.2,32.2,181.3,203.3,estimado_anual
1985,San Sebastián,37159.0,61.0,6950.0,18.0,9.5,32.5,181.3,205.0,estimado_anual
1986,San Sebastián,37477.0,60.6,7340.0,17.8,9.8,32.8,181.3,206.7,estimado_anual
1987,San Sebastián,37812.0,60.2,7730.0,17.6,10.1,33.1,181.3,208.6,estimado_anual
1988,San Sebastián,38158.0,59.8,8120.0,17.4,10.4,33.4,181.3,210.5,estimado_anual
1989,San Sebastián,38518.0,59.4,8510.0,17.2,10.7,33.7,181.3,212.5,estimado_anual
1990,San Sebastián,38911.0,59.0,8900.0,17.0,11.0,34.0,181.3,214.6,censo_decenal
1991,San Sebastián,39372.0,58.7,9510.0,16.9,11.3,34.4,181.3,217.2,estimado_anual
1992,San Sebastián,39847.0,58.4,10120.0,16.8,11.6,34.8,181.3,219.8,estimado_anual
1993,San Sebastián,40345.0,58.1,10730.0,16.7,11.9,35.2,181.3,222.5,estimado_anual
1994,San Sebastián,40857.0,57.8,11340.0,16.6,12.2,35.6,181.3,225.4,estimado_anual
1995,San Sebastián,41389.0,57.5,11950.0,16.5,12.5,36.0,181.3,228.3,estimado_anual
1996,San Sebastián,41943.0,57.2,12560.0,16.4,12.8,36.4,181.3,231.3,estimado_anual
1997,San Sebastián,42515.0,56.9,13170.0,16.3,13.1,36.8,181.3,234.5,estimado_anual
1998,San Sebastián,43113.0,56.6,13780.0,16.2,13.4,37.2,181.3,237.8,estimado_anual
1999,San Sebastián,43727.0,56.3,14390.0,16.1,13.7,37.6,181.3,241.2,estimado_anual
2000,San Sebastián,44165.0,56.0,15000.0,16.0,14.0,38.0,181.3,243.6,censo_decenal
2001,San Sebastián,44176.0,54.4,15040.0,16.1,14.1,38.1,181.3,243.7,estimado_anual
2002,San Sebastián,44138.0,52.8,15080.0,16.2,14.2,38.2,181.3,243.5,estimado_anual
2003,San Sebastián,44095.0,51.2,15120.0,16.3,14.3,38.3,181.3,243.2,estimado_anual
2004,San Sebastián,44015.0,49.6,15160.0,16.4,14.4,38.4,181.3,242.8,estimado_anual
2005,San Sebastián,43882.0,48.0,15200.0,16.5,14.5,38.5,181.3,242.0,estimado_anual
2006,San Sebastián,43619.0,46.4,15240.0,16.6,14.6,38.6,181.3,240.6,estimado_anual
2007,San Sebastián,43270.0,44.8,15280.0,16.7,14.7,38.7,181.3,238.7,estimado_anual
2008,San Sebastián,42969.0,43.2,15320.0,16.8,14.8,38.8,181.3,237.0,estimado_anual
2009,San Sebastián,42651.0,41.6,15360.0,16.9,14.9,38.9,181.3,235.3,estimado_anual
2010,San Sebastián,42453.0,40.0,15400.0,17.0,15.0,39.0,181.3,234.2,censo_decenal
2011,San Sebastián,42293.0,40.2,15403.2,17.0,15.0,39.3,181.3,233.3,estimado_anual
2012,San Sebastián,42132.0,40.4,15406.4,17.0,15.0,39.6,181.3,232.4,estimado_anual
2013,San Sebastián,41980.0,40.6,15409.6,17.0,15.0,39.9,181.3,231.5,estimado_anual
2014,San Sebastián,41616.0,40.8,15412.8,17.0,15.0,40.2,181.3,229.5,estimado_anual
2015,San Sebastián,41237.0,41.0,15416.0,17.0,15.0,40.5,181.3,227.5,estimado_anual
2016,San Sebastián,40825.0,41.2,15419.2,17.0,15.0,40.8,181.3,225.2,estimado_anual
2017,San Sebastián,40267.0,41.4,15422.4,17.0,15.0,41.1,181.3,222.1,estimado_anual
2018,San Sebastián,39150.0,41.6,15425.6,17.0,15.0,41.4,181.3,215.9,estimado_anual
2019,San Sebastián,39425.0,41.8,15428.8,17.0,15.0,41.7,181.3,217.5,estimado_anual
2020,San Sebastián,39321.0,42.0,15432.0,17.0,15.0,42.0,181.3,216.9,censo_decenal
2021,San Sebastián,39301.0,42.2,15435.2,17.0,15.0,42.3,181.3,216.8,estimado_anual
2022,San Sebastián,38991.0,42.4,15438.4,17.0,15.0,42.6,181.3,215.1,estimado_anual
2023,San Sebastián,38941.0,42.6,15441.6,17.0,15.0,42.9,181.3,214.8,estimado_anual
2024,San Sebastián,39052.0,42.8,15444.8,17.0,15.0,43.2,181.3,215.4,estimado_anual
2025,San Sebastián,39019.0,43.0,15448.0,17.0,15.0,43.5,181.3,215.2,estimado_anual
1950,Santa Isabel,13503.0,,,,,,88.9,151.9,estimado_poblacion
1951,Santa Isabel,13610.0,,,,,,88.9,153.1,estimado_poblacion
1952,Santa Isabel,13717.0,,,,,,88.9,154.3,estimado_poblacion
1953,Santa Isabel,13823.0,,,,,,88.9,155.5,estimado_poblacion
1954,Santa Isabel,13934.0,,,,,,88.9,156.7,estimado_poblacion
1955,Santa Isabel,14033.0,,,,,,88.9,157.9,estimado_poblacion
1956,Santa Isabel,14145.0,,,,,,88.9,159.1,estimado_poblacion
1957,Santa Isabel,14249.0,,,,,,88.9,160.3,estimado_poblacion
1958,Santa Isabel,14355.0,,,,,,88.9,161.5,estimado_poblacion
1959,Santa Isabel,14464.0,,,,,,88.9,162.7,estimado_poblacion
1960,Santa Isabel,14580.0,,,,,,88.9,164.0,estimado_poblacion
1961,Santa Isabel,14728.0,,,,,,88.9,165.7,estimado_poblacion
1962,Santa Isabel,14881.0,,,,,,88.9,167.4,estimado_poblacion
1963,Santa Isabel,15035.0,,,,,,88.9,169.1,estimado_poblacion
1964,Santa Isabel,15184.0,,,,,,88.9,170.8,estimado_poblacion
1965,Santa Isabel,15335.0,,,,,,88.9,172.5,estimado_poblacion
1966,Santa Isabel,15484.0,,,,,,88.9,174.2,estimado_poblacion
1967,Santa Isabel,15637.0,,,,,,88.9,175.9,estimado_poblacion
1968,Santa Isabel,15792.0,,,,,,88.9,177.6,estimado_poblacion
1969,Santa Isabel,15944.0,,,,,,88.9,179.3,estimado_poblacion
1970,Santa Isabel,16151.0,66.0,2100.0,18.0,5.0,28.0,88.9,181.7,censo_decenal
1971,Santa Isabel,16532.0,65.5,2410.0,18.0,5.4,28.3,88.9,186.0,estimado_anual
1972,Santa Isabel,16912.0,65.0,2720.0,18.0,5.8,28.6,88.9,190.2,estimado_anual
1973,Santa Isabel,17290.0,64.5,3030.0,18.0,6.2,28.9,88.9,194.5,estimado_anual
1974,Santa Isabel,17669.0,64.0,3340.0,18.0,6.6,29.2,88.9,198.8,estimado_anual
1975,Santa Isabel,18051.0,63.5,3650.0,18.0,7.0,29.5,88.9,203.0,estimado_anual
1976,Santa Isabel,18428.0,63.0,3960.0,18.0,7.4,29.8,88.9,207.3,estimado_anual
1977,Santa Isabel,18811.0,62.5,4270.0,18.0,7.8,30.1,88.9,211.6,estimado_anual
1978,Santa Isabel,19188.0,62.0,4580.0,18.0,8.2,30.4,88.9,215.8,estimado_anual
1979,Santa Isabel,19567.0,61.5,4890.0,18.0,8.6,30.7,88.9,220.1,estimado_anual
1980,Santa Isabel,19832.0,61.0,5200.0,18.0,9.0,31.0,88.9,223.1,censo_decenal
1981,Santa Isabel,19749.0,60.6,5610.0,17.8,9.3,31.3,88.9,222.1,estimado_anual
1982,Santa Isabel,19671.0,60.2,6020.0,17.6,9.6,31.6,88.9,221.3,estimado_anual
1983,Santa Isabel,19602.0,59.8,6430.0,17.4,9.9,31.9,88.9,220.5,estimado_anual
1984,Santa Isabel,19539.0,59.4,6840.0,17.2,10.2,32.2,88.9,219.8,estimado_anual
1985,Santa Isabel,19483.0,59.0,7250.0,17.0,10.5,32.5,88.9,219.2,estimado_anual
1986,Santa Isabel,19436.0,58.6,7660.0,16.8,10.8,32.8,88.9,218.6,estimado_anual
1987,Santa Isabel,19395.0,58.2,8070.0,16.6,11.1,33.1,88.9,218.2,estimado_anual
1988,Santa Isabel,19361.0,57.8,8480.0,16.4,11.4,33.4,88.9,217.8,estimado_anual
1989,Santa Isabel,19334.0,57.4,8890.0,16.2,11.7,33.7,88.9,217.5,estimado_anual
1990,Santa Isabel,19366.0,57.0,9300.0,16.0,12.0,34.0,88.9,217.8,censo_decenal
1991,Santa Isabel,19564.0,56.7,10200.0,15.7,12.3,34.3,88.9,220.1,estimado_anual
1992,Santa Isabel,19768.0,56.4,11100.0,15.4,12.6,34.6,88.9,222.4,estimado_anual
1993,Santa Isabel,19980.0,56.1,12000.0,15.1,12.9,34.9,88.9,224.7,estimado_anual
1994,Santa Isabel,20202.0,55.8,12900.0,14.8,13.2,35.2,88.9,227.2,estimado_anual
1995,Santa Isabel,20434.0,55.5,13800.0,14.5,13.5,35.5,88.9,229.9,estimado_anual
1996,Santa Isabel,20673.0,55.2,14700.0,14.2,13.8,35.8,88.9,232.5,estimado_anual
1997,Santa Isabel,20926.0,54.9,15600.0,13.9,14.1,36.1,88.9,235.4,estimado_anual
1998,Santa Isabel,21186.0,54.6,16500.0,13.6,14.4,36.4,88.9,238.3,estimado_anual
1999,Santa Isabel,21456.0,54.3,17400.0,13.3,14.7,36.7,88.9,241.3,estimado_anual
2000,Santa Isabel,21726.0,54.0,18300.0,13.0,15.0,37.0,88.9,244.4,censo_decenal
2001,Santa Isabel,22000.0,52.6,18340.0,13.1,15.1,37.1,88.9,247.5,estimado_anual
2002,Santa Isabel,22231.0,51.2,18380.0,13.2,15.2,37.2,88.9,250.1,estimado_anual
2003,Santa Isabel,22460.0,49.8,18420.0,13.3,15.3,37.3,88.9,252.6,estimado_anual
2004,Santa Isabel,22680.0,48.4,18460.0,13.4,15.4,37.4,88.9,255.1,estimado_anual
2005,Santa Isabel,22862.0,47.0,18500.0,13.5,15.5,37.5,88.9,257.2,estimado_anual
2006,Santa Isabel,22966.0,45.6,18540.0,13.6,15.6,37.6,88.9,258.3,estimado_anual
2007,Santa Isabel,23032.0,44.2,18580.0,13.7,15.7,37.7,88.9,259.1,estimado_anual
2008,Santa Isabel,23121.0,42.8,18620.0,13.8,15.8,37.8,88.9,260.1,estimado_anual
2009,Santa Isabel,23209.0,41.4,18660.0,13.9,15.9,37.9,88.9,261.1,estimado_anual
2010,Santa Isabel,23269.0,40.0,18700.0,14.0,16.0,38.0,88.9,261.7,censo_decenal
2011,Santa Isabel,23093.0,40.2,18706.5,14.0,16.0,38.4,88.9,259.8,estimado_anual
2012,Santa Isabel,22899.0,40.4,18713.0,14.0,16.0,38.8,88.9,257.6,estimado_anual
2013,Santa Isabel,22726.0,40.6,18719.5,14.0,16.0,39.2,88.9,255.6,estimado_anual
2014,Santa Isabel,22393.0,40.8,18726.0,14.0,16.0,39.6,88.9,251.9,estimado_anual
2015,Santa Isabel,22062.0,41.0,18732.5,14.0,16.0,40.0,88.9,248.2,estimado_anual
2016,Santa Isabel,21681.0,41.2,18739.0,14.0,16.0,40.4,88.9,243.9,estimado_anual
2017,Santa Isabel,21161.0,41.4,18745.5,14.0,16.0,40.8,88.9,238.0,estimado_anual
2018,Santa Isabel,20331.0,41.6,18752.0,14.0,16.0,41.2,88.9,228.7,estimado_anual
2019,Santa Isabel,20403.0,41.8,18758.5,14.0,16.0,41.6,88.9,229.5,estimado_anual
2020,Santa Isabel,20269.0,42.0,18765.0,14.0,16.0,42.0,88.9,228.0,censo_decenal
2021,Santa Isabel,20125.0,42.2,18771.5,14.0,16.0,42.4,88.9,226.4,estimado_anual
2022,Santa Isabel,19836.0,42.4,18778.0,14.0,16.0,42.8,88.9,223.1,estimado_anual
2023,Santa Isabel,19711.0,42.6,18784.5,14.0,16.0,43.2,88.9,221.7,estimado_anual
2024,Santa Isabel,19688.0,42.8,18791.0,14.0,16.0,43.6,88.9,221.5,estimado_anual
2025,Santa Isabel,19547.0,43.0,18797.5,14.0,16.0,44.0,88.9,219.9,estimado_anual
1950,Toa Alta,14198.0,,,,,,71.2,199.4,estimado_poblacion
1951,Toa Alta,14347.0,,,,,,71.2,201.5,estimado_poblacion
1952,Toa Alta,14504.0,,,,,,71.2,203.7,estimado_poblacion
1953,Toa Alta,14661.0,,,,,,71.2,205.9,estimado_poblacion
1954,Toa Alta,14814.0,,,,,,71.2,208.1,estimado_poblacion
1955,Toa Alta,14972.0,,,,,,71.2,210.3,estimado_poblacion
1956,Toa Alta,15125.0,,,,,,71.2,212.4,estimado_poblacion
1957,Toa Alta,15282.0,,,,,,71.2,214.6,estimado_poblacion
1958,Toa Alta,15438.0,,,,,,71.2,216.8,estimado_poblacion
1959,Toa Alta,15590.0,,,,,,71.2,219.0,estimado_poblacion
1960,Toa Alta,15793.0,,,,,,71.2,221.8,estimado_poblacion
1961,Toa Alta,16116.0,,,,,,71.2,226.3,estimado_poblacion
1962,Toa Alta,16442.0,,,,,,71.2,230.9,estimado_poblacion
1963,Toa Alta,16770.0,,,,,,71.2,235.5,estimado_poblacion
1964,Toa Alta,17090.0,,,,,,71.2,240.0,estimado_poblacion
1965,Toa Alta,17418.0,,,,,,71.2,244.6,estimado_poblacion
1966,Toa Alta,17745.0,,,,,,71.2,249.2,estimado_poblacion
1967,Toa Alta,18071.0,,,,,,71.2,253.8,estimado_poblacion
1968,Toa Alta,18396.0,,,,,,71.2,258.4,estimado_poblacion
1969,Toa Alta,18720.0,,,,,,71.2,262.9,estimado_poblacion
1970,Toa Alta,19283.0,55.0,2800.0,13.0,8.0,26.0,71.2,270.8,censo_decenal
1971,Toa Alta,20577.0,54.4,3220.0,12.9,8.7,26.3,71.2,289.0,estimado_anual
1972,Toa Alta,21878.0,53.8,3640.0,12.8,9.4,26.6,71.2,307.3,estimado_anual
1973,Toa Alta,23170.0,53.2,4060.0,12.7,10.1,26.9,71.2,325.4,estimado_anual
1974,Toa Alta,24463.0,52.6,4480.0,12.6,10.8,27.2,71.2,343.6,estimado_anual
1975,Toa Alta,25758.0,52.0,4900.0,12.5,11.5,27.5,71.2,361.8,estimado_anual
1976,Toa Alta,27051.0,51.4,5320.0,12.4,12.2,27.8,71.2,379.9,estimado_anual
1977,Toa Alta,28349.0,50.8,5740.0,12.3,12.9,28.1,71.2,398.2,estimado_anual
1978,Toa Alta,29641.0,50.2,6160.0,12.2,13.6,28.4,71.2,416.3,estimado_anual
1979,Toa Alta,30934.0,49.6,6580.0,12.1,14.3,28.7,71.2,434.5,estimado_anual
1980,Toa Alta,32158.0,49.0,7000.0,12.0,15.0,29.0,71.2,451.7,censo_decenal
1981,Toa Alta,33175.0,48.5,7480.0,11.8,15.5,29.3,71.2,465.9,estimado_anual
1982,Toa Alta,34236.0,48.0,7960.0,11.6,16.0,29.6,71.2,480.8,estimado_anual
1983,Toa Alta,35341.0,47.5,8440.0,11.4,16.5,29.9,71.2,496.4,estimado_anual
1984,Toa Alta,36490.0,47.0,8920.0,11.2,17.0,30.2,71.2,512.5,estimado_anual
1985,Toa Alta,37686.0,46.5,9400.0,11.0,17.5,30.5,71.2,529.3,estimado_anual
1986,Toa Alta,38935.0,46.0,9880.0,10.8,18.0,30.8,71.2,546.8,estimado_anual
1987,Toa Alta,40235.0,45.5,10360.0,10.6,18.5,31.1,71.2,565.1,estimado_anual
1988,Toa Alta,41589.0,45.0,10840.0,10.4,19.0,31.4,71.2,584.1,estimado_anual
1989,Toa Alta,43000.0,44.5,11320.0,10.2,19.5,31.7,71.2,603.9,estimado_anual
1990,Toa Alta,44502.0,44.0,11800.0,10.0,20.0,32.0,71.2,625.0,censo_decenal
1991,Toa Alta,46144.0,43.8,13790.0,9.9,20.6,32.4,71.2,648.1,estimado_anual
1992,Toa Alta,47858.0,43.6,15780.0,9.8,21.2,32.8,71.2,672.2,estimado_anual
1993,Toa Alta,49646.0,43.4,17770.0,9.7,21.8,33.2,71.2,697.3,estimado_anual
1994,Toa Alta,51509.0,43.2,19760.0,9.6,22.4,33.6,71.2,723.4,estimado_anual
1995,Toa Alta,53455.0,43.0,21750.0,9.5,23.0,34.0,71.2,750.8,estimado_anual
1996,Toa Alta,55485.0,42.8,23740.0,9.4,23.6,34.4,71.2,779.3,estimado_anual
1997,Toa Alta,57606.0,42.6,25730.0,9.3,24.2,34.8,71.2,809.1,estimado_anual
1998,Toa Alta,59818.0,42.4,27720.0,9.2,24.8,35.2,71.2,840.1,estimado_anual
1999,Toa Alta,62128.0,42.2,29710.0,9.1,25.4,35.6,71.2,872.6,estimado_anual
2000,Toa Alta,64652.0,42.0,31700.0,9.0,26.0,36.0,71.2,908.0,censo_decenal
2001,Toa Alta,65948.0,41.3,31760.0,9.0,26.2,36.2,71.2,926.2,estimado_anual
2002,Toa Alta,67171.0,40.6,31820.0,9.0,26.4,36.4,71.2,943.4,estimado_anual
2003,Toa Alta,68349.0,39.9,31880.0,9.0,26.6,36.6,71.2,960.0,estimado_anual
2004,Toa Alta,69514.0,39.2,31940.0,9.0,26.8,36.8,71.2,976.3,estimado_anual
2005,Toa Alta,70576.0,38.5,32000.0,9.0,27.0,37.0,71.2,991.2,estimado_anual
2006,Toa Alta,71414.0,37.8,32060.0,9.0,27.2,37.2,71.2,1003.0,estimado_anual
2007,Toa Alta,72096.0,37.1,32120.0,9.0,27.4,37.4,71.2,1012.6,estimado_anual
2008,Toa Alta,72792.0,36.4,32180.0,9.0,27.6,37.6,71.2,1022.4,estimado_anual
2009,Toa Alta,73522.0,35.7,32240.0,9.0,27.8,37.8,71.2,1032.6,estimado_anual
2010,Toa Alta,74149.0,35.0,32300.0,9.0,28.0,38.0,71.2,1041.4,censo_decenal
2011,Toa Alta,73873.0,35.2,32315.6,9.0,28.1,37.9,71.2,1037.5,estimado_anual
2012,Toa Alta,73471.0,35.4,32331.2,9.0,28.2,37.8,71.2,1031.9,estimado_anual
2013,Toa Alta,73095.0,35.6,32346.8,9.0,28.3,37.7,71.2,1026.6,estimado_anual
2014,Toa Alta,72355.0,35.8,32362.4,9.0,28.4,37.6,71.2,1016.2,estimado_anual
2015,Toa Alta,71556.0,36.0,32378.0,9.0,28.5,37.5,71.2,1005.0,estimado_anual
2016,Toa Alta,70574.0,36.2,32393.6,9.0,28.6,37.4,71.2,991.2,estimado_anual
2017,Toa Alta,69211.0,36.4,32409.2,9.0,28.7,37.3,71.2,972.1,estimado_anual
2018,Toa Alta,66635.0,36.6,32424.8,9.0,28.8,37.2,71.2,935.9,estimado_anual
2019,Toa Alta,67120.0,36.8,32440.4,9.0,28.9,37.1,71.2,942.7,estimado_anual
2020,Toa Alta,66862.0,37.0,32456.0,9.0,29.0,37.0,71.2,939.1,censo_decenal
2021,Toa Alta,66682.0,37.2,32471.6,9.0,29.1,36.9,71.2,936.5,estimado_anual
2022,Toa Alta,65959.0,37.4,32487.2,9.0,29.2,36.8,71.2,926.4,estimado_anual
2023,Toa Alta,65814.0,37.6,32502.8,9.0,29.3,36.7,71.2,924.4,estimado_anual
2024,Toa Alta,65947.0,37.8,32518.4,9.0,29.4,36.6,71.2,926.2,estimado_anual
2025,Toa Alta,65754.0,38.0,32534.0,9.0,29.5,36.5,71.2,923.5,estimado_anual
1950,Toa Baja,15858.0,,,,,,60.1,263.9,estimado_poblacion
1951,Toa Baja,16253.0,,,,,,60.1,270.4,estimado_poblacion
1952,Toa Baja,16646.0,,,,,,60.1,277.0,estimado_poblacion
1953,Toa Baja,17038.0,,,,,,60.1,283.5,estimado_poblacion
1954,Toa Baja,17436.0,,,,,,60.1,290.1,estimado_poblacion
1955,Toa Baja,17828.0,,,,,,60.1,296.6,estimado_poblacion
1956,Toa Baja,18223.0,,,,,,60.1,303.2,estimado_poblacion
1957,Toa Baja,18616.0,,,,,,60.1,309.8,estimado_poblacion
1958,Toa Baja,19008.0,,,,,,60.1,316.3,estimado_poblacion
1959,Toa Baja,19403.0,,,,,,60.1,322.8,estimado_poblacion
1960,Toa Baja,20362.0,,,,,,60.1,338.8,estimado_poblacion
1961,Toa Baja,23030.0,,,,,,60.1,383.2,estimado_poblacion
1962,Toa Baja,25695.0,,,,,,60.1,427.5,estimado_poblacion
1963,Toa Baja,28365.0,,,,,,60.1,472.0,estimado_poblacion
1964,Toa Baja,31039.0,,,,,,60.1,516.5,estimado_poblacion
1965,Toa Baja,33707.0,,,,,,60.1,560.8,estimado_poblacion
1966,Toa Baja,36374.0,,,,,,60.1,605.2,estimado_poblacion
1967,Toa Baja,39041.0,,,,,,60.1,649.6,estimado_poblacion
1968,Toa Baja,41715.0,,,,,,60.1,694.1,estimado_poblacion
1969,Toa Baja,44380.0,,,,,,60.1,738.4,estimado_poblacion
1970,Toa Baja,47180.0,57.0,2800.0,14.0,8.0,27.0,60.1,785.0,censo_decenal
1971,Toa Baja,50361.0,56.4,3220.0,14.0,8.8,27.3,60.1,838.0,estimado_anual
1972,Toa Baja,53554.0,55.8,3640.0,14.0,9.6,27.6,60.1,891.1,estimado_anual
1973,Toa Baja,56737.0,55.2,4060.0,14.0,10.4,27.9,60.1,944.0,estimado_anual
1974,Toa Baja,59922.0,54.6,4480.0,14.0,11.2,28.2,60.1,997.0,estimado_anual
1975,Toa Baja,63102.0,54.0,4900.0,14.0,12.0,28.5,60.1,1050.0,estimado_anual
1976,Toa Baja,66297.0,53.4,5320.0,14.0,12.8,28.8,60.1,1103.1,estimado_anual
1977,Toa Baja,69478.0,52.8,5740.0,14.0,13.6,29.1,60.1,1156.0,estimado_anual
1978,Toa Baja,72666.0,52.2,6160.0,14.0,14.4,29.4,60.1,1209.1,estimado_anual
1979,Toa Baja,75848.0,51.6,6580.0,14.0,15.2,29.7,60.1,1262.0,estimado_anual
1980,Toa Baja,78477.0,51.0,7000.0,14.0,16.0,30.0,60.1,1305.8,censo_decenal
1981,Toa Baja,79425.0,50.6,7480.0,13.8,16.4,30.3,60.1,1321.5,estimado_anual
1982,Toa Baja,80407.0,50.2,7960.0,13.6,16.8,30.6,60.1,1337.9,estimado_anual
1983,Toa Baja,81429.0,49.8,8440.0,13.4,17.2,30.9,60.1,1354.9,estimado_anual
1984,Toa Baja,82492.0,49.4,8920.0,13.2,17.6,31.2,60.1,1372.6,estimado_anual
1985,Toa Baja,83594.0,49.0,9400.0,13.0,18.0,31.5,60.1,1390.9,estimado_anual
1986,Toa Baja,84740.0,48.6,9880.0,12.8,18.4,31.8,60.1,1410.0,estimado_anual
1987,Toa Baja,85935.0,48.2,10360.0,12.6,18.8,32.1,60.1,1429.9,estimado_anual
1988,Toa Baja,87171.0,47.8,10840.0,12.4,19.2,32.4,60.1,1450.4,estimado_anual
1989,Toa Baja,88458.0,47.4,11320.0,12.2,19.6,32.7,60.1,1471.8,estimado_anual
1990,Toa Baja,89539.0,47.0,11800.0,12.0,20.0,33.0,60.1,1489.8,censo_decenal
1991,Toa Baja,89891.0,46.7,12800.0,11.9,20.3,33.4,60.1,1495.7,estimado_anual
1992,Toa Baja,90268.0,46.4,13800.0,11.8,20.6,33.8,60.1,1502.0,estimado_anual
1993,Toa Baja,90669.0,46.1,14800.0,11.7,20.9,34.2,60.1,1508.6,estimado_anual
1994,Toa Baja,91097.0,45.8,15800.0,11.6,21.2,34.6,60.1,1515.8,estimado_anual
1995,Toa Baja,91551.0,45.5,16800.0,11.5,21.5,35.0,60.1,1523.3,estimado_anual
1996,Toa Baja,92034.0,45.2,17800.0,11.4,21.8,35.4,60.1,1531.3,estimado_anual
1997,Toa Baja,92540.0,44.9,18800.0,11.3,22.1,35.8,60.1,1539.8,estimado_anual
1998,Toa Baja,93076.0,44.6,19800.0,11.2,22.4,36.2,60.1,1548.7,estimado_anual
1999,Toa Baja,93643.0,44.3,20800.0,11.1,22.7,36.6,60.1,1558.1,estimado_anual
2000,Toa Baja,93574.0,44.0,21800.0,11.0,23.0,37.0,60.1,1557.0,censo_decenal
2001,Toa Baja,93626.0,43.4,21840.0,11.0,23.1,37.2,60.1,1557.8,estimado_anual
2002,Toa Baja,93547.0,42.8,21880.0,11.0,23.2,37.4,60.1,1556.5,estimado_anual
2003,Toa Baja,93415.0,42.2,21920.0,11.0,23.3,37.6,60.1,1554.3,estimado_anual
2004,Toa Baja,93234.0,41.6,21960.0,11.0,23.4,37.8,60.1,1551.3,estimado_anual
2005,Toa Baja,92909.0,41.0,22000.0,11.0,23.5,38.0,60.1,1545.9,estimado_anual
2006,Toa Baja,92327.0,40.4,22040.0,11.0,23.6,38.2,60.1,1536.2,estimado_anual
2007,Toa Baja,91552.0,39.8,22080.0,11.0,23.7,38.4,60.1,1523.3,estimado_anual
2008,Toa Baja,90820.0,39.2,22120.0,11.0,23.8,38.6,60.1,1511.1,estimado_anual
2009,Toa Baja,90123.0,38.6,22160.0,11.0,23.9,38.8,60.1,1499.6,estimado_anual
2010,Toa Baja,89515.0,38.0,22200.0,11.0,24.0,39.0,60.1,1489.4,censo_decenal
2011,Toa Baja,88325.0,38.2,22214.5,11.0,24.1,39.1,60.1,1469.6,estimado_anual
2012,Toa Baja,87165.0,38.4,22229.0,11.0,24.2,39.2,60.1,1450.3,estimado_anual
2013,Toa Baja,86130.0,38.6,22243.5,11.0,24.3,39.3,60.1,1433.1,estimado_anual
2014,Toa Baja,84657.0,38.8,22258.0,11.0,24.4,39.4,60.1,1408.6,estimado_anual
2015,Toa Baja,83021.0,39.0,22272.5,11.0,24.5,39.5,60.1,1381.4,estimado_anual
2016,Toa Baja,81395.0,39.2,22287.0,11.0,24.6,39.6,60.1,1354.3,estimado_anual
2017,Toa Baja,79330.0,39.4,22301.5,11.0,24.7,39.7,60.1,1320.0,estimado_anual
2018,Toa Baja,76129.0,39.6,22316.0,11.0,24.8,39.8,60.1,1266.7,estimado_anual
2019,Toa Baja,75989.0,39.8,22330.5,11.0,24.9,39.9,60.1,1264.4,estimado_anual
2020,Toa Baja,75125.0,40.0,22345.0,11.0,25.0,40.0,60.1,1250.0,censo_decenal
2021,Toa Baja,74290.0,40.2,22359.5,11.0,25.1,40.1,60.1,1236.1,estimado_anual
2022,Toa Baja,72927.0,40.4,22374.0,11.0,25.2,40.2,60.1,1213.4,estimado_anual
2023,Toa Baja,72109.0,40.6,22388.5,11.0,25.3,40.3,60.1,1199.8,estimado_anual
2024,Toa Baja,71651.0,40.8,22403.0,11.0,25.4,40.4,60.1,1192.2,estimado_anual
2025,Toa Baja,70931.0,41.0,22417.5,11.0,25.5,40.5,60.1,1180.2,estimado_anual
1950,Trujillo Alto,13719.0,,,,,,53.5,256.4,estimado_poblacion
1951,Trujillo Alto,14182.0,,,,,,53.5,265.1,estimado_poblacion
1952,Trujillo Alto,14651.0,,,,,,53.5,273.9,estimado_poblacion
1953,Trujillo Alto,15114.0,,,,,,53.5,282.5,estimado_poblacion
1954,Trujillo Alto,15576.0,,,,,,53.5,291.1,estimado_poblacion
1955,Trujillo Alto,16046.0,,,,,,53.5,299.9,estimado_poblacion
1956,Trujillo Alto,16509.0,,,,,,53.5,308.6,estimado_poblacion
1957,Trujillo Alto,16976.0,,,,,,53.5,317.3,estimado_poblacion
1958,Trujillo Alto,17435.0,,,,,,53.5,325.9,estimado_poblacion
1959,Trujillo Alto,17900.0,,,,,,53.5,334.6,estimado_poblacion
1960,Trujillo Alto,18563.0,,,,,,53.5,347.0,estimado_poblacion
1961,Trujillo Alto,19800.0,,,,,,53.5,370.1,estimado_poblacion
1962,Trujillo Alto,21045.0,,,,,,53.5,393.4,estimado_poblacion
1963,Trujillo Alto,22283.0,,,,,,53.5,416.5,estimado_poblacion
1964,Trujillo Alto,23530.0,,,,,,53.5,439.8,estimado_poblacion
1965,Trujillo Alto,24770.0,,,,,,53.5,463.0,estimado_poblacion
1966,Trujillo Alto,26009.0,,,,,,53.5,486.1,estimado_poblacion
1967,Trujillo Alto,27251.0,,,,,,53.5,509.4,estimado_poblacion
1968,Trujillo Alto,28494.0,,,,,,53.5,532.6,estimado_poblacion
1969,Trujillo Alto,29735.0,,,,,,53.5,555.8,estimado_poblacion
1970,Trujillo Alto,31187.0,53.0,3000.0,12.0,10.0,27.0,53.5,582.9,censo_decenal
1971,Trujillo Alto,33256.0,52.4,3440.0,12.0,10.8,27.3,53.5,621.6,estimado_anual
1972,Trujillo Alto,35334.0,51.8,3880.0,12.0,11.6,27.6,53.5,660.4,estimado_anual
1973,Trujillo Alto,37403.0,51.2,4320.0,12.0,12.4,27.9,53.5,699.1,estimado_anual
1974,Trujillo Alto,39472.0,50.6,4760.0,12.0,13.2,28.2,53.5,737.8,estimado_anual
1975,Trujillo Alto,41542.0,50.0,5200.0,12.0,14.0,28.5,53.5,776.5,estimado_anual
1976,Trujillo Alto,43619.0,49.4,5640.0,12.0,14.8,28.8,53.5,815.3,estimado_anual
1977,Trujillo Alto,45690.0,48.8,6080.0,12.0,15.6,29.1,53.5,854.0,estimado_anual
1978,Trujillo Alto,47755.0,48.2,6520.0,12.0,16.4,29.4,53.5,892.6,estimado_anual
1979,Trujillo Alto,49828.0,47.6,6960.0,12.0,17.2,29.7,53.5,931.4,estimado_anual
1980,Trujillo Alto,51589.0,47.0,7400.0,12.0,18.0,30.0,53.5,964.3,censo_decenal
1981,Trujillo Alto,52400.0,46.5,7900.0,11.8,18.6,30.3,53.5,979.4,estimado_anual
1982,Trujillo Alto,53245.0,46.0,8400.0,11.6,19.2,30.6,53.5,995.2,estimado_anual
1983,Trujillo Alto,54128.0,45.5,8900.0,11.4,19.8,30.9,53.5,1011.7,estimado_anual
1984,Trujillo Alto,55045.0,45.0,9400.0,11.2,20.4,31.2,53.5,1028.9,estimado_anual
1985,Trujillo Alto,56002.0,44.5,9900.0,11.0,21.0,31.5,53.5,1046.8,estimado_anual
1986,Trujillo Alto,56998.0,44.0,10400.0,10.8,21.6,31.8,53.5,1065.4,estimado_anual
1987,Trujillo Alto,58037.0,43.5,10900.0,10.6,22.2,32.1,53.5,1084.8,estimado_anual
1988,Trujillo Alto,59117.0,43.0,11400.0,10.4,22.8,32.4,53.5,1105.0,estimado_anual
1989,Trujillo Alto,60246.0,42.5,11900.0,10.2,23.4,32.7,53.5,1126.1,estimado_anual
1990,Trujillo Alto,61432.0,42.0,12400.0,10.0,24.0,33.0,53.5,1148.3,censo_decenal
1991,Trujillo Alto,62705.0,41.8,14310.0,9.9,24.7,33.4,53.5,1172.1,estimado_anual
1992,Trujillo Alto,64016.0,41.6,16220.0,9.8,25.4,33.8,53.5,1196.6,estimado_anual
1993,Trujillo Alto,65370.0,41.4,18130.0,9.7,26.1,34.2,53.5,1221.9,estimado_anual
1994,Trujillo Alto,66767.0,41.2,20040.0,9.6,26.8,34.6,53.5,1248.0,estimado_anual
1995,Trujillo Alto,68208.0,41.0,21950.0,9.5,27.5,35.0,53.5,1274.9,estimado_anual
1996,Trujillo Alto,69696.0,40.8,23860.0,9.4,28.2,35.4,53.5,1302.7,estimado_anual
1997,Trujillo Alto,71234.0,40.6,25770.0,9.3,28.9,35.8,53.5,1331.5,estimado_anual
1998,Trujillo Alto,72820.0,40.4,27680.0,9.2,29.6,36.2,53.5,1361.1,estimado_anual
1999,Trujillo Alto,74460.0,40.2,29590.0,9.1,30.3,36.6,53.5,1391.8,estimado_anual
2000,Trujillo Alto,75845.0,40.0,31500.0,9.0,31.0,37.0,53.5,1417.7,censo_decenal
2001,Trujillo Alto,76090.0,40.0,31550.0,9.0,31.3,37.2,53.5,1422.2,estimado_anual
2002,Trujillo Alto,76268.0,40.0,31600.0,9.0,31.6,37.4,53.5,1425.6,estimado_anual
2003,Trujillo Alto,76364.0,40.0,31650.0,9.0,31.9,37.6,53.5,1427.4,estimado_anual
2004,Trujillo Alto,76478.0,40.0,31700.0,9.0,32.2,37.8,53.5,1429.5,estimado_anual
2005,Trujillo Alto,76449.0,40.0,31750.0,9.0,32.5,38.0,53.5,1429.0,estimado_anual
2006,Trujillo Alto,76202.0,40.0,31800.0,9.0,32.8,38.2,53.5,1424.3,estimado_anual
2007,Trujillo Alto,75822.0,40.0,31850.0,9.0,33.1,38.4,53.5,1417.2,estimado_anual
2008,Trujillo Alto,75443.0,40.0,31900.0,9.0,33.4,38.6,53.5,1410.1,estimado_anual
2009,Trujillo Alto,75097.0,40.0,31950.0,9.0,33.7,38.8,53.5,1403.7,estimado_anual
2010,Trujillo Alto,74893.0,40.0,32000.0,9.0,34.0,39.0,53.5,1399.9,censo_decenal
2011,Trujillo Alto,74484.0,40.2,32012.3,9.0,34.1,39.3,53.5,1392.2,estimado_anual
2012,Trujillo Alto,74063.0,40.4,32024.6,9.0,34.2,39.6,53.5,1384.4,estimado_anual
2013,Trujillo Alto,73607.0,40.6,32036.9,9.0,34.3,39.9,53.5,1375.8,estimado_anual
2014,Trujillo Alto,72810.0,40.8,32049.2,9.0,34.4,40.2,53.5,1360.9,estimado_anual
2015,Trujillo Alto,72020.0,41.0,32061.5,9.0,34.5,40.5,53.5,1346.2,estimado_anual
2016,Trujillo Alto,71063.0,41.2,32073.8,9.0,34.6,40.8,53.5,1328.3,estimado_anual
2017,Trujillo Alto,69817.0,41.4,32086.1,9.0,34.7,41.1,53.5,1305.0,estimado_anual
2018,Trujillo Alto,67513.0,41.6,32098.4,9.0,34.8,41.4,53.5,1261.9,estimado_anual
2019,Trujillo Alto,67934.0,41.8,32110.7,9.0,34.9,41.7,53.5,1269.8,estimado_anual
2020,Trujillo Alto,67679.0,42.0,32123.0,9.0,35.0,42.0,53.5,1265.0,censo_decenal
2021,Trujillo Alto,67457.0,42.2,32135.3,9.0,35.1,42.3,53.5,1260.9,estimado_anual
2022,Trujillo Alto,66669.0,42.4,32147.6,9.0,35.2,42.6,53.5,1246.1,estimado_anual
2023,Trujillo Alto,66516.0,42.6,32159.9,9.0,35.3,42.9,53.5,1243.3,estimado_anual
2024,Trujillo Alto,66622.0,42.8,32172.2,9.0,35.4,43.2,53.5,1245.3,estimado_anual
2025,Trujillo Alto,66348.0,43.0,32184.5,9.0,35.5,43.5,53.5,1240.1,estimado_anual
1950,Utuado,46473.0,,,,,,291.4,159.5,estimado_poblacion
1951,Utuado,45854.0,,,,,,291.4,157.4,estimado_poblacion
1952,Utuado,45237.0,,,,,,291.4,155.2,estimado_poblacion
1953,Utuado,44617.0,,,,,,291.4,153.1,estimado_poblacion
1954,Utuado,43996.0,,,,,,291.4,151.0,estimado_poblacion
1955,Utuado,43386.0,,,,,,291.4,148.9,estimado_poblacion
1956,Utuado,42765.0,,,,,,291.4,146.8,estimado_poblacion
1957,Utuado,42148.0,,,,,,291.4,144.6,estimado_poblacion
1958,Utuado,41528.0,,,,,,291.4,142.5,estimado_poblacion
1959,Utuado,40912.0,,,,,,291.4,140.4,estimado_poblacion
1960,Utuado,40327.0,,,,,,291.4,138.4,estimado_poblacion
1961,Utuado,39829.0,,,,,,291.4,136.7,estimado_poblacion
1962,Utuado,39334.0,,,,,,291.4,135.0,estimado_poblacion
1963,Utuado,38839.0,,,,,,291.4,133.3,estimado_poblacion
1964,Utuado,38344.0,,,,,,291.4,131.6,estimado_poblacion
1965,Utuado,37848.0,,,,,,291.4,129.9,estimado_poblacion
1966,Utuado,37353.0,,,,,,291.4,128.2,estimado_poblacion
1967,Utuado,36855.0,,,,,,291.4,126.5,estimado_poblacion
1968,Utuado,36359.0,,,,,,291.4,124.8,estimado_poblacion
1969,Utuado,35864.0,,,,,,291.4,123.1,estimado_poblacion
1970,Utuado,35471.0,73.0,1700.0,23.0,3.0,30.0,291.4,121.7,censo_decenal
1971,Utuado,35369.0,72.6,1950.0,23.0,3.2,30.4,291.4,121.4,estimado_anual
1972,Utuado,35275.0,72.2,2200.0,23.0,3.4,30.8,291.4,121.1,estimado_anual
1973,Utuado,35171.0,71.8,2450.0,23.0,3.6,31.2,291.4,120.7,estimado_anual
1974,Utuado,35072.0,71.4,2700.0,23.0,3.8,31.6,291.4,120.4,estimado_anual
1975,Utuado,34973.0,71.0,2950.0,23.0,4.0,32.0,291.4,120.0,estimado_anual
1976,Utuado,34874.0,70.6,3200.0,23.0,4.2,32.4,291.4,119.7,estimado_anual
1977,Utuado,34776.0,70.2,3450.0,23.0,4.4,32.8,291.4,119.3,estimado_anual
1978,Utuado,34678.0,69.8,3700.0,23.0,4.6,33.2,291.4,119.0,estimado_anual
1979,Utuado,34578.0,69.4,3950.0,23.0,4.8,33.6,291.4,118.7,estimado_anual
1980,Utuado,34506.0,69.0,4200.0,23.0,5.0,34.0,291.4,118.4,censo_decenal
1981,Utuado,34522.0,68.7,4520.0,22.8,5.3,34.3,291.4,118.5,estimado_anual
1982,Utuado,34541.0,68.4,4840.0,22.6,5.6,34.6,291.4,118.5,estimado_anual
1983,Utuado,34570.0,68.1,5160.0,22.4,5.9,34.9,291.4,118.6,estimado_anual
1984,Utuado,34605.0,67.8,5480.0,22.2,6.2,35.2,291.4,118.8,estimado_anual
1985,Utuado,34652.0,67.5,5800.0,22.0,6.5,35.5,291.4,118.9,estimado_anual
1986,Utuado,34704.0,67.2,6120.0,21.8,6.8,35.8,291.4,119.1,estimado_anual
1987,Utuado,34766.0,66.9,6440.0,21.6,7.1,36.1,291.4,119.3,estimado_anual
1988,Utuado,34836.0,66.6,6760.0,21.4,7.4,36.4,291.4,119.5,estimado_anual
1989,Utuado,34917.0,66.3,7080.0,21.2,7.7,36.7,291.4,119.8,estimado_anual
1990,Utuado,34980.0,66.0,7400.0,21.0,8.0,37.0,291.4,120.0,censo_decenal
1991,Utuado,34979.0,65.7,7850.0,20.9,8.3,37.4,291.4,120.0,estimado_anual
1992,Utuado,34985.0,65.4,8300.0,20.8,8.6,37.8,291.4,120.1,estimado_anual
1993,Utuado,35000.0,65.1,8750.0,20.7,8.9,38.2,291.4,120.1,estimado_anual
1994,Utuado,35024.0,64.8,9200.0,20.6,9.2,38.6,291.4,120.2,estimado_anual
1995,Utuado,35057.0,64.5,9650.0,20.5,9.5,39.0,291.4,120.3,estimado_anual
1996,Utuado,35100.0,64.2,10100.0,20.4,9.8,39.4,291.4,120.5,estimado_anual
1997,Utuado,35149.0,63.9,10550.0,20.3,10.1,39.8,291.4,120.6,estimado_anual
1998,Utuado,35208.0,63.6,11000.0,20.2,10.4,40.2,291.4,120.8,estimado_anual
1999,Utuado,35280.0,63.3,11450.0,20.1,10.7,40.6,291.4,121.1,estimado_anual
2000,Utuado,35331.0,63.0,11900.0,20.0,11.0,41.0,291.4,121.2,censo_decenal
2001,Utuado,35258.0,61.0,11940.0,20.1,11.2,41.3,291.4,121.0,estimado_anual
2002,Utuado,35175.0,59.0,11980.0,20.2,11.4,41.6,291.4,120.7,estimado_anual
2003,Utuado,35051.0,57.0,12020.0,20.3,11.6,41.9,291.4,120.3,estimado_anual
2004,Utuado,34909.0,55.0,12060.0,20.4,11.8,42.2,291.4,119.8,estimado_anual
2005,Utuado,34703.0,53.0,12100.0,20.5,12.0,42.5,291.4,119.1,estimado_anual
2006,Utuado,34418.0,51.0,12140.0,20.6,12.2,42.8,291.4,118.1,estimado_anual
2007,Utuado,34071.0,49.0,12180.0,20.7,12.4,43.1,291.4,116.9,estimado_anual
2008,Utuado,33714.0,47.0,12220.0,20.8,12.6,43.4,291.4,115.7,estimado_anual
2009,Utuado,33381.0,45.0,12260.0,20.9,12.8,43.7,291.4,114.6,estimado_anual
2010,Utuado,33085.0,43.0,12300.0,21.0,13.0,44.0,291.4,113.5,censo_decenal
2011,Utuado,32722.0,43.2,12304.5,21.0,13.1,44.1,291.4,112.3,estimado_anual
2012,Utuado,32302.0,43.4,12309.0,21.0,13.2,44.2,291.4,110.9,estimado_anual
2013,Utuado,31938.0,43.6,12313.5,21.0,13.3,44.3,291.4,109.6,estimado_anual
2014,Utuado,31437.0,43.8,12318.0,21.0,13.4,44.4,291.4,107.9,estimado_anual
2015,Utuado,30871.0,44.0,12322.5,21.0,13.5,44.5,291.4,105.9,estimado_anual
2016,Utuado,30255.0,44.2,12327.0,21.0,13.6,44.6,291.4,103.8,estimado_anual
2017,Utuado,29601.0,44.4,12331.5,21.0,13.7,44.7,291.4,101.6,estimado_anual
2018,Utuado,28483.0,44.6,12336.0,21.0,13.8,44.8,291.4,97.7,estimado_anual
2019,Utuado,28490.0,44.8,12340.5,21.0,13.9,44.9,291.4,97.8,estimado_anual
2020,Utuado,28226.0,45.0,12345.0,21.0,14.0,45.0,291.4,96.9,censo_decenal
2021,Utuado,27961.0,45.2,12349.5,21.0,14.1,45.1,291.4,96.0,estimado_anual
2022,Utuado,27499.0,45.4,12354.0,21.0,14.2,45.2,291.4,94.4,estimado_anual
2023,Utuado,27220.0,45.6,12358.5,21.0,14.3,45.3,291.4,93.4,estimado_anual
2024,Utuado,27133.0,45.8,12363.0,21.0,14.4,45.4,291.4,93.1,estimado_anual
2025,Utuado,26894.0,46.0,12367.5,21.0,14.5,45.5,291.4,92.3,estimado_anual
1950,Vega Alta,16547.0,,,,,,70.4,235.0,estimado_poblacion
1951,Vega Alta,16656.0,,,,,,70.4,236.6,estimado_poblacion
1952,Vega Alta,16763.0,,,,,,70.4,238.1,estimado_poblacion
1953,Vega Alta,16873.0,,,,,,70.4,239.7,estimado_poblacion
1954,Vega Alta,16981.0,,,,,,70.4,241.2,estimado_poblacion
1955,Vega Alta,17090.0,,,,,,70.4,242.8,estimado_poblacion
1956,Vega Alta,17198.0,,,,,,70.4,244.3,estimado_poblacion
1957,Vega Alta,17306.0,,,,,,70.4,245.8,estimado_poblacion
1958,Vega Alta,17410.0,,,,,,70.4,247.3,estimado_poblacion
1959,Vega Alta,17521.0,,,,,,70.4,248.9,estimado_poblacion
1960,Vega Alta,17733.0,,,,,,70.4,251.9,estimado_poblacion
1961,Vega Alta,18251.0,,,,,,70.4,259.2,estimado_poblacion
1962,Vega Alta,18772.0,,,,,,70.4,266.6,estimado_poblacion
1963,Vega Alta,19293.0,,,,,,70.4,274.0,estimado_poblacion
1964,Vega Alta,19817.0,,,,,,70.4,281.5,estimado_poblacion
1965,Vega Alta,20340.0,,,,,,70.4,288.9,estimado_poblacion
1966,Vega Alta,20858.0,,,,,,70.4,296.3,estimado_poblacion
1967,Vega Alta,21377.0,,,,,,70.4,303.7,estimado_poblacion
1968,Vega Alta,21898.0,,,,,,70.4,311.1,estimado_poblacion
1969,Vega Alta,22421.0,,,,,,70.4,318.5,estimado_poblacion
1970,Vega Alta,22957.0,61.0,2500.0,15.0,7.0,27.0,70.4,326.1,censo_decenal
1971,Vega Alta,23543.0,60.4,2870.0,15.0,7.6,27.3,70.4,334.4,estimado_anual
1972,Vega Alta,24135.0,59.8,3240.0,15.0,8.2,27.6,70.4,342.8,estimado_anual
1973,Vega Alta,24721.0,59.2,3610.0,15.0,8.8,27.9,70.4,351.2,estimado_anual
1974,Vega Alta,25309.0,58.6,3980.0,15.0,9.4,28.2,70.4,359.5,estimado_anual
1975,Vega Alta,25900.0,58.0,4350.0,15.0,10.0,28.5,70.4,367.9,estimado_anual
1976,Vega Alta,26485.0,57.4,4720.0,15.0,10.6,28.8,70.4,376.2,estimado_anual
1977,Vega Alta,27078.0,56.8,5090.0,15.0,11.2,29.1,70.4,384.6,estimado_anual
1978,Vega Alta,27665.0,56.2,5460.0,15.0,11.8,29.4,70.4,393.0,estimado_anual
1979,Vega Alta,28250.0,55.6,5830.0,15.0,12.4,29.7,70.4,401.3,estimado_anual
1980,Vega Alta,28823.0,55.0,6200.0,15.0,13.0,30.0,70.4,409.4,censo_decenal
1981,Vega Alta,29335.0,54.6,6640.0,14.8,13.4,30.3,70.4,416.7,estimado_anual
1982,Vega Alta,29862.0,54.2,7080.0,14.6,13.8,30.6,70.4,424.2,estimado_anual
1983,Vega Alta,30406.0,53.8,7520.0,14.4,14.2,30.9,70.4,431.9,estimado_anual
1984,Vega Alta,30966.0,53.4,7960.0,14.2,14.6,31.2,70.4,439.9,estimado_anual
1985,Vega Alta,31547.0,53.0,8400.0,14.0,15.0,31.5,70.4,448.1,estimado_anual
1986,Vega Alta,32143.0,52.6,8840.0,13.8,15.4,31.8,70.4,456.6,estimado_anual
1987,Vega Alta,32758.0,52.2,9280.0,13.6,15.8,32.1,70.4,465.3,estimado_anual
1988,Vega Alta,33394.0,51.8,9720.0,13.4,16.2,32.4,70.4,474.3,estimado_anual
1989,Vega Alta,34054.0,51.4,10160.0,13.2,16.6,32.7,70.4,483.7,estimado_anual
1990,Vega Alta,34627.0,51.0,10600.0,13.0,17.0,33.0,70.4,491.9,censo_decenal
1991,Vega Alta,34909.0,50.7,11640.0,12.8,17.2,33.4,70.4,495.9,estimado_anual
1992,Vega Alta,35202.0,50.4,12680.0,12.6,17.4,33.8,70.4,500.0,estimado_anual
1993,Vega Alta,35507.0,50.1,13720.0,12.4,17.6,34.2,70.4,504.4,estimado_anual
1994,Vega Alta,35824.0,49.8,14760.0,12.2,17.8,34.6,70.4,508.9,estimado_anual
1995,Vega Alta,36154.0,49.5,15800.0,12.0,18.0,35.0,70.4,513.6,estimado_anual
1996,Vega Alta,36498.0,49.2,16840.0,11.8,18.2,35.4,70.4,518.4,estimado_anual
1997,Vega Alta,36854.0,48.9,17880.0,11.6,18.4,35.8,70.4,523.5,estimado_anual
1998,Vega Alta,37226.0,48.6,18920.0,11.4,18.6,36.2,70.4,528.8,estimado_anual
1999,Vega Alta,37612.0,48.3,19960.0,11.2,18.8,36.6,70.4,534.3,estimado_anual
2000,Vega Alta,38005.0,48.0,21000.0,11.0,19.0,37.0,70.4,539.8,censo_decenal
2001,Vega Alta,38363.0,47.0,21050.0,11.1,19.2,37.1,70.4,544.9,estimado_anual
2002,Vega Alta,38703.0,46.0,21100.0,11.2,19.4,37.2,70.4,549.8,estimado_anual
2003,Vega Alta,39030.0,45.0,21150.0,11.3,19.6,37.3,70.4,554.4,estimado_anual
2004,Vega Alta,39327.0,44.0,21200.0,11.4,19.8,37.4,70.4,558.6,estimado_anual
2005,Vega Alta,39578.0,43.0,21250.0,11.5,20.0,37.5,70.4,562.2,estimado_anual
2006,Vega Alta,39686.0,42.0,21300.0,11.6,20.2,37.6,70.4,563.7,estimado_anual
2007,Vega Alta,39753.0,41.0,21350.0,11.7,20.4,37.7,70.4,564.7,estimado_anual
2008,Vega Alta,39803.0,40.0,21400.0,11.8,20.6,37.8,70.4,565.4,estimado_anual
2009,Vega Alta,39884.0,39.0,21450.0,11.9,20.8,37.9,70.4,566.5,estimado_anual
2010,Vega Alta,39934.0,38.0,21500.0,12.0,21.0,38.0,70.4,567.2,censo_decenal
2011,Vega Alta,39746.0,38.1,21495.6,12.0,21.0,38.1,70.4,564.6,estimado_anual
2012,Vega Alta,39509.0,38.2,21491.2,12.0,21.0,38.2,70.4,561.2,estimado_anual
2013,Vega Alta,39333.0,38.3,21486.8,12.0,21.0,38.3,70.4,558.7,estimado_anual
2014,Vega Alta,38853.0,38.4,21482.4,12.0,21.0,38.4,70.4,551.9,estimado_anual
2015,Vega Alta,38389.0,38.5,21478.0,12.0,21.0,38.5,70.4,545.3,estimado_anual
2016,Vega Alta,37688.0,38.6,21473.6,12.0,21.0,38.6,70.4,535.3,estimado_anual
2017,Vega Alta,36691.0,38.7,21469.2,12.0,21.0,38.7,70.4,521.2,estimado_anual
2018,Vega Alta,35369.0,38.8,21464.8,12.0,21.0,38.8,70.4,502.4,estimado_anual
2019,Vega Alta,35591.0,38.9,21460.4,12.0,21.0,38.9,70.4,505.6,estimado_anual
2020,Vega Alta,35340.0,39.0,21456.0,12.0,21.0,39.0,70.4,502.0,censo_decenal
2021,Vega Alta,35153.0,39.1,21451.6,12.0,21.0,39.1,70.4,499.3,estimado_anual
2022,Vega Alta,34702.0,39.2,21447.2,12.0,21.0,39.2,70.4,492.9,estimado_anual
2023,Vega Alta,34534.0,39.3,21442.8,12.0,21.0,39.3,70.4,490.5,estimado_anual
2024,Vega Alta,34535.0,39.4,21438.4,12.0,21.0,39.4,70.4,490.6,estimado_anual
2025,Vega Alta,34351.0,39.5,21434.0,12.0,21.0,39.5,70.4,487.9,estimado_anual
1950,Vega Baja,28957.0,,,,,,119.6,242.1,estimado_poblacion
1951,Vega Baja,29082.0,,,,,,119.6,243.2,estimado_poblacion
1952,Vega Baja,29209.0,,,,,,119.6,244.2,estimado_poblacion
1953,Vega Baja,29334.0,,,,,,119.6,245.3,estimado_poblacion
1954,Vega Baja,29462.0,,,,,,119.6,246.3,estimado_poblacion
1955,Vega Baja,29586.0,,,,,,119.6,247.4,estimado_poblacion
1956,Vega Baja,29712.0,,,,,,119.6,248.4,estimado_poblacion
1957,Vega Baja,29840.0,,,,,,119.6,249.5,estimado_poblacion
1958,Vega Baja,29967.0,,,,,,119.6,250.6,estimado_poblacion
1959,Vega Baja,30094.0,,,,,,119.6,251.6,estimado_poblacion
1960,Vega Baja,30319.0,,,,,,119.6,253.5,estimado_poblacion
1961,Vega Baja,30831.0,,,,,,119.6,257.8,estimado_poblacion
1962,Vega Baja,31344.0,,,,,,119.6,262.1,estimado_poblacion
1963,Vega Baja,31857.0,,,,,,119.6,266.4,estimado_poblacion
1964,Vega Baja,32375.0,,,,,,119.6,270.7,estimado_poblacion
1965,Vega Baja,32887.0,,,,,,119.6,275.0,estimado_poblacion
1966,Vega Baja,33400.0,,,,,,119.6,279.3,estimado_poblacion
1967,Vega Baja,33911.0,,,,,,119.6,283.5,estimado_poblacion
1968,Vega Baja,34427.0,,,,,,119.6,287.9,estimado_poblacion
1969,Vega Baja,34940.0,,,,,,119.6,292.1,estimado_poblacion
1970,Vega Baja,35620.0,63.0,2300.0,17.0,6.0,27.0,119.6,297.8,censo_decenal
1971,Vega Baja,36798.0,62.4,2650.0,17.0,6.5,27.3,119.6,307.7,estimado_anual
1972,Vega Baja,37981.0,61.8,3000.0,17.0,7.0,27.6,119.6,317.6,estimado_anual
1973,Vega Baja,39156.0,61.2,3350.0,17.0,7.5,27.9,119.6,327.4,estimado_anual
1974,Vega Baja,40338.0,60.6,3700.0,17.0,8.0,28.2,119.6,337.3,estimado_anual
1975,Vega Baja,41513.0,60.0,4050.0,17.0,8.5,28.5,119.6,347.1,estimado_anual
1976,Vega Baja,42693.0,59.4,4400.0,17.0,9.0,28.8,119.6,357.0,estimado_anual
1977,Vega Baja,43871.0,58.8,4750.0,17.0,9.5,29.1,119.6,366.8,estimado_anual
1978,Vega Baja,45051.0,58.2,5100.0,17.0,10.0,29.4,119.6,376.7,estimado_anual
1979,Vega Baja,46224.0,57.6,5450.0,17.0,10.5,29.7,119.6,386.5,estimado_anual
1980,Vega Baja,47303.0,57.0,5800.0,17.0,11.0,30.0,119.6,395.5,censo_decenal
1981,Vega Baja,48077.0,56.6,6230.0,16.8,11.4,30.3,119.6,402.0,estimado_anual
1982,Vega Baja,48875.0,56.2,6660.0,16.6,11.8,30.6,119.6,408.7,estimado_anual
1983,Vega Baja,49698.0,55.8,7090.0,16.4,12.2,30.9,119.6,415.5,estimado_anual
1984,Vega Baja,50546.0,55.4,7520.0,16.2,12.6,31.2,119.6,422.6,estimado_anual
1985,Vega Baja,51423.0,55.0,7950.0,16.0,13.0,31.5,119.6,430.0,estimado_anual
1986,Vega Baja,52331.0,54.6,8380.0,15.8,13.4,31.8,119.6,437.6,estimado_anual
1987,Vega Baja,53263.0,54.2,8810.0,15.6,13.8,32.1,119.6,445.3,estimado_anual
1988,Vega Baja,54229.0,53.8,9240.0,15.4,14.2,32.4,119.6,453.4,estimado_anual
1989,Vega Baja,55226.0,53.4,9670.0,15.2,14.6,32.7,119.6,461.8,estimado_anual
1990,Vega Baja,56125.0,53.0,10100.0,15.0,15.0,33.0,119.6,469.3,censo_decenal
1991,Vega Baja,56651.0,52.7,10930.0,14.7,15.3,33.4,119.6,473.7,estimado_anual
1992,Vega Baja,57196.0,52.4,11760.0,14.4,15.6,33.8,119.6,478.2,estimado_anual
1993,Vega Baja,57752.0,52.1,12590.0,14.1,15.9,34.2,119.6,482.9,estimado_anual
1994,Vega Baja,58323.0,51.8,13420.0,13.8,16.2,34.6,119.6,487.7,estimado_anual
1995,Vega Baja,58910.0,51.5,14250.0,13.5,16.5,35.0,119.6,492.6,estimado_anual
1996,Vega Baja,59512.0,51.2,15080.0,13.2,16.8,35.4,119.6,497.6,estimado_anual
1997,Vega Baja,60132.0,50.9,15910.0,12.9,17.1,35.8,119.6,502.8,estimado_anual
1998,Vega Baja,60771.0,50.6,16740.0,12.6,17.4,36.2,119.6,508.1,estimado_anual
1999,Vega Baja,61425.0,50.3,17570.0,12.3,17.7,36.6,119.6,513.6,estimado_anual
2000,Vega Baja,61930.0,50.0,18400.0,12.0,18.0,37.0,119.6,517.8,censo_decenal
2001,Vega Baja,61988.0,48.9,18430.0,12.1,18.1,37.2,119.6,518.3,estimado_anual
2002,Vega Baja,61981.0,47.8,18460.0,12.2,18.2,37.4,119.6,518.2,estimado_anual
2003,Vega Baja,61928.0,46.7,18490.0,12.3,18.3,37.6,119.6,517.8,estimado_anual
2004,Vega Baja,61861.0,45.6,18520.0,12.4,18.4,37.8,119.6,517.2,estimado_anual
2005,Vega Baja,61696.0,44.5,18550.0,12.5,18.5,38.0,119.6,515.9,estimado_anual
2006,Vega Baja,61330.0,43.4,18580.0,12.6,18.6,38.2,119.6,512.8,estimado_anual
2007,Vega Baja,60864.0,42.3,18610.0,12.7,18.7,38.4,119.6,508.9,estimado_anual
2008,Vega Baja,60412.0,41.2,18640.0,12.8,18.8,38.6,119.6,505.1,estimado_anual
2009,Vega Baja,59979.0,40.1,18670.0,12.9,18.9,38.8,119.6,501.5,estimado_anual
2010,Vega Baja,59670.0,39.0,18700.0,13.0,19.0,39.0,119.6,498.9,censo_decenal
2011,Vega Baja,59280.0,39.1,18706.5,13.1,19.0,39.1,119.6,495.7,estimado_anual
2012,Vega Baja,58942.0,39.2,18713.0,13.2,19.0,39.2,119.6,492.8,estimado_anual
2013,Vega Baja,58632.0,39.3,18719.5,13.3,19.0,39.3,119.6,490.2,estimado_anual
2014,Vega Baja,58004.0,39.4,18726.0,13.4,19.0,39.4,119.6,485.0,estimado_anual
2015,Vega Baja,57359.0,39.5,18732.5,13.5,19.0,39.5,119.6,479.6,estimado_anual
2016,Vega Baja,56723.0,39.6,18739.0,13.6,19.0,39.6,119.6,474.3,estimado_anual
2017,Vega Baja,55857.0,39.7,18745.5,13.7,19.0,39.7,119.6,467.0,estimado_anual
2018,Vega Baja,54159.0,39.8,18752.0,13.8,19.0,39.8,119.6,452.8,estimado_anual
2019,Vega Baja,54548.0,39.9,18758.5,13.9,19.0,39.9,119.6,456.1,estimado_anual
2020,Vega Baja,54356.0,40.0,18765.0,14.0,19.0,40.0,119.6,454.5,censo_decenal
2021,Vega Baja,54223.0,40.1,18771.5,14.1,19.0,40.1,119.6,453.4,estimado_anual
2022,Vega Baja,53644.0,40.2,18778.0,14.2,19.0,40.2,119.6,448.5,estimado_anual
2023,Vega Baja,53486.0,40.3,18784.5,14.3,19.0,40.3,119.6,447.2,estimado_anual
2024,Vega Baja,53676.0,40.4,18791.0,14.4,19.0,40.4,119.6,448.8,estimado_anual
2025,Vega Baja,53505.0,40.5,18797.5,14.5,19.0,40.5,119.6,447.4,estimado_anual
1950,Vieques,9175.0,,,,,,52.5,174.8,estimado_poblacion
1951,Vieques,8978.0,,,,,,52.5,171.0,estimado_poblacion
1952,Vieques,8773.0,,,,,,52.5,167.1,estimado_poblacion
1953,Vieques,8571.0,,,,,,52.5,163.3,estimado_poblacion
1954,Vieques,8371.0,,,,,,52.5,159.4,estimado_poblacion
1955,Vieques,8170.0,,,,,,52.5,155.6,estimado_poblacion
1956,Vieques,7967.0,,,,,,52.5,151.8,estimado_poblacion
1957,Vieques,7766.0,,,,,,52.5,147.9,estimado_poblacion
1958,Vieques,7562.0,,,,,,52.5,144.0,estimado_poblacion
1959,Vieques,7362.0,,,,,,52.5,140.2,estimado_poblacion
1960,Vieques,7222.0,,,,,,52.5,137.6,estimado_poblacion
1961,Vieques,7280.0,,,,,,52.5,138.7,estimado_poblacion
1962,Vieques,7335.0,,,,,,52.5,139.7,estimado_poblacion
1963,Vieques,7391.0,,,,,,52.5,140.8,estimado_poblacion
1964,Vieques,7450.0,,,,,,52.5,141.9,estimado_poblacion
1965,Vieques,7501.0,,,,,,52.5,142.9,estimado_poblacion
1966,Vieques,7558.0,,,,,,52.5,144.0,estimado_poblacion
1967,Vieques,7611.0,,,,,,52.5,145.0,estimado_poblacion
1968,Vieques,7672.0,,,,,,52.5,146.1,estimado_poblacion
1969,Vieques,7724.0,,,,,,52.5,147.1,estimado_poblacion
1970,Vieques,7765.0,66.0,2100.0,20.0,5.0,30.0,52.5,147.9,censo_decenal
1971,Vieques,7751.0,65.6,2420.0,20.0,5.4,30.4,52.5,147.6,estimado_anual
1972,Vieques,7743.0,65.2,2740.0,20.0,5.8,30.8,52.5,147.5,estimado_anual
1973,Vieques,7736.0,64.8,3060.0,20.0,6.2,31.2,52.5,147.4,estimado_anual
1974,Vieques,7719.0,64.4,3380.0,20.0,6.6,31.6,52.5,147.0,estimado_anual
1975,Vieques,7710.0,64.0,3700.0,20.0,7.0,32.0,52.5,146.9,estimado_anual
1976,Vieques,7702.0,63.6,4020.0,20.0,7.4,32.4,52.5,146.7,estimado_anual
1977,Vieques,7691.0,63.2,4340.0,20.0,7.8,32.8,52.5,146.5,estimado_anual
1978,Vieques,7680.0,62.8,4660.0,20.0,8.2,33.2,52.5,146.3,estimado_anual
1979,Vieques,7669.0,62.4,4980.0,20.0,8.6,33.6,52.5,146.1,estimado_anual
1980,Vieques,7683.0,62.0,5300.0,20.0,9.0,34.0,52.5,146.3,censo_decenal
1981,Vieques,7765.0,61.6,5700.0,19.8,9.4,34.3,52.5,147.9,estimado_anual
1982,Vieques,7854.0,61.2,6100.0,19.6,9.8,34.6,52.5,149.6,estimado_anual
1983,Vieques,7940.0,60.8,6500.0,19.4,10.2,34.9,52.5,151.2,estimado_anual
1984,Vieques,8031.0,60.4,6900.0,19.2,10.6,35.2,52.5,153.0,estimado_anual
1985,Vieques,8124.0,60.0,7300.0,19.0,11.0,35.5,52.5,154.7,estimado_anual
1986,Vieques,8219.0,59.6,7700.0,18.8,11.4,35.8,52.5,156.6,estimado_anual
1987,Vieques,8319.0,59.2,8100.0,18.6,11.8,36.1,52.5,158.5,estimado_anual
1988,Vieques,8419.0,58.8,8500.0,18.4,12.2,36.4,52.5,160.4,estimado_anual
1989,Vieques,8521.0,58.4,8900.0,18.2,12.6,36.7,52.5,162.3,estimado_anual
1990,Vieques,8609.0,58.0,9300.0,18.0,13.0,37.0,52.5,164.0,censo_decenal
1991,Vieques,8647.0,57.8,9860.0,17.9,13.5,37.4,52.5,164.7,estimado_anual
1992,Vieques,8686.0,57.6,10420.0,17.8,14.0,37.8,52.5,165.4,estimado_anual
1993,Vieques,8729.0,57.4,10980.0,17.7,14.5,38.2,52.5,166.3,estimado_anual
1994,Vieques,8775.0,57.2,11540.0,17.6,15.0,38.6,52.5,167.1,estimado_anual
1995,Vieques,8827.0,57.0,12100.0,17.5,15.5,39.0,52.5,168.1,estimado_anual
1996,Vieques,8878.0,56.8,12660.0,17.4,16.0,39.4,52.5,169.1,estimado_anual
1997,Vieques,8933.0,56.6,13220.0,17.3,16.5,39.8,52.5,170.2,estimado_anual
1998,Vieques,8992.0,56.4,13780.0,17.2,17.0,40.2,52.5,171.3,estimado_anual
1999,Vieques,9054.0,56.2,14340.0,17.1,17.5,40.6,52.5,172.5,estimado_anual
2000,Vieques,9119.0,56.0,14900.0,17.0,18.0,41.0,52.5,173.7,censo_decenal
2001,Vieques,9176.0,54.6,14920.0,17.2,18.2,41.2,52.5,174.8,estimado_anual
2002,Vieques,9227.0,53.2,14940.0,17.4,18.4,41.4,52.5,175.8,estimado_anual
2003,Vieques,9270.0,51.8,14960.0,17.6,18.6,41.6,52.5,176.6,estimado_anual
2004,Vieques,9317.0,50.4,14980.0,17.8,18.8,41.8,52.5,177.5,estimado_anual
2005,Vieques,9338.0,49.0,15000.0,18.0,19.0,42.0,52.5,177.9,estimado_anual
2006,Vieques,9331.0,47.6,15020.0,18.2,19.2,42.2,52.5,177.7,estimado_anual
2007,Vieques,9318.0,46.2,15040.0,18.4,19.4,42.4,52.5,177.5,estimado_anual
2008,Vieques,9307.0,44.8,15060.0,18.6,19.6,42.6,52.5,177.3,estimado_anual
2009,Vieques,9305.0,43.4,15080.0,18.8,19.8,42.8,52.5,177.2,estimado_anual
2010,Vieques,9302.0,42.0,15100.0,19.0,20.0,43.0,52.5,177.2,censo_decenal
2011,Vieques,9224.0,42.2,15113.4,19.0,20.0,43.1,52.5,175.7,estimado_anual
2012,Vieques,9193.0,42.4,15126.8,19.0,20.0,43.2,52.5,175.1,estimado_anual
2013,Vieques,9133.0,42.6,15140.2,19.0,20.0,43.3,52.5,174.0,estimado_anual
2014,Vieques,9027.0,42.8,15153.6,19.0,20.0,43.4,52.5,171.9,estimado_anual
2015,Vieques,8900.0,43.0,15167.0,19.0,20.0,43.5,52.5,169.5,estimado_anual
2016,Vieques,8756.0,43.2,15180.4,19.0,20.0,43.6,52.5,166.8,estimado_anual
2017,Vieques,8577.0,43.4,15193.8,19.0,20.0,43.7,52.5,163.4,estimado_anual
2018,Vieques,8264.0,43.6,15207.2,19.0,20.0,43.8,52.5,157.4,estimado_anual
2019,Vieques,8298.0,43.8,15220.6,19.0,20.0,43.9,52.5,158.1,estimado_anual
2020,Vieques,8237.0,44.0,15234.0,19.0,20.0,44.0,52.5,156.9,censo_decenal
2021,Vieques,8166.0,44.2,15247.4,19.0,20.0,44.1,52.5,155.5,estimado_anual
2022,Vieques,8012.0,44.4,15260.8,19.0,20.0,44.2,52.5,152.6,estimado_anual
2023,Vieques,7957.0,44.6,15274.2,19.0,20.0,44.3,52.5,151.6,estimado_anual
2024,Vieques,7925.0,44.8,15287.6,19.0,20.0,44.4,52.5,151.0,estimado_anual
2025,Vieques,7867.0,45.0,15301.0,19.0,20.0,44.5,52.5,149.8,estimado_anual
1950,Villalba,15003.0,,,,,,95.9,156.4,estimado_poblacion
1951,Villalba,15128.0,,,,,,95.9,157.7,estimado_poblacion
1952,Villalba,15259.0,,,,,,95.9,159.1,estimado_poblacion
1953,Villalba,15382.0,,,,,,95.9,160.4,estimado_poblacion
1954,Villalba,15510.0,,,,,,95.9,161.7,estimado_poblacion
1955,Villalba,15638.0,,,,,,95.9,163.1,estimado_poblacion
1956,Villalba,15762.0,,,,,,95.9,164.4,estimado_poblacion
1957,Villalba,15893.0,,,,,,95.9,165.7,estimado_poblacion
1958,Villalba,16018.0,,,,,,95.9,167.0,estimado_poblacion
1959,Villalba,16146.0,,,,,,95.9,168.4,estimado_poblacion
1960,Villalba,16301.0,,,,,,95.9,170.0,estimado_poblacion
1961,Villalba,16549.0,,,,,,95.9,172.6,estimado_poblacion
1962,Villalba,16799.0,,,,,,95.9,175.2,estimado_poblacion
1963,Villalba,17049.0,,,,,,95.9,177.8,estimado_poblacion
1964,Villalba,17299.0,,,,,,95.9,180.4,estimado_poblacion
1965,Villalba,17549.0,,,,,,95.9,183.0,estimado_poblacion
1966,Villalba,17801.0,,,,,,95.9,185.6,estimado_poblacion
1967,Villalba,18047.0,,,,,,95.9,188.2,estimado_poblacion
1968,Villalba,18295.0,,,,,,95.9,190.8,estimado_poblacion
1969,Villalba,18547.0,,,,,,95.9,193.4,estimado_poblacion
1970,Villalba,18781.0,70.0,1800.0,21.0,4.0,29.0,95.9,195.8,censo_decenal
1971,Villalba,18981.0,69.6,2080.0,21.0,4.3,29.4,95.9,197.9,estimado_anual
1972,Villalba,19184.0,69.2,2360.0,21.0,4.6,29.8,95.9,200.0,estimado_anual
1973,Villalba,19383.0,68.8,2640.0,21.0,4.9,30.2,95.9,202.1,estimado_anual
1974,Villalba,19582.0,68.4,2920.0,21.0,5.2,30.6,95.9,204.2,estimado_anual
1975,Villalba,19781.0,68.0,3200.0,21.0,5.5,31.0,95.9,206.3,estimado_anual
1976,Villalba,19981.0,67.6,3480.0,21.0,5.8,31.4,95.9,208.4,estimado_anual
1977,Villalba,20186.0,67.2,3760.0,21.0,6.1,31.8,95.9,210.5,estimado_anual
1978,Villalba,20382.0,66.8,4040.0,21.0,6.4,32.2,95.9,212.5,estimado_anual
1979,Villalba,20582.0,66.4,4320.0,21.0,6.7,32.6,95.9,214.6,estimado_anual
1980,Villalba,20795.0,66.0,4600.0,21.0,7.0,33.0,95.9,216.8,censo_decenal
1981,Villalba,21037.0,65.6,4960.0,20.8,7.3,33.3,95.9,219.4,estimado_anual
1982,Villalba,21292.0,65.2,5320.0,20.6,7.6,33.6,95.9,222.0,estimado_anual
1983,Villalba,21551.0,64.8,5680.0,20.4,7.9,33.9,95.9,224.7,estimado_anual
1984,Villalba,21822.0,64.4,6040.0,20.2,8.2,34.2,95.9,227.5,estimado_anual
1985,Villalba,22102.0,64.0,6400.0,20.0,8.5,34.5,95.9,230.5,estimado_anual
1986,Villalba,22387.0,63.6,6760.0,19.8,8.8,34.8,95.9,233.4,estimado_anual
1987,Villalba,22684.0,63.2,7120.0,19.6,9.1,35.1,95.9,236.5,estimado_anual
1988,Villalba,22994.0,62.8,7480.0,19.4,9.4,35.4,95.9,239.8,estimado_anual
1989,Villalba,23312.0,62.4,7840.0,19.2,9.7,35.7,95.9,243.1,estimado_anual
1990,Villalba,23652.0,62.0,8200.0,19.0,10.0,36.0,95.9,246.6,censo_decenal
1991,Villalba,24026.0,61.7,8730.0,18.8,10.2,36.3,95.9,250.5,estimado_anual
1992,Villalba,24418.0,61.4,9260.0,18.6,10.4,36.6,95.9,254.6,estimado_anual
1993,Villalba,24819.0,61.1,9790.0,18.4,10.6,36.9,95.9,258.8,estimado_anual
1994,Villalba,25233.0,60.8,10320.0,18.2,10.8,37.2,95.9,263.1,estimado_anual
1995,Villalba,25665.0,60.5,10850.0,18.0,11.0,37.5,95.9,267.6,estimado_anual
1996,Villalba,26110.0,60.2,11380.0,17.8,11.2,37.8,95.9,272.3,estimado_anual
1997,Villalba,26565.0,59.9,11910.0,17.6,11.4,38.1,95.9,277.0,estimado_anual
1998,Villalba,27042.0,59.6,12440.0,17.4,11.6,38.4,95.9,282.0,estimado_anual
1999,Villalba,27533.0,59.3,12970.0,17.2,11.8,38.7,95.9,287.1,estimado_anual
2000,Villalba,27900.0,59.0,13500.0,17.0,12.0,39.0,95.9,290.9,censo_decenal
2001,Villalba,27837.0,57.2,13530.0,17.2,12.1,39.2,95.9,290.3,estimado_anual
2002,Villalba,27772.0,55.4,13560.0,17.4,12.2,39.4,95.9,289.6,estimado_anual
2003,Villalba,27671.0,53.6,13590.0,17.6,12.3,39.6,95.9,288.5,estimado_anual
2004,Villalba,27566.0,51.8,13620.0,17.8,12.4,39.8,95.9,287.4,estimado_anual
2005,Villalba,27373.0,50.0,13650.0,18.0,12.5,40.0,95.9,285.4,estimado_anual
2006,Villalba,27132.0,48.2,13680.0,18.2,12.6,40.2,95.9,282.9,estimado_anual
2007,Villalba,26843.0,46.4,13710.0,18.4,12.7,40.4,95.9,279.9,estimado_anual
2008,Villalba,26543.0,44.6,13740.0,18.6,12.8,40.6,95.9,276.8,estimado_anual
2009,Villalba,26276.0,42.8,13770.0,18.8,12.9,40.8,95.9,274.0,estimado_anual
2010,Villalba,26027.0,41.0,13800.0,19.0,13.0,41.0,95.9,271.4,censo_decenal
2011,Villalba,25664.0,41.2,13807.6,19.0,13.0,41.2,95.9,267.6,estimado_anual
2012,Villalba,25348.0,41.4,13815.2,19.0,13.0,41.4,95.9,264.3,estimado_anual
2013,Villalba,25052.0,41.6,13822.8,19.0,13.0,41.6,95.9,261.2,estimado_anual
2014,Villalba,24662.0,41.8,13830.4,19.0,13.0,41.8,95.9,257.2,estimado_anual
2015,Villalba,24159.0,42.0,13838.0,19.0,13.0,42.0,95.9,251.9,estimado_anual
2016,Villalba,23686.0,42.2,13845.6,19.0,13.0,42.2,95.9,247.0,estimado_anual
2017,Villalba,23139.0,42.4,13853.2,19.0,13.0,42.4,95.9,241.3,estimado_anual
2018,Villalba,22217.0,42.6,13860.8,19.0,13.0,42.6,95.9,231.7,estimado_anual
2019,Villalba,22276.0,42.8,13868.4,19.0,13.0,42.8,95.9,232.3,estimado_anual
2020,Villalba,22049.0,43.0,13876.0,19.0,13.0,43.0,95.9,229.9,censo_decenal
2021,Villalba,21842.0,43.2,13883.6,19.0,13.0,43.2,95.9,227.8,estimado_anual
2022,Villalba,21507.0,43.4,13891.2,19.0,13.0,43.4,95.9,224.3,estimado_anual
2023,Villalba,21348.0,43.6,13898.8,19.0,13.0,43.6,95.9,222.6,estimado_anual
2024,Villalba,21298.0,43.8,13906.4,19.0,13.0,43.8,95.9,222.1,estimado_anual
2025,Villalba,21133.0,44.0,13914.0,19.0,13.0,44.0,95.9,220.4,estimado_anual
1950,Yabucoa,28833.0,,,,,,146.8,196.4,estimado_poblacion
1951,Yabucoa,28929.0,,,,,,146.8,197.1,estimado_poblacion
1952,Yabucoa,29027.0,,,,,,146.8,197.7,estimado_poblacion
1953,Yabucoa,29127.0,,,,,,146.8,198.4,estimado_poblacion
1954,Yabucoa,29222.0,,,,,,146.8,199.1,estimado_poblacion
1955,Yabucoa,29320.0,,,,,,146.8,199.7,estimado_poblacion
1956,Yabucoa,29418.0,,,,,,146.8,200.4,estimado_poblacion
1957,Yabucoa,29514.0,,,,,,146.8,201.0,estimado_poblacion
1958,Yabucoa,29612.0,,,,,,146.8,201.7,estimado_poblacion
1959,Yabucoa,29708.0,,,,,,146.8,202.4,estimado_poblacion
1960,Yabucoa,29791.0,,,,,,146.8,202.9,estimado_poblacion
1961,Yabucoa,29828.0,,,,,,146.8,203.2,estimado_poblacion
1962,Yabucoa,29867.0,,,,,,146.8,203.5,estimado_poblacion
1963,Yabucoa,29909.0,,,,,,146.8,203.7,estimado_poblacion
1964,Yabucoa,29945.0,,,,,,146.8,204.0,estimado_poblacion
1965,Yabucoa,29984.0,,,,,,146.8,204.3,estimado_poblacion
1966,Yabucoa,30024.0,,,,,,146.8,204.5,estimado_poblacion
1967,Yabucoa,30060.0,,,,,,146.8,204.8,estimado_poblacion
1968,Yabucoa,30096.0,,,,,,146.8,205.0,estimado_poblacion
1969,Yabucoa,30135.0,,,,,,146.8,205.3,estimado_poblacion
1970,Yabucoa,30197.0,68.0,2000.0,19.0,4.0,28.0,146.8,205.7,censo_decenal
1971,Yabucoa,30323.0,67.5,2300.0,19.0,4.4,28.3,146.8,206.6,estimado_anual
1972,Yabucoa,30448.0,67.0,2600.0,19.0,4.8,28.6,146.8,207.4,estimado_anual
1973,Yabucoa,30573.0,66.5,2900.0,19.0,5.2,28.9,146.8,208.3,estimado_anual
1974,Yabucoa,30699.0,66.0,3200.0,19.0,5.6,29.2,146.8,209.1,estimado_anual
1975,Yabucoa,30826.0,65.5,3500.0,19.0,6.0,29.5,146.8,210.0,estimado_anual
1976,Yabucoa,30953.0,65.0,3800.0,19.0,6.4,29.8,146.8,210.9,estimado_anual
1977,Yabucoa,31075.0,64.5,4100.0,19.0,6.8,30.1,146.8,211.7,estimado_anual
1978,Yabucoa,31203.0,64.0,4400.0,19.0,7.2,30.4,146.8,212.6,estimado_anual
1979,Yabucoa,31328.0,63.5,4700.0,19.0,7.6,30.7,146.8,213.4,estimado_anual
1980,Yabucoa,31525.0,63.0,5000.0,19.0,8.0,31.0,146.8,214.7,censo_decenal
1981,Yabucoa,31951.0,62.6,5390.0,18.8,8.3,31.3,146.8,217.6,estimado_anual
1982,Yabucoa,32392.0,62.2,5780.0,18.6,8.6,31.6,146.8,220.7,estimado_anual
1983,Yabucoa,32849.0,61.8,6170.0,18.4,8.9,31.9,146.8,223.8,estimado_anual
1984,Yabucoa,33327.0,61.4,6560.0,18.2,9.2,32.2,146.8,227.0,estimado_anual
1985,Yabucoa,33824.0,61.0,6950.0,18.0,9.5,32.5,146.8,230.4,estimado_anual
1986,Yabucoa,34341.0,60.6,7340.0,17.8,9.8,32.8,146.8,233.9,estimado_anual
1987,Yabucoa,34882.0,60.2,7730.0,17.6,10.1,33.1,146.8,237.6,estimado_anual
1988,Yabucoa,35444.0,59.8,8120.0,17.4,10.4,33.4,146.8,241.4,estimado_anual
1989,Yabucoa,36030.0,59.4,8510.0,17.2,10.7,33.7,146.8,245.4,estimado_anual
1990,Yabucoa,36533.0,59.0,8900.0,17.0,11.0,34.0,146.8,248.9,censo_decenal
1991,Yabucoa,36749.0,58.6,9490.0,16.9,11.2,34.4,146.8,250.3,estimado_anual
1992,Yabucoa,36975.0,58.2,10080.0,16.8,11.4,34.8,146.8,251.9,estimado_anual
1993,Yabucoa,37218.0,57.8,10670.0,16.7,11.6,35.2,146.8,253.5,estimado_anual
1994,Yabucoa,37475.0,57.4,11260.0,16.6,11.8,35.6,146.8,255.3,estimado_anual
1995,Yabucoa,37745.0,57.0,11850.0,16.5,12.0,36.0,146.8,257.1,estimado_anual
1996,Yabucoa,38031.0,56.6,12440.0,16.4,12.2,36.4,146.8,259.1,estimado_anual
1997,Yabucoa,38333.0,56.2,13030.0,16.3,12.4,36.8,146.8,261.1,estimado_anual
1998,Yabucoa,38652.0,55.8,13620.0,16.2,12.6,37.2,146.8,263.3,estimado_anual
1999,Yabucoa,38986.0,55.4,14210.0,16.1,12.8,37.6,146.8,265.6,estimado_anual
2000,Yabucoa,39135.0,55.0,14800.0,16.0,13.0,38.0,146.8,266.6,censo_decenal
2001,Yabucoa,39188.0,53.5,14820.0,16.2,13.1,38.2,146.8,266.9,estimado_anual
2002,Yabucoa,39228.0,52.0,14840.0,16.4,13.2,38.4,146.8,267.2,estimado_anual
2003,Yabucoa,39219.0,50.5,14860.0,16.6,13.3,38.6,146.8,267.2,estimado_anual
2004,Yabucoa,39194.0,49.0,14880.0,16.8,13.4,38.8,146.8,267.0,estimado_anual
2005,Yabucoa,39108.0,47.5,14900.0,17.0,13.5,39.0,146.8,266.4,estimado_anual
2006,Yabucoa,38909.0,46.0,14920.0,17.2,13.6,39.2,146.8,265.0,estimado_anual
2007,Yabucoa,38633.0,44.5,14940.0,17.4,13.7,39.4,146.8,263.2,estimado_anual
2008,Yabucoa,38374.0,43.0,14960.0,17.6,13.8,39.6,146.8,261.4,estimado_anual
2009,Yabucoa,38124.0,41.5,14980.0,17.8,13.9,39.8,146.8,259.7,estimado_anual
2010,Yabucoa,37842.0,40.0,15000.0,18.0,14.0,40.0,146.8,257.8,censo_decenal
2011,Yabucoa,37169.0,40.2,15012.3,18.0,14.1,40.2,146.8,253.2,estimado_anual
2012,Yabucoa,36487.0,40.4,15024.6,18.0,14.2,40.4,146.8,248.5,estimado_anual
2013,Yabucoa,35859.0,40.6,15036.9,18.0,14.3,40.6,146.8,244.3,estimado_anual
2014,Yabucoa,35055.0,40.8,15049.2,18.0,14.4,40.8,146.8,238.8,estimado_anual
2015,Yabucoa,34246.0,41.0,15061.5,18.0,14.5,41.0,146.8,233.3,estimado_anual
2016,Yabucoa,33375.0,41.2,15073.8,18.0,14.6,41.2,146.8,227.4,estimado_anual
2017,Yabucoa,32375.0,41.4,15086.1,18.0,14.7,41.4,146.8,220.5,estimado_anual
2018,Yabucoa,30952.0,41.6,15098.4,18.0,14.8,41.6,146.8,210.8,estimado_anual
2019,Yabucoa,30807.0,41.8,15110.7,18.0,14.9,41.8,146.8,209.9,estimado_anual
2020,Yabucoa,30311.0,42.0,15123.0,18.0,15.0,42.0,146.8,206.5,censo_decenal
2021,Yabucoa,29897.0,42.2,15135.3,18.0,15.1,42.2,146.8,203.7,estimado_anual
2022,Yabucoa,29207.0,42.4,15147.6,18.0,15.2,42.4,146.8,199.0,estimado_anual
2023,Yabucoa,28771.0,42.6,15159.9,18.0,15.3,42.6,146.8,196.0,estimado_anual
2024,Yabucoa,28442.0,42.8,15172.2,18.0,15.4,42.8,146.8,193.7,estimado_anual
2025,Yabucoa,28058.0,43.0,15184.5,18.0,15.5,43.0,146.8,191.1,estimado_anual
1950,Yauco,33731.0,,,,,,175.6,192.1,estimado_poblacion
1951,Yauco,33842.0,,,,,,175.6,192.7,estimado_poblacion
1952,Yauco,33950.0,,,,,,175.6,193.3,estimado_poblacion
1953,Yauco,34058.0,,,,,,175.6,194.0,estimado_poblacion
1954,Yauco,34164.0,,,,,,175.6,194.6,estimado_poblacion
1955,Yauco,34271.0,,,,,,175.6,195.2,estimado_poblacion
1956,Yauco,34377.0,,,,,,175.6,195.8,estimado_poblacion
1957,Yauco,34483.0,,,,,,175.6,196.4,estimado_poblacion
1958,Yauco,34591.0,,,,,,175.6,197.0,estimado_poblacion
1959,Yauco,34700.0,,,,,,175.6,197.6,estimado_poblacion
1960,Yauco,34790.0,,,,,,175.6,198.1,estimado_poblacion
1961,Yauco,34821.0,,,,,,175.6,198.3,estimado_poblacion
1962,Yauco,34853.0,,,,,,175.6,198.5,estimado_poblacion
1963,Yauco,34886.0,,,,,,175.6,198.7,estimado_poblacion
1964,Yauco,34918.0,,,,,,175.6,198.8,estimado_poblacion
1965,Yauco,34951.0,,,,,,175.6,199.0,estimado_poblacion
1966,Yauco,34983.0,,,,,,175.6,199.2,estimado_poblacion
1967,Yauco,35016.0,,,,,,175.6,199.4,estimado_poblacion
1968,Yauco,35043.0,,,,,,175.6,199.6,estimado_poblacion
1969,Yauco,35079.0,,,,,,175.6,199.8,estimado_poblacion
1970,Yauco,35169.0,70.0,1800.0,21.0,5.0,30.0,175.6,200.3,censo_decenal
1971,Yauco,35433.0,69.6,2080.0,21.0,5.3,30.4,175.6,201.8,estimado_anual
1972,Yauco,35698.0,69.2,2360.0,21.0,5.6,30.8,175.6,203.3,estimado_anual
1973,Yauco,35958.0,68.8,2640.0,21.0,5.9,31.2,175.6,204.8,estimado_anual
1974,Yauco,36227.0,68.4,2920.0,21.0,6.2,31.6,175.6,206.3,estimado_anual
1975,Yauco,36489.0,68.0,3200.0,21.0,6.5,32.0,175.6,207.8,estimado_anual
1976,Yauco,36751.0,67.6,3480.0,21.0,6.8,32.4,175.6,209.3,estimado_anual
1977,Yauco,37018.0,67.2,3760.0,21.0,7.1,32.8,175.6,210.8,estimado_anual
1978,Yauco,37280.0,66.8,4040.0,21.0,7.4,33.2,175.6,212.3,estimado_anual
1979,Yauco,37539.0,66.4,4320.0,21.0,7.7,33.6,175.6,213.8,estimado_anual
1980,Yauco,37830.0,66.0,4600.0,21.0,8.0,34.0,175.6,215.4,censo_decenal
1981,Yauco,38201.0,65.6,4960.0,20.8,8.3,34.4,175.6,217.5,estimado_anual
1982,Yauco,38581.0,65.2,5320.0,20.6,8.6,34.8,175.6,219.7,estimado_anual
1983,Yauco,38981.0,64.8,5680.0,20.4,8.9,35.2,175.6,222.0,estimado_anual
1984,Yauco,39391.0,64.4,6040.0,20.2,9.2,35.6,175.6,224.3,estimado_anual
1985,Yauco,39813.0,64.0,6400.0,20.0,9.5,36.0,175.6,226.7,estimado_anual
1986,Yauco,40258.0,63.6,6760.0,19.8,9.8,36.4,175.6,229.3,estimado_anual
1987,Yauco,40715.0,63.2,7120.0,19.6,10.1,36.8,175.6,231.9,estimado_anual
1988,Yauco,41190.0,62.8,7480.0,19.4,10.4,37.2,175.6,234.6,estimado_anual
1989,Yauco,41679.0,62.4,7840.0,19.2,10.7,37.6,175.6,237.4,estimado_anual
1990,Yauco,42147.0,62.0,8200.0,19.0,11.0,38.0,175.6,240.0,censo_decenal
1991,Yauco,42506.0,61.7,8700.0,19.0,11.5,38.4,175.6,242.1,estimado_anual
1992,Yauco,42881.0,61.4,9200.0,19.0,12.0,38.8,175.6,244.2,estimado_anual
1993,Yauco,43272.0,61.1,9700.0,19.0,12.5,39.2,175.6,246.4,estimado_anual
1994,Yauco,43683.0,60.8,10200.0,19.0,13.0,39.6,175.6,248.8,estimado_anual
1995,Yauco,44107.0,60.5,10700.0,19.0,13.5,40.0,175.6,251.2,estimado_anual
1996,Yauco,44551.0,60.2,11200.0,19.0,14.0,40.4,175.6,253.7,estimado_anual
1997,Yauco,45013.0,59.9,11700.0,19.0,14.5,40.8,175.6,256.3,estimado_anual
1998,Yauco,45494.0,59.6,12200.0,19.0,15.0,41.2,175.6,259.1,estimado_anual
1999,Yauco,45996.0,59.3,12700.0,19.0,15.5,41.6,175.6,261.9,estimado_anual
2000,Yauco,46330.0,59.0,13200.0,19.0,16.0,42.0,175.6,263.8,censo_decenal
2001,Yauco,46091.0,57.4,13220.0,19.1,16.2,42.1,175.6,262.5,estimado_anual
2002,Yauco,45829.0,55.8,13240.0,19.2,16.4,42.2,175.6,261.0,estimado_anual
2003,Yauco,45522.0,54.2,13260.0,19.3,16.6,42.3,175.6,259.2,estimado_anual
2004,Yauco,45184.0,52.6,13280.0,19.4,16.8,42.4,175.6,257.3,estimado_anual
2005,Yauco,44775.0,51.0,13300.0,19.5,17.0,42.5,175.6,255.0,estimado_anual
2006,Yauco,44242.0,49.4,13320.0,19.6,17.2,42.6,175.6,251.9,estimado_anual
2007,Yauco,43640.0,47.8,13340.0,19.7,17.4,42.7,175.6,248.5,estimado_anual
2008,Yauco,43047.0,46.2,13360.0,19.8,17.6,42.8,175.6,245.1,estimado_anual
2009,Yauco,42477.0,44.6,13380.0,19.9,17.8,42.9,175.6,241.9,estimado_anual
2010,Yauco,41866.0,43.0,13400.0,20.0,18.0,43.0,175.6,238.4,censo_decenal
2011,Yauco,41186.0,43.2,13405.6,20.0,18.0,43.2,175.6,234.5,estimado_anual
2012,Yauco,40511.0,43.4,13411.2,20.0,18.0,43.4,175.6,230.7,estimado_anual
2013,Yauco,39872.0,43.6,13416.8,20.0,18.0,43.6,175.6,227.1,estimado_anual
2014,Yauco,39028.0,43.8,13422.4,20.0,18.0,43.8,175.6,222.3,estimado_anual
2015,Yauco,38193.0,44.0,13428.0,20.0,18.0,44.0,175.6,217.5,estimado_anual
2016,Yauco,37375.0,44.2,13433.6,20.0,18.0,44.2,175.6,212.8,estimado_anual
2017,Yauco,36307.0,44.4,13439.2,20.0,18.0,44.4,175.6,206.8,estimado_anual
2018,Yauco,34799.0,44.6,13444.8,20.0,18.0,44.6,175.6,198.2,estimado_anual
2019,Yauco,34604.0,44.8,13450.4,20.0,18.0,44.8,175.6,197.1,estimado_anual
2020,Yauco,34054.0,45.0,13456.0,20.0,18.0,45.0,175.6,193.9,censo_decenal
2021,Yauco,33623.0,45.2,13461.6,20.0,18.0,45.2,175.6,191.5,estimado_anual
2022,Yauco,32926.0,45.4,13467.2,20.0,18.0,45.4,175.6,187.5,estimado_anual
2023,Yauco,32449.0,45.6,13472.8,20.0,18.0,45.6,175.6,184.8,estimado_anual
2024,Yauco,32130.0,45.8,13478.4,20.0,18.0,45.8,175.6,183.0,estimado_anual
2025,Yauco,31608.0,46.0,13484.0,20.0,18.0,46.0,175.6,180.0,estimado_anual
